"ProgramName","ProgramLocationID","Ammonium (NH4)","Chlorophyll a, Corrected for Pheophytin","Colored Dissolved Organic Matter","Light Extinction Coefficient","NO2+3, Filtered","Phosphate, Filtered (PO4)","Salinity","Total Suspended Solids","Water Temperature","pH","Dissolved Oxygen","Dissolved Oxygen Saturation","Specific Conductivity","Total Ammonia (N)","Total Kjeldahl Nitrogen","Total Nitrogen","Total Phosphorus","Turbidity","Chlorophyll a, Uncorrected for Pheophytin","Nitrate (NO3)","Nitrite (NO2)","Nitrogen, inorganic","Nitrogen, organic","Secchi Depth","minDepth","maxDepth","AverageLatitude","AverageLongitude","startDate","endDate","averageSamplingDaysPerYear"
"AOML_SFPSSS","1",187,335,68,51,201,239,271,82,186,21,0,0,0,0,0,0,0,0,0,0,0,0,0,0,"NULL","NULL",25.41024334,-80.31363281,1998-01-19,2025-08-09 12:10:00,9.14530642266656
"AOML_SFPSSS","10",188,345,67,52,204,238,271,82,180,21,0,0,0,0,0,0,0,0,0,0,0,0,0,0,"NULL","NULL",24.93982993,-80.92481167,1998-01-30 13:53:00,2025-08-10 03:31:00,8.61030129021358
"AOML_SFPSSS","11",176,327,67,49,196,230,258,82,171,21,0,0,0,0,0,0,0,0,0,0,0,0,0,0,"NULL","NULL",24.90527468,-80.91956964,1998-01-30 14:27:00,2025-08-10 03:13:00,8.75565428015002
"AOML_SFPSSS","12",230,423,67,51,248,277,314,81,225,21,0,0,0,0,0,0,0,0,0,0,0,0,0,0,"NULL","NULL",24.89959036,-80.94092444,1998-01-30 15:05:00,2025-08-10 02:49:00,8.64669976370834
"AOML_SFPSSS","13",179,326,66,50,191,231,259,82,171,20,0,0,0,0,0,0,0,0,0,0,0,0,0,0,"NULL","NULL",24.89656794,-81.0612795,1998-01-30 18:26:00,2025-08-10 04:46:00,8.68308081680245
"AOML_SFPSSS","14",182,333,66,51,200,237,267,82,180,20,0,0,0,0,0,0,0,0,0,0,0,0,0,0,"NULL","NULL",24.85156851,-81.02603633,1998-01-20,2025-08-10 04:58:00,9.00041111038583
"AOML_SFPSSS","15",179,331,66,51,196,231,257,82,173,20,0,0,0,0,0,0,0,0,0,0,0,0,0,0,"NULL","NULL",24.77961412,-80.98455434,1998-01-30 17:25:00,2025-08-10 05:11:00,8.71935990168146
"AOML_SFPSSS","15.5",85,180,0,0,88,118,129,0,63,0,0,0,0,0,0,0,0,0,0,0,0,0,0,0,"NULL","NULL",24.59217461,-80.99103287,2000-02-21 20:53:00,2025-08-10 05:34:00,4.47660255244882
"AOML_SFPSSS","151",0,0,0,0,0,1,1,0,0,0,0,0,0,0,0,0,0,0,0,0,0,0,0,0,"NULL","NULL",24.59983333,-80.983,1999-08-04 17:01:00,1999-08-04 17:01:00,NA
"AOML_SFPSSS","152",0,0,0,0,0,1,1,0,0,0,0,0,0,0,0,0,0,0,0,0,0,0,0,0,"NULL","NULL",24.54683333,-80.9745,1999-08-04 17:49:00,1999-08-04 17:49:00,NA
"AOML_SFPSSS","153",0,0,0,0,0,1,1,0,0,0,0,0,0,0,0,0,0,0,0,0,0,0,0,0,"NULL","NULL",24.45666667,-80.91266667,1999-08-04 19:12:00,1999-08-04 19:12:00,NA
"AOML_SFPSSS","154",0,0,0,0,0,1,1,0,0,0,0,0,0,0,0,0,0,0,0,0,0,0,0,0,"NULL","NULL",24.3545,-80.85366667,1999-08-04 20:54:00,1999-08-04 20:54:00,NA
"AOML_SFPSSS","155",0,0,0,0,0,1,1,0,0,0,0,0,0,0,0,0,0,0,0,0,0,0,0,0,"NULL","NULL",24.247,-80.78266667,1999-08-04 22:52:00,1999-08-04 22:52:00,NA
"AOML_SFPSSS","15A",0,0,0,0,0,0,1,0,0,0,0,0,0,0,0,0,0,0,0,0,0,0,0,0,"NULL","NULL",24.7883,-80.8617,1998-10-21 12:08:00,1998-10-21 12:08:00,NA
"AOML_SFPSSS","16",209,383,66,51,216,256,281,80,196,20,0,0,0,0,0,0,0,0,0,0,0,0,0,0,"NULL","NULL",24.76750013,-81.0273772,1998-01-30 18:45:00,2025-08-10 07:40:00,8.7556488370077
"AOML_SFPSSS","17",185,335,65,50,204,238,266,81,178,20,0,0,0,0,0,0,0,0,0,0,0,0,0,0,"NULL","NULL",24.77254548,-80.96101078,1998-01-21,2025-08-10 07:22:00,8.92862559952059
"AOML_SFPSSS","18",237,431,65,51,248,279,312,80,229,20,0,0,0,0,0,0,0,0,0,0,0,0,0,0,"NULL","NULL",24.7737974,-80.91780046,1998-01-30 19:53:00,2025-08-10 06:58:00,8.71938459561849
"AOML_SFPSSS","19",182,338,66,50,201,239,266,80,177,21,0,0,0,0,0,0,0,0,0,0,0,0,0,0,"NULL","NULL",24.80966225,-81.00241116,1998-01-21,2025-08-10 09:18:00,9.00114399847964
"AOML_SFPSSS","2",206,371,68,53,219,249,276,81,204,21,0,0,0,0,0,0,0,0,0,0,0,0,0,0,"NULL","NULL",25.41281902,-80.32571507,1998-01-29 13:33:00,2025-08-09 12:29:00,8.75528537137401
"AOML_SFPSSS","20",176,321,64,49,192,229,258,79,170,21,0,0,0,0,0,0,0,0,0,0,0,0,0,0,"NULL","NULL",24.80361644,-80.98709709,1998-01-31 14:30:00,2025-08-10 09:34:00,8.71996343747427
"AOML_SFPSSS","20.5",0,1,0,0,1,1,1,0,0,0,0,0,0,0,0,0,0,0,0,0,0,0,0,0,"NULL","NULL",24.54755,-81.41413333,2009-04-21 05:53:00,2009-04-21 05:53:00,NA
"AOML_SFPSSS","21",123,178,65,48,132,176,191,81,112,21,0,0,0,0,0,0,0,0,0,0,0,0,0,0,"NULL","NULL",24.87484059,-80.88658392,1998-01-31 15:03:00,2019-04-30 09:05:00,8.94441599190591
"AOML_SFPSSS","21.25",1,3,0,0,1,1,1,0,1,0,0,0,0,0,0,0,0,0,0,0,0,0,0,0,"NULL","NULL",24.47530333,-81.39970083,2022-10-09 08:09:00,2022-10-09 08:09:00,NA
"AOML_SFPSSS","21.5",92,205,0,0,92,124,139,0,70,0,0,0,0,0,0,0,0,0,0,0,0,0,0,0,"NULL","NULL",24.48367171,-81.39167879,1999-04-15 17:54:00,2025-08-10 10:47:00,4.48313182578716
"AOML_SFPSSS","21.5/LK",1,1,0,0,1,1,1,0,0,0,0,0,0,0,0,0,0,0,0,0,0,0,0,0,"NULL","NULL",24.5354,-81.4131,2020-12-13 08:27:00,2020-12-13 08:27:00,NA
"AOML_SFPSSS","21.5B",1,1,0,0,1,1,1,0,0,0,0,0,0,0,0,0,0,0,0,0,0,0,0,0,"NULL","NULL",24.4776,-81.3951,2020-01-07 11:37:00,2020-01-07 11:37:00,NA
"AOML_SFPSSS","21/LK",43,40,0,0,44,44,44,0,0,0,0,0,0,0,0,0,0,0,0,0,0,0,0,0,"NULL","NULL",24.53726818,-81.41411363,2015-04-14 13:20:00,2024-03-07 02:48:00,4.94559094305043
"AOML_SFPSSS","21A",0,0,0,0,0,0,1,0,0,0,0,0,0,0,0,0,0,0,0,0,0,0,0,0,"NULL","NULL",24.455,-81.405,1999-10-09 17:11:00,1999-10-09 17:11:00,NA
"AOML_SFPSSS","21B",0,0,0,0,0,1,1,0,0,0,0,0,0,0,0,0,0,0,0,0,0,0,0,0,"NULL","NULL",24.425,-81.4103,1999-10-09 17:51:00,1999-10-09 17:51:00,NA
"AOML_SFPSSS","21LK",118,225,0,0,114,109,120,0,123,0,0,0,0,0,0,0,0,0,0,0,0,0,0,0,"NULL","NULL",24.53692321,-81.41409285,2014-12-02 09:56:00,2025-08-10 10:06:00,5.70702109833736
"AOML_SFPSSS","22",185,335,65,49,196,234,263,81,175,21,0,0,0,0,0,0,0,0,0,0,0,0,0,0,"NULL","NULL",24.75557461,-81.25721525,1998-01-31 19:15:00,2025-08-10 14:57:00,8.86527288982321
"AOML_SFPSSS","22.5",86,186,0,0,84,118,132,0,59,0,0,0,0,0,0,0,0,0,0,0,0,0,0,0,"NULL","NULL",24.39732026,-81.82791733,2000-02-20 21:38:00,2025-08-10 14:35:00,4.63300665868064
"AOML_SFPSSS","22.5A",1,1,0,0,1,1,1,0,0,0,0,0,0,0,0,0,0,0,0,0,0,0,0,0,"NULL","NULL",24.3348,-81.8321,2009-08-25 20:55:00,2009-08-25 20:55:00,NA
"AOML_SFPSSS","23",183,332,65,49,195,233,261,81,172,21,0,0,0,0,0,0,0,0,0,0,0,0,0,0,"NULL","NULL",24.75193512,-81.26681149,1998-01-31 19:53:00,2025-08-10 15:09:00,8.86528881248983
"AOML_SFPSSS","24",189,337,64,48,197,236,263,80,177,21,0,0,0,0,0,0,0,0,0,0,0,0,0,0,"NULL","NULL",24.7833536,-81.28412219,1998-01-31 20:24:00,2025-08-10 15:27:00,8.86529677384458
"AOML_SFPSSS","25",108,151,65,47,115,157,168,81,111,21,0,0,0,0,0,0,0,0,0,0,0,0,0,0,"NULL","NULL",24.83376796,-81.41273229,1998-04-06 21:00:00,2012-08-08 06:07:00,11.5069465263523
"AOML_SFPSSS","25.5",17,27,0,0,9,44,47,0,0,0,0,0,0,0,0,0,0,0,0,0,0,0,0,0,"NULL","NULL",24.28634071,-82.76676448,2000-02-20 16:06:00,2012-08-08 07:19:00,3.77072918562255
"AOML_SFPSSS","26",99,148,64,47,109,149,162,79,110,20,0,0,0,0,0,0,0,0,0,0,0,0,0,0,"NULL","NULL",24.85346052,-81.37914507,1998-04-06 20:10:00,2012-08-03,11.0995751435765
"AOML_SFPSSS","27",97,140,64,44,104,142,156,79,105,20,0,0,0,0,0,0,0,0,0,0,0,0,0,0,"NULL","NULL",24.86979395,-81.4095555,1998-04-06 19:22:00,2012-08-03,10.7504634104193
"AOML_SFPSSS","28",114,162,64,46,117,157,171,80,109,20,0,0,0,0,0,0,0,0,0,0,0,0,0,0,"NULL","NULL",24.90184842,-81.49701108,1998-04-06 18:20:00,2012-08-08 14:01:00,11.8546453206719
"AOML_SFPSSS","28.5",18,42,0,0,9,53,61,0,0,0,0,0,0,0,0,0,0,0,0,0,0,0,0,0,"NULL","NULL",24.89995086,-82.61663462,1998-06-12 14:20:00,2012-08-08 16:56:00,4.30860244338335
"AOML_SFPSSS","28A",0,1,0,0,0,0,1,0,0,0,0,0,0,0,0,0,0,0,0,0,0,0,0,0,"NULL","NULL",24.6433,-82.0783,1998-02-01 16:06:00,1998-02-01 16:06:00,NA
"AOML_SFPSSS","29",110,153,65,44,111,152,166,80,104,21,0,0,0,0,0,0,0,0,0,0,0,0,0,0,"NULL","NULL",25.02244391,-81.43425843,1998-04-06 15:22:00,2012-08-08 18:51:00,11.5052653949149
"AOML_SFPSSS","29.5",18,47,0,0,9,52,60,0,0,0,0,0,0,0,0,0,0,0,0,0,0,0,0,0,"NULL","NULL",25.22671966,-82.34986221,1998-06-12 17:35:00,2012-08-08 20:00:00,4.23797587688523
"AOML_SFPSSS","29A",0,1,0,0,0,0,1,0,0,0,0,0,0,0,0,0,0,0,0,0,0,0,0,0,"NULL","NULL",25.1833,-81.96,1998-02-01 19:18:00,1998-02-01 19:18:00,NA
"AOML_SFPSSS","3",192,347,68,53,204,244,268,80,185,21,0,0,0,0,0,0,0,0,0,0,0,0,0,0,"NULL","NULL",25.40010375,-80.34840647,1998-01-20,2025-08-09 12:50:00,8.9647179137549
"AOML_SFPSSS","30",225,418,65,45,233,265,302,80,226,21,0,0,0,0,0,0,0,0,0,0,0,0,0,0,"NULL","NULL",25.19547909,-81.54414729,1998-04-06 12:09:00,2025-08-16 10:33:00,8.29620803287328
"AOML_SFPSSS","30.5",77,204,0,0,71,113,135,0,58,0,0,0,0,0,0,0,0,0,0,0,0,0,0,0,"NULL","NULL",25.57174166,-82.07506555,1998-06-12 21:10:00,2025-08-16 09:05:00,4.37865966893461
"AOML_SFPSSS","30A",0,1,0,0,0,0,1,0,0,0,0,0,0,0,0,0,0,0,0,0,0,0,0,0,"NULL","NULL",25.3733,-81.91,1998-02-01 22:47:00,1998-02-01 22:47:00,NA
"AOML_SFPSSS","31",235,420,65,46,234,271,310,81,223,21,0,0,0,0,0,0,0,0,0,0,0,0,0,0,"NULL","NULL",25.39761018,-81.43758235,1998-04-05 21:14:00,2025-08-11 21:43:00,8.81131857355699
"AOML_SFPSSS","31A",0,1,0,0,0,0,1,0,0,0,0,0,0,0,0,0,0,0,0,0,0,0,0,0,"NULL","NULL",25.585,-81.86,1998-02-02 00:40:00,1998-02-02 00:40:00,NA
"AOML_SFPSSS","32",185,328,64,45,196,229,262,79,171,21,0,0,0,0,0,0,0,0,0,0,0,0,0,0,"NULL","NULL",25.47343675,-81.41247908,1998-04-05 19:59:00,2025-08-11 22:53:00,8.77466864139531
"AOML_SFPSSS","32A",0,1,0,0,0,0,1,0,0,0,0,0,0,0,0,0,0,0,0,0,0,0,0,0,"NULL","NULL",25.8167,-81.805,1998-02-02 02:41:00,1998-02-02 02:41:00,NA
"AOML_SFPSSS","33",232,432,64,43,246,283,318,79,226,21,0,0,0,0,0,0,0,0,0,0,0,0,0,0,"NULL","NULL",25.50203972,-81.38007241,1998-01-20,2025-08-11 23:25:00,8.92625839039034
"AOML_SFPSSS","33A",0,1,0,0,0,0,1,0,0,0,0,0,0,0,0,0,0,0,0,0,0,0,0,0,"NULL","NULL",25.89,-81.7917,1998-02-02 03:24:00,1998-02-02 03:24:00,NA
"AOML_SFPSSS","34",183,331,62,47,192,228,254,76,167,19,0,0,0,0,0,0,0,0,0,0,0,0,0,0,"NULL","NULL",25.50813887,-81.39525612,1998-04-05 19:05:00,2025-08-11 23:51:00,8.62835698823138
"AOML_SFPSSS","34A",0,1,0,0,0,0,1,0,0,0,0,0,0,0,0,0,0,0,0,0,0,0,0,0,"NULL","NULL",25.95,-81.7733,1998-02-02 04:05:00,1998-02-02 04:05:00,NA
"AOML_SFPSSS","35",87,125,64,45,105,113,127,79,109,21,0,0,0,0,0,0,0,0,0,0,0,0,0,0,"NULL","NULL",25.14906845,-81.01581719,1998-04-05 14:29:00,2012-08-03,8.79381100891696
"AOML_SFPSSS","35A",0,1,0,0,0,0,1,0,0,0,0,0,0,0,0,0,0,0,0,0,0,0,0,0,"NULL","NULL",25.7333,-81.565,1998-02-02 15:26:00,1998-02-02 15:26:00,NA
"AOML_SFPSSS","36",95,134,65,46,114,122,140,80,121,21,0,0,0,0,0,0,0,0,0,0,0,0,0,0,"NULL","NULL",25.1273833,-80.94328992,1998-01-21,2012-08-03,9.42713828183873
"AOML_SFPSSS","37",85,120,64,46,99,107,122,80,103,21,0,0,0,0,0,0,0,0,0,0,0,0,0,0,"NULL","NULL",25.12712937,-80.95046505,1998-04-05 16:01:00,2012-08-03,8.44495334991419
"AOML_SFPSSS","38",90,120,64,46,104,111,128,79,109,21,0,0,0,0,0,0,0,0,0,0,0,0,0,0,"NULL","NULL",25.15951184,-80.89945072,1998-04-05 16:36:00,2012-08-03,8.86375253384968
"AOML_SFPSSS","38.5",0,7,0,0,0,7,8,0,0,0,0,0,0,0,0,0,0,0,0,0,0,0,0,0,"NULL","NULL",26.12444041,-82.1671775,2000-02-18 16:01:00,2001-04-09 13:39:00,7.02570387611914
"AOML_SFPSSS","39",173,293,64,44,184,213,237,78,160,21,0,0,0,0,0,0,0,0,0,0,0,0,0,0,"NULL","NULL",25.40517794,-81.07608039,1998-02-05 16:30:00,2025-08-11 18:21:00,8.25068305402009
"AOML_SFPSSS","4",168,290,68,51,178,219,242,80,160,21,0,0,0,0,0,0,0,0,0,0,0,0,0,0,"NULL","NULL",25.12019077,-80.5297439,1998-01-29 14:15:00,2025-08-09 17:42:00,8.28285352494587
"AOML_SFPSSS","40",177,298,64,44,184,215,242,77,159,21,0,0,0,0,0,0,0,0,0,0,0,0,0,0,"NULL","NULL",25.41633485,-81.09621292,1998-02-05 15:59:00,2025-08-11 18:40:00,8.3233475374171
"AOML_SFPSSS","41",111,239,0,0,100,142,156,0,73,0,0,0,0,0,0,0,0,0,0,0,0,0,0,0,"NULL","NULL",25.73321678,-81.57556261,1998-04-03 23:18:00,2025-08-11 19:03:00,4.71558096985556
"AOML_SFPSSS","42",96,214,0,0,84,123,144,0,63,0,0,0,0,0,0,0,0,0,0,0,0,0,0,0,"NULL","NULL",25.6333491,-81.69094007,1998-04-04 12:22:00,2025-08-11 20:13:00,4.64270157638802
"AOML_SFPSSS","43",2,23,0,0,2,18,24,0,3,0,0,0,0,0,0,0,0,0,0,0,0,0,0,0,"NULL","NULL",25.52279333,-81.71763012,1998-04-04 13:33:00,2002-12-08 23:59:00,4.70067671818088
"AOML_SFPSSS","44",2,19,0,0,0,15,22,0,0,0,0,0,0,0,0,0,0,0,0,0,0,0,0,0,"NULL","NULL",25.58327196,-81.66465997,1998-06-14 21:07:00,2006-08-07 20:35:00,2.70012096864523
"AOML_SFPSSS","45",133,274,0,0,121,154,168,0,92,0,0,0,0,0,0,0,0,0,0,0,0,0,0,0,"NULL","NULL",25.57359788,-81.46402745,1998-04-03 17:43:00,2025-08-11 17:00:00,4.86172890078332
"AOML_SFPSSS","46",98,225,0,0,92,128,152,0,64,0,0,0,0,0,0,0,0,0,0,0,0,0,0,0,"NULL","NULL",25.56450627,-81.38777178,1998-02-05 18:05:00,2025-08-11 16:34:00,5.01590376925585
"AOML_SFPSSS","47",111,241,0,0,103,139,163,0,75,0,0,0,0,0,0,0,0,0,0,0,0,0,0,0,"NULL","NULL",25.57566805,-81.35486594,1998-02-05 18:29:00,2025-08-11 16:10:00,4.97957315823776
"AOML_SFPSSS","48",96,217,0,0,91,125,149,0,60,0,0,0,0,0,0,0,0,0,0,0,0,0,0,0,"NULL","NULL",25.57961826,-81.32652353,1998-02-05 18:47:00,2025-08-11 15:33:00,4.90689730999202
"AOML_SFPSSS","49",94,218,0,0,85,126,150,0,61,0,0,0,0,0,0,0,0,0,0,0,0,0,0,0,"NULL","NULL",25.57212888,-81.28740459,1998-02-05 19:09:00,2025-08-11 15:34:00,4.7978621104058
"AOML_SFPSSS","49.5",0,1,0,0,0,0,1,0,0,0,0,0,0,0,0,0,0,0,0,0,0,0,0,0,"NULL","NULL",25.45328333,-81.58461667,2009-12-14 19:16:00,2009-12-14 19:16:00,NA
"AOML_SFPSSS","5",167,284,67,53,183,217,242,81,161,21,0,0,0,0,0,0,0,0,0,0,0,0,0,0,"NULL","NULL",25.10463037,-80.5385517,1998-01-29 14:45:00,2025-08-09 17:55:00,8.31919159825804
"AOML_SFPSSS","5.5",75,173,0,0,71,105,116,0,49,0,0,0,0,0,0,0,0,0,0,0,0,0,0,0,"NULL","NULL",25.07906808,-80.33287257,2000-06-12 12:02:00,2025-08-09 20:16:00,4.21319562953887
"AOML_SFPSSS","50",95,216,0,0,85,124,142,0,59,0,0,0,0,0,0,0,0,0,0,0,0,0,0,0,"NULL","NULL",25.45100033,-81.34612483,1998-01-20,2025-08-11 14:36:00,4.78987443216298
"AOML_SFPSSS","51",109,243,0,0,103,134,155,0,74,0,0,0,0,0,0,0,0,0,0,0,0,0,0,0,"NULL","NULL",25.45328598,-81.30809289,1998-02-05 20:53:00,2025-08-11 14:16:00,4.87061825081031
"AOML_SFPSSS","52",94,213,0,0,86,123,144,0,58,0,0,0,0,0,0,0,0,0,0,0,0,0,0,0,"NULL","NULL",25.45332224,-81.26063956,1998-02-05 21:15:00,2025-08-11 13:55:00,4.79793671372456
"AOML_SFPSSS","53",93,208,0,0,88,121,140,0,55,0,0,0,0,0,0,0,0,0,0,0,0,0,0,0,"NULL","NULL",25.45301792,-81.22718918,1998-02-05 21:43:00,2025-08-11 13:38:00,4.65255916088894
"AOML_SFPSSS","54",107,243,0,0,96,137,156,0,73,0,0,0,0,0,0,0,0,0,0,0,0,0,0,0,"NULL","NULL",25.3427452,-81.15488467,1998-02-06 00:37:00,2025-08-11 10:18:00,5.23426434312637
"AOML_SFPSSS","54b",13,12,0,0,13,13,13,0,0,0,0,0,0,0,0,0,0,0,0,0,0,0,0,0,"NULL","NULL",25.34290769,-81.1532,2015-04-16 16:34:00,2017-03-30 18:43:00,6.64937580777389
"AOML_SFPSSS","55",112,252,0,0,104,141,162,0,75,0,0,0,0,0,0,0,0,0,0,0,0,0,0,0,"NULL","NULL",25.34983919,-81.19608123,1998-02-06 00:06:00,2025-08-11 11:00:00,5.37963343449594
"AOML_SFPSSS","55b",14,14,0,0,14,14,14,0,0,0,0,0,0,0,0,0,0,0,0,0,0,0,0,0,"NULL","NULL",25.3504,-81.20710714,2015-04-16 15:45:00,2017-08-03 23:15:00,6.08523614726664
"AOML_SFPSSS","56",116,261,0,0,108,145,167,0,78,0,0,0,0,0,0,0,0,0,0,0,0,0,0,0,"NULL","NULL",25.3499051,-81.22769242,1998-02-05 23:43:00,2025-08-11 11:20:00,5.48866374744062
"AOML_SFPSSS","56b",15,15,0,0,15,15,15,0,0,0,0,0,0,0,0,0,0,0,0,0,0,0,0,0,"NULL","NULL",25.35019333,-81.22728666,2015-04-16 15:19:00,2017-08-03 23:07:00,6.51979888733526
"AOML_SFPSSS","57",120,269,0,0,110,150,170,0,83,0,0,0,0,0,0,0,0,0,0,0,0,0,0,0,"NULL","NULL",25.35134894,-81.26490326,1998-02-05 23:15:00,2025-08-11 11:52:00,5.48864098844793
"AOML_SFPSSS","57.1",106,233,0,0,110,102,114,0,107,0,0,0,0,0,0,0,0,0,0,0,0,0,0,0,"NULL","NULL",25.37638137,-81.35822203,2014-12-03 17:49:00,2025-08-11 12:29:00,7.01724113394433
"AOML_SFPSSS","57.1b",15,15,0,0,15,15,15,0,0,0,0,0,0,0,0,0,0,0,0,0,0,0,0,0,"NULL","NULL",25.35238666,-81.33581333,2015-04-16 14:08:00,2017-08-03 21:59:00,6.51978272349308
"AOML_SFPSSS","57.2",121,255,0,0,124,114,121,0,119,0,0,0,0,0,0,0,0,0,0,0,0,0,0,0,"NULL","NULL",25.35155241,-81.48657878,2014-12-03 19:06:00,2025-08-11 07:52:00,6.83054484489296
"AOML_SFPSSS","57.2b",15,15,0,0,15,15,15,0,0,0,0,0,0,0,0,0,0,0,0,0,0,0,0,0,"NULL","NULL",25.35178,-81.48938,2015-04-16 12:45:00,2017-08-03 20:30:00,6.51981505125758
"AOML_SFPSSS","57.3",127,273,0,0,126,120,130,0,126,0,0,0,0,0,0,0,0,0,0,0,0,0,0,0,"NULL","NULL",25.350995,-81.65291859,2014-12-03 20:21:00,2025-08-11 06:44:00,6.55000415410724
"AOML_SFPSSS","57.3b",12,12,0,0,12,12,13,0,0,0,0,0,0,0,0,0,0,0,0,0,0,0,0,0,"NULL","NULL",25.35227142,-81.65445,2015-04-16 11:46:00,2017-08-03 16:53:00,5.65124426918763
"AOML_SFPSSS","57b",15,15,0,0,15,15,15,0,0,0,0,0,0,0,0,0,0,0,0,0,0,0,0,0,"NULL","NULL",25.35177333,-81.2642,2015-04-16 14:50:00,2017-08-03 22:45:00,6.51976117182819
"AOML_SFPSSS","58",135,287,0,0,116,156,179,0,101,0,0,0,0,0,0,0,0,0,0,0,0,0,0,0,"NULL","NULL",25.1683416,-81.650029,1998-04-02 15:36:00,2025-08-11 05:14:00,4.67867716687777
"AOML_SFPSSS","59",97,218,0,0,87,122,148,0,62,0,0,0,0,0,0,0,0,0,0,0,0,0,0,0,"NULL","NULL",25.16661818,-81.4885027,1998-04-02 14:24:00,2025-08-11 04:12:00,4.67867391538217
"AOML_SFPSSS","6",170,310,65,50,191,228,254,78,168,20,0,0,0,0,0,0,0,0,0,0,0,0,0,0,"NULL","NULL",25.06734913,-80.53612663,1998-01-20,2025-08-09 20:28:00,8.49262224788552
"AOML_SFPSSS","6.5",81,173,0,0,79,109,123,0,55,0,0,0,0,0,0,0,0,0,0,0,0,0,0,0,"NULL","NULL",25.04901412,-80.2875793,2000-06-12 13:10:00,2025-08-09 20:41:00,4.29270383600032
"AOML_SFPSSS","6.6",1,0,0,0,1,1,1,0,0,0,0,0,0,0,0,0,0,0,0,0,0,0,0,0,"NULL","NULL",25.052945,-80.29005333,2023-03-02 16:38:00,2023-03-02 16:38:00,NA
"AOML_SFPSSS","6.75",2,1,0,0,2,2,2,0,0,0,0,0,0,0,0,0,0,0,0,0,0,0,0,0,"NULL","NULL",24.9953,-80.22923333,2009-04-23 20:05:00,2010-12-02 19:40:00,1.24238362102056
"AOML_SFPSSS","60",129,277,0,0,115,157,182,0,89,0,0,0,0,0,0,0,0,0,0,0,0,0,0,0,"NULL","NULL",25.16656079,-81.33596177,1998-02-06 13:12:00,2025-08-11 03:08:00,4.90752472471952
"AOML_SFPSSS","61",98,220,0,0,86,127,150,0,60,0,0,0,0,0,0,0,0,0,0,0,0,0,0,0,"NULL","NULL",25.16667625,-81.27514679,1998-02-06 13:48:00,2025-08-11 02:42:00,4.90754575437016
"AOML_SFPSSS","62",97,212,0,0,85,124,153,0,60,0,0,0,0,0,0,0,0,0,0,0,0,0,0,0,"NULL","NULL",25.16666422,-81.23511485,1998-02-06 14:09:00,2025-08-11 02:28:00,4.87120534731542
"AOML_SFPSSS","63",96,215,0,0,86,125,146,0,58,0,0,0,0,0,0,0,0,0,0,0,0,0,0,0,"NULL","NULL",25.16658946,-81.20025699,1998-02-06 14:30:00,2025-08-11 02:15:00,4.83486443027332
"AOML_SFPSSS","64",90,196,0,0,77,118,137,0,52,0,0,0,0,0,0,0,0,0,0,0,0,0,0,0,"NULL","NULL",25.16604979,-81.158622,1998-02-06 14:58:00,2025-08-11 01:53:00,4.54406122058965
"AOML_SFPSSS","65",94,207,0,0,81,121,138,0,55,0,0,0,0,0,0,0,0,0,0,0,0,0,0,0,"NULL","NULL",25.09945463,-81.09485389,1998-02-06 15:53:00,2025-08-11 00:59:00,4.68950650895279
"AOML_SFPSSS","66",95,208,0,0,82,122,143,0,56,0,0,0,0,0,0,0,0,0,0,0,0,0,0,0,"NULL","NULL",25.0682088,-81.10869789,1998-02-06 16:17:00,2025-08-11 00:42:00,4.72587266474682
"AOML_SFPSSS","67",96,211,0,0,83,122,143,0,57,0,0,0,0,0,0,0,0,0,0,0,0,0,0,0,"NULL","NULL",25.03012778,-81.1265941,1998-02-06 16:50:00,2025-08-11 00:25:00,4.76224198903314
"AOML_SFPSSS","68",99,219,0,0,89,128,148,0,61,0,0,0,0,0,0,0,0,0,0,0,0,0,0,0,"NULL","NULL",24.92998808,-81.16670994,1998-04-01 21:16:00,2025-08-10 23:02:00,4.86119205066064
"AOML_SFPSSS","69",84,180,0,0,75,111,128,0,46,0,0,0,0,0,0,0,0,0,0,0,0,0,0,0,"NULL","NULL",24.9299492,-81.09504229,1998-02-06 17:43:00,2025-08-10 22:21:00,4.39876587974613
"AOML_SFPSSS","6C",1,1,0,0,1,1,1,0,0,0,0,0,0,0,0,0,0,0,0,0,0,0,0,0,"NULL","NULL",25.0668,-80.3162,2009-08-24 21:32:00,2009-08-24 21:32:00,NA
"AOML_SFPSSS","7",189,357,67,51,213,246,284,82,191,21,0,0,0,0,0,0,0,0,0,0,0,0,0,0,"NULL","NULL",24.96682948,-80.77412533,1998-01-19,2025-08-10 00:25:00,9.10855358821551
"AOML_SFPSSS","70",83,181,0,0,73,109,126,0,46,0,0,0,0,0,0,0,0,0,0,0,0,0,0,0,"NULL","NULL",24.92990399,-81.02704064,1998-02-06 18:34:00,2025-08-10 21:54:00,4.36243596159216
"AOML_SFPSSS","71",39,71,0,0,20,65,75,0,1,0,0,0,0,0,0,0,0,0,0,0,0,0,0,0,"NULL","NULL",24.92991955,-80.96461928,1998-02-06 19:08:00,2014-12-04 07:38:00,4.45824023435513
"AOML_SFPSSS","7MB",1,1,0,0,0,1,1,0,0,0,0,0,0,0,0,0,0,0,0,0,0,0,0,0,"NULL","NULL",24.7023,-81.1704,2007-10-18 22:42:00,2007-10-18 22:42:00,NA
"AOML_SFPSSS","8",179,334,67,52,198,229,261,82,173,21,0,0,0,0,0,0,0,0,0,0,0,0,0,0,"NULL","NULL",24.95059531,-80.79946713,1998-01-30 12:07:00,2025-08-10 00:42:00,8.75566093288872
"AOML_SFPSSS","8b",1,1,0,0,1,1,1,0,0,0,0,0,0,0,0,0,0,0,0,0,0,0,0,0,"NULL","NULL",24.7742,-80.7323,2014-12-02 03:20:00,2014-12-02 03:20:00,NA
"AOML_SFPSSS","9",242,455,67,51,257,296,333,82,243,21,0,0,0,0,0,0,0,0,0,0,0,0,0,0,"NULL","NULL",24.93791407,-80.81165888,1998-01-20,2025-08-10 00:58:00,9.00056016270249
"AOML_SFPSSS","9.5",166,348,0,0,174,204,228,0,153,0,0,0,0,0,0,0,0,0,0,0,0,0,0,0,"NULL","NULL",24.71692968,-80.6899276,2000-04-19 17:09:00,2025-08-10 01:33:00,4.50469797205559
"AOML_SFPSSS","9.6",1,11,0,0,5,5,5,0,5,0,0,0,0,0,0,0,0,0,0,0,0,0,0,0,"NULL","NULL",24.66344833,-80.65755333,2015-07-28 02:54:00,2015-07-28 02:54:00,NA
"AOML_SFPSSS","9.7",1,11,0,0,5,5,5,0,5,0,0,0,0,0,0,0,0,0,0,0,0,0,0,0,"NULL","NULL",24.58296667,-80.61034833,2015-07-28 04:02:00,2015-07-28 04:02:00,NA
"AOML_SFPSSS","9.8",3,9,0,0,4,4,4,0,4,0,0,0,0,0,0,0,0,0,0,0,0,0,0,0,"NULL","NULL",24.46650167,-80.52596333,2015-07-28 05:24:00,2015-07-28 05:24:00,NA
"AOML_SFPSSS","99",0,1,0,0,0,0,1,0,0,0,0,0,0,0,0,0,0,0,0,0,0,0,0,0,"NULL","NULL",24.44466667,-82.37033333,1999-06-10 16:00:00,1999-06-10 16:00:00,NA
"AOML_SFPSSS","9B",1,1,0,0,1,1,1,0,0,0,0,0,0,0,0,0,0,0,0,0,0,0,0,0,"NULL","NULL",24.7602,-80.7189,2018-12-19 01:05:00,2018-12-19 01:05:00,NA
"AOML_SFPSSS","AC1",1,2,0,0,1,1,1,0,1,0,0,0,0,0,0,0,0,0,0,0,0,0,0,0,"NULL","NULL",28.2402,-82.8976,2024-11-13 21:14:00,2024-11-13 21:14:00,NA
"AOML_SFPSSS","AC2",2,4,0,0,2,2,2,0,2,0,0,0,0,0,0,0,0,0,0,0,0,0,0,0,"NULL","NULL",28.238,-82.9536,2024-11-13 21:47:00,2024-11-13 21:47:00,NA
"AOML_SFPSSS","AC3",2,4,0,0,2,1,1,0,2,0,0,0,0,0,0,0,0,0,0,0,0,0,0,0,"NULL","NULL",28.2387,-83.0638,2024-11-13 22:40:00,2024-11-13 22:40:00,NA
"AOML_SFPSSS","AC4",2,4,0,0,2,2,2,0,2,0,0,0,0,0,0,0,0,0,0,0,0,0,0,0,"NULL","NULL",28.2392,-83.231,2024-11-13 23:48:00,2024-11-13 23:48:00,NA
"AOML_SFPSSS","AC5",2,4,0,0,2,1,2,0,2,0,0,0,0,0,0,0,0,0,0,0,0,0,0,0,"NULL","NULL",28.2437,-83.3956,2024-11-14 01:12:00,2024-11-14 01:12:00,NA
"AOML_SFPSSS","AC6",2,4,0,0,2,2,2,0,2,0,0,0,0,0,0,0,0,0,0,0,0,0,0,0,"NULL","NULL",28.2384,-83.5726,2024-11-14 02:24:00,2024-11-14 02:24:00,NA
"AOML_SFPSSS","AMI1",55,81,0,0,52,53,56,0,56,0,0,0,0,0,0,0,0,0,0,0,0,0,0,0,"NULL","NULL",27.49675,-82.75112272,2020-10-10 01:35:00,2025-08-14 15:07:00,6.19220366600057
"AOML_SFPSSS","AMI2",60,92,0,0,56,56,60,0,61,0,0,0,0,0,0,0,0,0,0,0,0,0,0,0,"NULL","NULL",27.45842272,-82.8448409,2020-10-10 02:27:00,2025-08-14 15:50:00,6.19222553659244
"AOML_SFPSSS","AMI3",62,96,0,0,57,56,61,0,61,0,0,0,0,0,0,0,0,0,0,0,0,0,0,0,"NULL","NULL",27.42048181,-82.93871818,2020-10-10 03:17:00,2025-08-14 16:48:00,6.1922060960587
"AOML_SFPSSS","AMI4",59,90,0,0,53,56,59,0,59,0,0,0,0,0,0,0,0,0,0,0,0,0,0,0,"NULL","NULL",27.38183181,-83.0328909,2020-10-10 04:12:00,2025-08-14 17:41:00,6.19221095618069
"AOML_SFPSSS","AMI5",60,92,0,0,56,51,59,0,60,0,0,0,0,0,0,0,0,0,0,0,0,0,0,0,"NULL","NULL",27.34210454,-83.1274909,2020-10-10 05:00:00,2025-08-14 18:35:00,6.19219637583761
"AOML_SFPSSS","AMI6",60,94,0,0,60,56,60,0,60,0,0,0,0,0,0,0,0,0,0,0,0,0,0,0,"NULL","NULL",27.30485,-83.22164545,2020-10-10 05:50:00,2025-08-14 19:24:00,6.19219880589002
"AOML_SFPSSS","AMI7",60,96,0,0,60,58,63,0,61,0,0,0,0,0,0,0,0,0,0,0,0,0,0,0,"NULL","NULL",27.26513181,-83.31626363,2020-10-10 06:38:00,2025-08-14 20:17:00,6.19218665564703
"AOML_SFPSSS","AMI8",61,98,0,0,59,60,61,0,62,0,0,0,0,0,0,0,0,0,0,0,0,0,0,0,"NULL","NULL",27.22803181,-83.4100409,2020-10-10 07:27:00,2025-08-14 21:02:00,6.19219637583761
"AOML_SFPSSS","AMI9",62,98,0,0,61,57,62,0,63,0,0,0,0,0,0,0,0,0,0,0,0,0,0,0,"NULL","NULL",27.18893181,-83.50279545,2020-10-10 08:17:00,2025-08-14 21:56:00,6.19218665564703
"AOML_SFPSSS","B1",66,69,53,35,68,64,69,64,69,0,0,0,0,0,0,0,0,0,0,0,0,0,0,0,"NULL","NULL",25.73919043,-80.18311144,2002-09-10,2012-08-01,6.97543592582341
"AOML_SFPSSS","B10",68,70,53,39,70,66,71,67,71,0,0,0,0,0,0,0,0,0,0,0,0,0,0,0,"NULL","NULL",25.29705323,-80.36150929,2002-07-16,2012-08-01,7.06807031888798
"AOML_SFPSSS","B11",67,69,52,38,69,65,70,64,70,0,0,0,0,0,0,0,0,0,0,0,0,0,0,0,"NULL","NULL",25.23872357,-80.37594514,2002-07-16,2012-08-01,6.96852003270646
"AOML_SFPSSS","B12",66,69,52,37,68,65,70,65,70,0,0,0,0,0,0,0,0,0,0,0,0,0,0,0,"NULL","NULL",25.255717,-80.42246314,2002-07-16,2012-08-01,6.96852003270646
"AOML_SFPSSS","B13",67,68,52,35,69,65,70,62,70,0,0,0,0,0,0,0,0,0,0,0,0,0,0,0,"NULL","NULL",25.17489828,-80.42324057,2002-07-16,2012-08-01,6.96852003270646
"AOML_SFPSSS","B14",66,69,52,37,68,64,70,64,70,0,0,0,0,0,0,0,0,0,0,0,0,0,0,0,"NULL","NULL",25.46780457,-80.21336414,2002-07-18,2012-08-01,6.97232069811835
"AOML_SFPSSS","B15",67,69,52,37,69,65,70,65,70,0,0,0,0,0,0,0,0,0,0,0,0,0,0,0,"NULL","NULL",25.58022828,-80.19835642,2002-07-18,2012-08-01,6.97232069811835
"AOML_SFPSSS","B16",66,69,52,37,69,65,70,65,70,0,0,0,0,0,0,0,0,0,0,0,0,0,0,0,"NULL","NULL",25.66212814,-80.18717828,2002-07-18,2012-08-01,6.97232069811835
"AOML_SFPSSS","B17",39,40,35,13,40,37,41,39,41,0,0,0,0,0,0,0,0,0,0,0,0,0,0,0,"NULL","NULL",25.61504536,-80.29133487,2005-04-05,2012-08-01,5.59822429906542
"AOML_SFPSSS","B2",68,68,53,37,70,66,71,66,71,0,0,0,0,0,0,0,0,0,0,0,0,0,0,0,"NULL","NULL",25.69037718,-80.24794338,2002-07-16,2012-08-01,7.06807031888798
"AOML_SFPSSS","B3",68,70,52,37,70,66,71,68,71,0,0,0,0,0,0,0,0,0,0,0,0,0,0,0,"NULL","NULL",25.65427774,-80.26367985,2002-07-16,2012-08-01,7.06807031888798
"AOML_SFPSSS","B4",66,68,51,38,68,64,69,66,69,0,0,0,0,0,0,0,0,0,0,0,0,0,0,0,"NULL","NULL",25.59146072,-80.26371637,2002-07-16,2012-08-01,6.86896974652494
"AOML_SFPSSS","B5",67,70,53,37,67,65,71,68,71,0,0,0,0,0,0,0,0,0,0,0,0,0,0,0,"NULL","NULL",25.53002746,-80.31391197,2002-07-16,2012-08-01,7.06807031888798
"AOML_SFPSSS","B6",67,68,52,37,69,65,70,67,70,0,0,0,0,0,0,0,0,0,0,0,0,0,0,0,"NULL","NULL",25.49236671,-80.25184285,2002-07-16,2012-08-01,6.96852003270646
"AOML_SFPSSS","B7",69,70,53,38,69,67,72,67,72,0,0,0,0,0,0,0,0,0,0,0,0,0,0,0,"NULL","NULL",25.46320819,-80.32531125,2002-07-16,2012-08-01,7.1676206050695
"AOML_SFPSSS","B8",68,70,52,39,70,66,71,68,71,0,0,0,0,0,0,0,0,0,0,0,0,0,0,0,"NULL","NULL",25.40511845,-80.24346985,2002-07-16,2012-08-01,7.06807031888798
"AOML_SFPSSS","B9",67,68,52,38,68,64,69,66,69,0,0,0,0,0,0,0,0,0,0,0,0,0,0,0,"NULL","NULL",25.33333275,-80.32137,2002-07-16,2012-08-01,6.86896974652494
"AOML_SFPSSS","BG1",55,87,0,0,54,55,54,0,55,0,0,0,0,0,0,0,0,0,0,0,0,0,0,0,"NULL","NULL",26.713645,-82.25799,2020-12-10 19:31:00,2025-08-12 11:09:00,5.99594973898046
"AOML_SFPSSS","BG10",14,21,0,0,11,11,14,0,14,0,0,0,0,0,0,0,0,0,0,0,0,0,0,0,"NULL","NULL",26.3591,-83.5071,2024-07-26 09:30:00,2025-08-12 21:49:00,1.90973804462083
"AOML_SFPSSS","BG11",16,24,0,0,12,14,17,0,18,0,0,0,0,0,0,0,0,0,0,0,0,0,0,0,"NULL","NULL",26.3175,-83.6534,2024-07-26 10:31:00,2025-08-12 23:17:00,1.90964443782836
"AOML_SFPSSS","BG12",20,30,0,0,16,17,20,0,20,0,0,0,0,0,0,0,0,0,0,0,0,0,0,0,"NULL","NULL",26.2722,-83.8078,2024-07-26 11:38:00,2025-08-13 00:26:00,1.90963750435692
"AOML_SFPSSS","BG13",21,33,0,0,17,16,25,0,25,0,0,0,0,0,0,0,0,0,0,0,0,0,0,0,"NULL","NULL",26.2271,-83.9622,2024-07-26 12:47:00,2025-08-13 02:05:00,1.90953350832671
"AOML_SFPSSS","BG14",16,24,0,0,17,16,18,0,18,0,0,0,0,0,0,0,0,0,0,0,0,0,0,0,"NULL","NULL",26.1826,-84.1152,2024-07-26 14:21:00,2025-08-13 03:15:00,1.90961670424468
"AOML_SFPSSS","BG15",20,25,0,0,19,17,25,0,25,0,0,0,0,0,0,0,0,0,0,0,0,0,0,0,"NULL","NULL",26.1372,-84.26325,2024-07-26 15:42:00,2025-08-13 05:08:00,1.90950577796495
"AOML_SFPSSS","BG16",21,32,0,0,21,22,22,0,22,0,0,0,0,0,0,0,0,0,0,0,0,0,0,0,"NULL","NULL",26.0932,-84.419,2024-07-26 17:23:00,2025-08-13 06:16:00,1.90962017089859
"AOML_SFPSSS","BG17",22,32,0,0,21,19,29,0,29,0,0,0,0,0,0,0,0,0,0,0,0,0,0,0,"NULL","NULL",26.0456,-84.5739,2024-07-26 18:41:00,2025-08-13 08:11:00,1.9094919130861
"AOML_SFPSSS","BG18",20,27,0,0,17,17,20,0,20,0,0,0,0,0,0,0,0,0,0,0,0,0,0,0,"NULL","NULL",26.0126,-84.7191,2024-07-26 20:18:00,2025-08-13 09:20:00,1.90958897146654
"AOML_SFPSSS","BG19",11,6,0,0,11,10,11,0,11,0,0,0,0,0,0,0,0,0,0,0,0,0,0,0,"NULL","NULL",25.9579,-84.8675,2025-08-13 12:23:00,2025-08-13 12:23:00,NA
"AOML_SFPSSS","BG2",65,107,0,0,64,65,66,0,67,0,0,0,0,0,0,0,0,0,0,0,0,0,0,0,"NULL","NULL",26.68848846,-82.33988076,2019-09-26 01:28:00,2025-08-12 11:47:00,5.95304658443443
"AOML_SFPSSS","BG20",27,26,0,0,26,26,27,0,28,0,0,0,0,0,0,0,0,0,0,0,0,0,0,0,"NULL","NULL",25.9267,-85.02125,2024-07-27 02:10:00,2025-08-13 17:31:00,1.90910724299956
"AOML_SFPSSS","BG3",67,106,0,0,64,63,68,0,69,0,0,0,0,0,0,0,0,0,0,0,0,0,0,0,"NULL","NULL",26.66836153,-82.41720384,2019-09-26 00:48:00,2025-08-12 12:35:00,5.7827949735916
"AOML_SFPSSS","BG4",70,117,0,0,68,65,69,0,70,0,0,0,0,0,0,0,0,0,0,0,0,0,0,0,"NULL","NULL",26.63016923,-82.5566,2019-09-25 23:26:00,2025-08-12 14:09:00,5.78246587054168
"AOML_SFPSSS","BG6",31,47,0,0,29,29,32,0,32,0,0,0,0,0,0,0,0,0,0,0,0,0,0,0,"NULL","NULL",26.54371428,-82.86942857,2023-03-05 04:59:00,2025-08-12 16:44:00,6.14561303062524
"AOML_SFPSSS","BG7",38,56,0,0,36,32,38,0,40,0,0,0,0,0,0,0,0,0,0,0,0,0,0,0,"NULL","NULL",26.49414285,-83.03614285,2023-03-05 06:17:00,2025-08-12 17:58:00,6.1456321796998
"AOML_SFPSSS","BG8",12,18,0,0,11,11,10,0,12,0,0,0,0,0,0,0,0,0,0,0,0,0,0,0,"NULL","NULL",26.4498,-83.192,2024-07-26 07:05:00,2025-08-12 19:06:00,1.90980045424754
"AOML_SFPSSS","BG9",12,18,0,0,9,9,13,0,14,0,0,0,0,0,0,0,0,0,0,0,0,0,0,0,"NULL","NULL",26.4062,-83.3453,2024-07-26 08:14:00,2025-08-12 20:30:00,1.90974844594202
"AOML_SFPSSS","BK1",2,5,0,0,2,2,2,0,2,0,0,0,0,0,0,0,0,0,0,0,0,0,0,0,"NULL","NULL",24.7477,-81.9474,2015-09-22 18:40:00,2015-09-22 18:40:00,NA
"AOML_SFPSSS","Bloom",0,1,0,0,0,0,1,0,0,0,0,0,0,0,0,0,0,0,0,0,0,0,0,0,"NULL","NULL",24.3548,-82.2459,2011-02-22 22:32:00,2011-02-22 22:32:00,NA
"AOML_SFPSSS","C1",0,1,0,0,0,1,1,0,0,0,0,0,0,0,0,0,0,0,0,0,0,0,0,0,"NULL","NULL",26.4031,-81.9553,2000-06-08 21:16:00,2000-06-08 21:16:00,NA
"AOML_SFPSSS","C2",0,1,0,0,0,1,1,0,0,0,0,0,0,0,0,0,0,0,0,0,0,0,0,0,"NULL","NULL",26.401,-82.0321,2000-06-08 19:28:00,2000-06-08 19:28:00,NA
"AOML_SFPSSS","C3",0,1,0,0,0,1,1,0,0,0,0,0,0,0,0,0,0,0,0,0,0,0,0,0,"NULL","NULL",26.3837,-82.1049,2000-06-08 18:53:00,2000-06-08 18:53:00,NA
"AOML_SFPSSS","C4",0,1,0,0,0,1,1,0,0,0,0,0,0,0,0,0,0,0,0,0,0,0,0,0,"NULL","NULL",26.3583,-82.1808,2000-06-08 18:16:00,2000-06-08 18:16:00,NA
"AOML_SFPSSS","C5",0,1,0,0,0,1,1,0,0,0,0,0,0,0,0,0,0,0,0,0,0,0,0,0,"NULL","NULL",26.3358,-82.2815,2000-06-08 17:19:00,2000-06-08 17:19:00,NA
"AOML_SFPSSS","CAL-A",2,4,0,0,2,2,2,0,2,0,0,0,0,0,0,0,0,0,0,0,0,0,0,0,"NULL","NULL",26.326,-82.485,2021-06-04 13:46:00,2021-06-04 13:46:00,NA
"AOML_SFPSSS","CAL1",77,129,0,0,60,95,98,0,50,0,0,0,0,0,0,0,0,0,0,0,0,0,0,0,"NULL","NULL",26.42122,-81.96006666,2001-06-07 17:48:00,2025-08-12 06:00:00,3.47403850418152
"AOML_SFPSSS","CAL2",103,171,0,0,86,119,121,0,76,0,0,0,0,0,0,0,0,0,0,0,0,0,0,0,"NULL","NULL",26.38329473,-82.00015789,2001-06-07 17:12:00,2025-08-12 05:18:00,3.47404014321834
"AOML_SFPSSS","CAL3",104,169,0,0,87,120,121,0,73,0,0,0,0,0,0,0,0,0,0,0,0,0,0,0,"NULL","NULL",26.34165789,-82.04390921,2001-06-07 16:43:00,2025-08-12 04:44:00,3.47404150908353
"AOML_SFPSSS","CAL4",106,171,0,0,86,120,120,0,74,0,0,0,0,0,0,0,0,0,0,0,0,0,0,0,"NULL","NULL",26.25649473,-82.13521052,2001-06-07 15:52:00,2025-08-12 03:38:00,3.47404560668555
"AOML_SFPSSS","CAL5",99,171,0,0,84,121,118,0,73,0,0,0,0,0,0,0,0,0,0,0,0,0,0,0,"NULL","NULL",26.18307027,-82.21652027,2001-06-07 14:38:00,2025-08-12 02:51:00,3.39132303503247
"AOML_SFPSSS","CAL6",65,106,0,0,65,64,68,0,67,0,0,0,0,0,0,0,0,0,0,0,0,0,0,0,"NULL","NULL",25.94020833,-82.48088333,2019-09-28 05:18:00,2025-08-16 05:53:00,5.43874723509861
"AOML_SFPSSS","CAL7",2,4,0,0,2,2,2,0,2,0,0,0,0,0,0,0,0,0,0,0,0,0,0,0,"NULL","NULL",26.1576,-82.0542,2019-11-23 05:06:00,2019-11-23 05:06:00,NA
"AOML_SFPSSS","CAL8",2,4,0,0,2,2,3,0,2,0,0,0,0,0,0,0,0,0,0,0,0,0,0,0,"NULL","NULL",26.0624,-82.045,2019-11-23 05:58:00,2019-11-23 05:58:00,NA
"AOML_SFPSSS","CH1",27,40,0,0,10,40,42,0,0,0,0,0,0,0,0,0,0,0,0,0,0,0,0,0,"NULL","NULL",26.71793095,-82.25024285,2001-06-07 23:18:00,2010-10-14 13:35:00,4.49131099448465
"AOML_SFPSSS","CH2",27,41,0,0,10,42,42,0,0,0,0,0,0,0,0,0,0,0,0,0,0,0,0,0,"NULL","NULL",26.66165952,-82.3311,2001-06-07 23:55:00,2010-10-14 12:44:00,4.49139135351577
"AOML_SFPSSS","CH3",26,40,0,0,9,42,42,0,0,0,0,0,0,0,0,0,0,0,0,0,0,0,0,0,"NULL","NULL",26.55355238,-82.4665738,2001-06-08 11:22:00,2010-10-14 11:35:00,4.49208182913133
"AOML_SFPSSS","CH4",21,41,0,0,9,42,42,0,0,0,0,0,0,0,0,0,0,0,0,0,0,0,0,0,"NULL","NULL",26.47162619,-82.61610476,2001-06-08 12:47:00,2010-10-14 10:33:00,4.49221611293296
"AOML_SFPSSS","CH4A",1,1,0,0,1,1,1,0,0,0,0,0,0,0,0,0,0,0,0,0,0,0,0,0,"NULL","NULL",26.5161,-82.5394,2010-07-01 13:04:00,2010-07-01 13:04:00,NA
"AOML_SFPSSS","CH5",20,38,0,0,9,39,39,0,0,0,0,0,0,0,0,0,0,0,0,0,0,0,0,0,"NULL","NULL",26.3833282,-82.76685641,2001-06-08 13:54:00,2010-10-14 09:23:00,4.17145974979506
"AOML_SFPSSS","CH5A",1,1,0,0,1,1,1,0,0,0,0,0,0,0,0,0,0,0,0,0,0,0,0,0,"NULL","NULL",26.4302,-82.6901,2010-07-01 11:24:00,2010-07-01 11:24:00,NA
"AOML_SFPSSS","CK1",1,2,0,0,2,1,1,0,1,0,0,0,0,0,0,0,0,0,0,0,0,0,0,0,"NULL","NULL",25.7393,-81.773,2018-03-11 16:04:00,2018-03-11 16:04:00,NA
"AOML_SFPSSS","CK2",1,2,0,0,2,1,1,0,1,0,0,0,0,0,0,0,0,0,0,0,0,0,0,0,"NULL","NULL",25.6496,-82.0151,2018-03-11 20:26:00,2018-03-11 20:26:00,NA
"AOML_SFPSSS","CW1",30,43,0,0,30,27,29,0,29,0,0,0,0,0,0,0,0,0,0,0,0,0,0,0,"NULL","NULL",28.01010833,-82.849075,2018-10-16 20:25:00,2025-08-15 10:16:00,2.92835208372829
"AOML_SFPSSS","CW2",40,56,0,0,40,34,41,0,40,0,0,0,0,0,0,0,0,0,0,0,0,0,0,0,"NULL","NULL",28.0169,-82.89155,2018-10-16 21:25:00,2025-08-15 10:41:00,2.92838061598661
"AOML_SFPSSS","CW3",45,64,0,0,46,41,45,0,44,0,0,0,0,0,0,0,0,0,0,0,0,0,0,0,"NULL","NULL",28.01021666,-82.96014166,2018-10-16 21:55:00,2025-08-15 11:25:00,2.92836920301656
"AOML_SFPSSS","CW4",39,56,0,0,39,38,40,0,40,0,0,0,0,0,0,0,0,0,0,0,0,0,0,0,"NULL","NULL",28.01181666,-83.07869166,2018-10-16 23:00:00,2025-08-15 12:15:00,2.92838143120216
"AOML_SFPSSS","CW5",28,39,0,0,27,27,29,0,29,0,0,0,0,0,0,0,0,0,0,0,0,0,0,0,"NULL","NULL",28.011525,-83.2315,2019-11-22 12:55:00,2025-08-15 13:16:00,2.6176358462226
"AOML_SFPSSS","CW6",27,38,0,0,26,24,27,0,27,0,0,0,0,0,0,0,0,0,0,0,0,0,0,0,"NULL","NULL",28.0119,-83.389025,2019-11-22 13:47:00,2025-08-15 14:25:00,2.44311300953762
"AOML_SFPSSS","CW7",25,34,0,0,26,23,26,0,26,0,0,0,0,0,0,0,0,0,0,0,0,0,0,0,"NULL","NULL",28.01185714,-83.56842857,2023-03-07 01:49:00,2025-08-15 15:27:00,5.31976242085493
"AOML_SFPSSS","Casey hole",2,4,0,0,2,2,2,0,1,0,0,0,0,0,0,0,0,0,0,0,0,0,0,0,"NULL","NULL",26.4837,-82.7369,2019-05-01 20:17:00,2019-05-01 20:17:00,NA
"AOML_SFPSSS","DT-TB1",0,1,0,0,0,0,1,0,0,0,0,0,0,0,0,0,0,0,0,0,0,0,0,0,"NULL","NULL",24.6967,-83.1267,1998-06-11 18:40:00,1998-06-11 18:40:00,NA
"AOML_SFPSSS","DT-TB2",0,1,0,0,0,0,1,0,0,0,0,0,0,0,0,0,0,0,0,0,0,0,0,0,"NULL","NULL",24.71,-83.05,1998-06-11 19:36:00,1998-06-11 19:36:00,NA
"AOML_SFPSSS","DT1",7,21,0,0,1,21,21,0,0,0,0,0,0,0,0,0,0,0,0,0,0,0,0,0,"NULL","NULL",24.6917238,-82.91673333,2002-06-10 11:25:00,2006-08-11 11:01:00,5.03633219886407
"AOML_SFPSSS","DT10",17,39,0,0,9,38,39,0,0,0,0,0,0,0,0,0,0,0,0,0,0,0,0,0,"NULL","NULL",24.55468461,-82.98103589,2002-06-10 20:21:00,2012-08-08 11:32:00,3.83786634774941
"AOML_SFPSSS","DT11",17,36,0,0,9,37,37,0,0,0,0,0,0,0,0,0,0,0,0,0,0,0,0,0,"NULL","NULL",24.61104054,-82.92108378,2002-06-10 21:02:00,2012-08-08 12:10:00,3.64105473260853
"AOML_SFPSSS","DT12",0,3,0,0,0,4,4,0,0,0,0,0,0,0,0,0,0,0,0,0,0,0,0,0,"NULL","NULL",24.415875,-83.0009,2002-06-10 21:45:00,2002-12-05 12:33:00,8.22557943135967
"AOML_SFPSSS","DT13",0,3,0,0,0,4,4,0,0,0,0,0,0,0,0,0,0,0,0,0,0,0,0,0,"NULL","NULL",24.482625,-82.9756,2002-06-10 22:24:00,2002-12-05 12:01:00,8.22786344775261
"AOML_SFPSSS","DT14",0,3,0,0,0,4,4,0,0,0,0,0,0,0,0,0,0,0,0,0,0,0,0,0,"NULL","NULL",24.54985,-82.94995,2002-06-10 22:59:00,2002-12-05 11:26:00,8.23011653698553
"AOML_SFPSSS","DT2",7,21,0,0,1,21,21,0,0,0,0,0,0,0,0,0,0,0,0,0,0,0,0,0,"NULL","NULL",24.69165714,-83.05095714,2002-06-10 12:15:00,2006-08-11 11:50:00,5.0363344953137
"AOML_SFPSSS","DT3",7,20,0,0,1,20,21,0,0,0,0,0,0,0,0,0,0,0,0,0,0,0,0,0,"NULL","NULL",24.69148571,-83.18409523,2002-06-10 13:04:00,2006-08-11 13:02:00,5.03628167750208
"AOML_SFPSSS","DT4",7,21,0,0,1,21,21,0,0,0,0,0,0,0,0,0,0,0,0,0,0,0,0,0,"NULL","NULL",24.69155238,-83.30916666,2002-06-10 13:55:00,2006-08-11 13:53:00,5.03628167750208
"AOML_SFPSSS","DT5",7,20,0,0,1,21,21,0,0,0,0,0,0,0,0,0,0,0,0,0,0,0,0,0,"NULL","NULL",24.56591428,-83.26704285,2002-06-10 14:52:00,2006-08-11 14:57:00,5.03626560273582
"AOML_SFPSSS","DT6",7,21,0,0,1,21,21,0,0,0,0,0,0,0,0,0,0,0,0,0,0,0,0,0,"NULL","NULL",24.43301428,-83.23316666,2002-06-10 15:50:00,2006-08-11 15:55:00,5.03626560273582
"AOML_SFPSSS","DT7",8,22,0,0,1,22,22,0,0,0,0,0,0,0,0,0,0,0,0,0,0,0,0,0,"NULL","NULL",24.29939545,-83.19144545,2002-06-10 16:50:00,2006-08-11 16:56:00,5.27608536855612
"AOML_SFPSSS","DT8",8,22,0,0,1,21,22,0,0,0,0,0,0,0,0,0,0,0,0,0,0,0,0,0,"NULL","NULL",24.38962272,-83.12243636,2002-06-10 18:12:00,2006-08-11 18:17:00,5.27608777429467
"AOML_SFPSSS","DT9",17,39,0,0,9,37,39,0,0,0,0,0,0,0,0,0,0,0,0,0,0,0,0,0,"NULL","NULL",24.47263846,-83.04714358,2002-06-10 19:25:00,2012-08-08 10:24:00,3.83787496452119
"AOML_SFPSSS","E1",0,12,0,0,0,13,14,0,0,0,0,0,0,0,0,0,0,0,0,0,0,0,0,0,"NULL","NULL",25.17826428,-80.3349,2000-06-12 15:07:00,2002-10-02 16:37:00,6.07258962369183
"AOML_SFPSSS","E2",0,12,0,0,0,13,14,0,0,0,0,0,0,0,0,0,0,0,0,0,0,0,0,0,"NULL","NULL",25.1617,-80.30522142,2000-06-12 14:47:00,2002-10-02 17:00:00,6.07237428594284
"AOML_SFPSSS","E3",0,12,0,0,0,13,14,0,0,0,0,0,0,0,0,0,0,0,0,0,0,0,0,0,"NULL","NULL",25.14804285,-80.28315,2000-06-12 14:24:00,2002-10-02 17:25:00,6.07213392695898
"AOML_SFPSSS","E4",0,12,0,0,0,13,14,0,0,0,0,0,0,0,0,0,0,0,0,0,0,0,0,0,"NULL","NULL",25.13460714,-80.25774285,2000-06-12 14:01:00,2002-10-02 17:49:00,6.0718985938907
"AOML_SFPSSS","EB1",0,4,0,0,2,2,1,0,2,0,0,0,0,0,0,0,0,0,0,0,0,0,0,0,"NULL","NULL",26.9231,-82.3843,2020-08-21 03:11:00,2020-08-21 03:11:00,NA
"AOML_SFPSSS","EB2",0,4,0,0,2,2,2,0,2,0,0,0,0,0,0,0,0,0,0,0,0,0,0,0,"NULL","NULL",26.9239,-82.5417,2020-08-21 04:26:00,2020-08-21 04:26:00,NA
"AOML_SFPSSS","EH07",2,2,0,0,2,2,2,0,2,0,0,0,0,0,0,0,0,0,0,0,0,0,0,0,"NULL","NULL",27.486,-83.418,2021-12-08 10:23:00,2021-12-08 10:23:00,NA
"AOML_SFPSSS","EH08",2,2,0,0,2,2,2,0,2,0,0,0,0,0,0,0,0,0,0,0,0,0,0,0,"NULL","NULL",27.326,-83.359,2021-12-08 11:47:00,2021-12-08 11:47:00,NA
"AOML_SFPSSS","EK-IN",55,114,0,0,63,56,60,0,57,0,0,0,0,0,0,0,0,0,0,0,0,0,0,0,"NULL","NULL",25.33371428,-80.22241836,2014-12-01 17:10:00,2025-08-09 15:14:00,5.33290973245549
"AOML_SFPSSS","EK-MID",57,118,0,0,61,58,63,0,59,0,0,0,0,0,0,0,0,0,0,0,0,0,0,0,"NULL","NULL",25.314208,-80.19484,2014-12-01 17:21:00,2025-08-09 15:28:00,5.42646665647985
"AOML_SFPSSS","EK-OFF",58,119,0,0,64,59,62,0,59,0,0,0,0,0,0,0,0,0,0,0,0,0,0,0,"NULL","NULL",25.295216,-80.164226,2014-12-05 04:03:00,2025-08-09 15:46:00,5.43124320442081
"AOML_SFPSSS","GP1",9,16,0,0,10,9,10,0,7,0,0,0,0,0,0,0,0,0,0,0,0,0,0,0,"NULL","NULL",26.8041,-82.298175,2018-10-15 08:55:00,2019-07-31 21:25:00,5.04626897891631
"AOML_SFPSSS","GP1.5",0,4,0,0,2,2,2,0,2,0,0,0,0,0,0,0,0,0,0,0,0,0,0,0,"NULL","NULL",26.7853,-82.3049,2020-08-21 01:57:00,2020-08-21 01:57:00,NA
"AOML_SFPSSS","GP2",9,14,0,0,7,9,10,0,7,0,0,0,0,0,0,0,0,0,0,0,0,0,0,0,"NULL","NULL",26.776175,-82.3531,2018-10-15 08:05:00,2019-07-31 20:42:00,5.0461842525011
"AOML_SFPSSS","GP3",9,12,0,0,8,9,10,0,6,0,0,0,0,0,0,0,0,0,0,0,0,0,0,0,"NULL","NULL",26.741125,-82.422325,2018-10-15 07:20:00,2019-07-31 20:05:00,5.04608742579601
"AOML_SFPSSS","GP4",9,16,0,0,7,8,7,0,6,0,0,0,0,0,0,0,0,0,0,0,0,0,0,0,"NULL","NULL",26.6675,-82.55865,2018-10-15 05:57:00,2019-07-31 18:55:00,5.04593009032518
"AOML_SFPSSS","GP5",81,134,0,0,76,75,85,0,83,0,0,0,0,0,0,0,0,0,0,0,0,0,0,0,"NULL","NULL",26.59552333,-82.69536,2018-10-15 04:40:00,2025-08-12 15:17:00,5.56640097901245
"AOML_SFPSSS","GS",2,4,0,0,3,2,2,0,2,0,0,0,0,0,0,0,0,0,0,0,0,0,0,0,"NULL","NULL",25.783,-82.738,2021-06-04 19:21:00,2021-06-04 19:21:00,NA
"AOML_SFPSSS","Glider",4,8,0,0,4,3,4,0,4,0,0,0,0,0,0,0,0,0,0,0,0,0,0,0,"NULL","NULL",27.0765,-83.302,2022-03-17 11:48:00,2022-10-10 19:28:00,3.52354793327527
"AOML_SFPSSS","HB1",1,2,0,0,1,1,1,0,1,0,0,0,0,0,0,0,0,0,0,0,0,0,0,0,"NULL","NULL",28.5446,-82.891,2024-11-14 15:24:00,2024-11-14 15:24:00,NA
"AOML_SFPSSS","HB2",2,4,0,0,2,1,2,0,2,0,0,0,0,0,0,0,0,0,0,0,0,0,0,0,"NULL","NULL",28.5815,-82.9938,2024-11-14 14:27:00,2024-11-14 14:27:00,NA
"AOML_SFPSSS","HB3",2,4,0,0,2,2,2,0,1,0,0,0,0,0,0,0,0,0,0,0,0,0,0,0,"NULL","NULL",28.628,-83.1546,2024-11-14 13:18:00,2024-11-14 13:18:00,NA
"AOML_SFPSSS","HB4",2,4,0,0,2,2,2,0,2,0,0,0,0,0,0,0,0,0,0,0,0,0,0,0,"NULL","NULL",28.6862,-83.3097,2024-11-14 12:04:00,2024-11-14 12:04:00,NA
"AOML_SFPSSS","HB5",2,4,0,0,2,1,2,0,2,0,0,0,0,0,0,0,0,0,0,0,0,0,0,0,"NULL","NULL",28.7352,-83.4676,2024-11-14 10:10:00,2024-11-14 10:10:00,NA
"AOML_SFPSSS","HB6",2,4,0,0,2,2,2,0,2,0,0,0,0,0,0,0,0,0,0,0,0,0,0,0,"NULL","NULL",28.7841,-83.6234,2024-11-14 07:23:00,2024-11-14 07:23:00,NA
"AOML_SFPSSS","Junkpile",2,4,0,0,2,2,3,0,2,0,0,0,0,0,0,0,0,0,0,0,0,0,0,0,"NULL","NULL",26.4894,-82.3431,2018-10-15 12:30:00,2018-10-15 12:30:00,NA
"AOML_SFPSSS","KW1",74,127,0,0,74,70,74,0,72,0,0,0,0,0,0,0,0,0,0,0,0,0,0,0,"NULL","NULL",24.65476333,-81.90444666,2018-10-13 15:35:00,2025-08-16 16:07:00,5.55397222024614
"AOML_SFPSSS","KW2",72,123,0,0,74,66,74,0,73,0,0,0,0,0,0,0,0,0,0,0,0,0,0,0,"NULL","NULL",24.72792333,-81.91709666,2018-10-13 16:25:00,2025-08-16 15:30:00,5.55410649700362
"AOML_SFPSSS","KW3",38,65,0,0,40,39,43,0,38,0,0,0,0,0,0,0,0,0,0,0,0,0,0,0,"NULL","NULL",24.82239333,-81.95738333,2018-10-13 17:27:00,2025-08-16 14:47:00,5.55426856380614
"AOML_SFPSSS","KW4",72,122,0,0,72,66,73,0,70,0,0,0,0,0,0,0,0,0,0,0,0,0,0,0,"NULL","NULL",25.01221034,-82.04433793,2018-10-13 19:40:00,2025-08-16 13:25:00,5.40842674848569
"AOML_SFPSSS","L1",18,28,0,0,16,16,17,0,18,0,0,0,0,0,0,0,0,0,0,0,0,0,0,0,"NULL","NULL",27.30233333,-82.59433333,2022-12-07 13:15:00,2024-11-12 06:41:00,4.65796667342356
"AOML_SFPSSS","L3",18,28,0,0,16,15,18,0,17,0,0,0,0,0,0,0,0,0,0,0,0,0,0,0,"NULL","NULL",27.22116666,-82.77383333,2022-12-07 14:40:00,2024-11-12 08:06:00,4.65796667342356
"AOML_SFPSSS","L5",17,28,0,0,17,16,17,0,18,0,0,0,0,0,0,0,0,0,0,0,0,0,0,0,"NULL","NULL",27.136,-82.95283333,2022-12-07 16:08:00,2024-11-12 09:28:00,4.65799417460442
"AOML_SFPSSS","L7",18,28,0,0,17,17,18,0,18,0,0,0,0,0,0,0,0,0,0,0,0,0,0,0,"NULL","NULL",27.05533333,-83.13383333,2022-12-07 17:33:00,2024-11-12 10:45:00,4.65803084335073
"AOML_SFPSSS","L9",21,34,0,0,18,18,21,0,21,0,0,0,0,0,0,0,0,0,0,0,0,0,0,0,"NULL","NULL",26.971,-83.31342857,2022-10-11 16:40:00,2024-11-12 12:06:00,4.78821899301377
"AOML_SFPSSS","LK",3,3,0,0,3,3,3,0,0,0,0,0,0,0,0,0,0,0,0,0,0,0,0,0,"NULL","NULL",24.53596666,-81.41413333,2018-03-09 19:05:00,2019-01-29 04:09:00,3.36762395847562
"AOML_SFPSSS","LOOP CUR",0,1,0,0,0,1,1,0,0,0,0,0,0,0,0,0,0,0,0,0,0,0,0,0,"NULL","NULL",24.43,-83.1728,2003-02-13 17:55:00,2003-02-13 17:55:00,NA
"AOML_SFPSSS","Looe Key",0,0,0,0,0,0,1,0,0,0,0,0,0,0,0,0,0,0,0,0,0,0,0,0,"NULL","NULL",24.5419,-81.4015,2005-06-15 14:38:00,2005-06-15 14:38:00,NA
"AOML_SFPSSS","M01",1,2,0,0,2,1,1,0,1,0,0,0,0,0,0,0,0,0,0,0,0,0,0,0,"NULL","NULL",25.2288,-82.1383,2018-01-11 17:30:00,2018-01-11 17:30:00,NA
"AOML_SFPSSS","M02",1,2,0,0,2,1,1,0,1,0,0,0,0,0,0,0,0,0,0,0,0,0,0,0,"NULL","NULL",25.123,-82.1,2018-01-11 18:35:00,2018-01-11 18:35:00,NA
"AOML_SFPSSS","M03",1,2,0,0,2,1,1,0,1,0,0,0,0,0,0,0,0,0,0,0,0,0,0,0,"NULL","NULL",25.04,-82.0652,2018-01-11 19:29:00,2018-01-11 19:29:00,NA
"AOML_SFPSSS","M04",1,2,0,0,1,1,1,0,1,0,0,0,0,0,0,0,0,0,0,0,0,0,0,0,"NULL","NULL",24.9394,-82.0223,2018-01-11 20:30:00,2018-01-11 20:30:00,NA
"AOML_SFPSSS","M05",1,2,0,0,2,1,1,0,1,0,0,0,0,0,0,0,0,0,0,0,0,0,0,0,"NULL","NULL",24.8353,-81.9789,2018-01-11 21:29:00,2018-01-11 21:29:00,NA
"AOML_SFPSSS","MR",114,227,0,0,124,112,122,0,121,0,0,0,0,0,0,0,0,0,0,0,0,0,0,0,"NULL","NULL",25.00597307,-80.37434615,2015-04-13 19:40:00,2025-08-09 19:15:00,5.90834064581237
"AOML_SFPSSS","MR1",2,2,0,0,1,2,2,0,0,0,0,0,0,0,0,0,0,0,0,0,0,0,0,0,"NULL","NULL",24.15885,-82.54375,2004-08-22 14:34:00,2011-08-04 05:08:00,0.287869640962039
"AOML_SFPSSS","MR10",1,1,0,0,0,1,1,0,0,0,0,0,0,0,0,0,0,0,0,0,0,0,0,0,"NULL","NULL",24.1382,-81.8259,2004-08-23 17:10:00,2004-08-23 17:10:00,NA
"AOML_SFPSSS","MR11",1,1,0,0,0,1,1,0,0,0,0,0,0,0,0,0,0,0,0,0,0,0,0,0,"NULL","NULL",24.2814,-81.8263,2004-08-23 18:36:00,2004-08-23 18:36:00,NA
"AOML_SFPSSS","MR12",1,1,0,0,0,1,1,0,0,0,0,0,0,0,0,0,0,0,0,0,0,0,0,0,"NULL","NULL",24.5077,-80.9533,2004-08-24 22:48:00,2004-08-24 22:48:00,NA
"AOML_SFPSSS","MR13",1,1,0,0,0,1,1,0,0,0,0,0,0,0,0,0,0,0,0,0,0,0,0,0,"NULL","NULL",24.4043,-80.9062,2004-08-24 23:43:00,2004-08-24 23:43:00,NA
"AOML_SFPSSS","MR14",1,1,0,0,0,1,1,0,0,0,0,0,0,0,0,0,0,0,0,0,0,0,0,0,"NULL","NULL",24.2957,-80.8554,2004-08-25 00:43:00,2004-08-25 00:43:00,NA
"AOML_SFPSSS","MR15",1,1,0,0,0,1,1,0,0,0,0,0,0,0,0,0,0,0,0,0,0,0,0,0,"NULL","NULL",24.1875,-80.8051,2004-08-25 01:44:00,2004-08-25 01:44:00,NA
"AOML_SFPSSS","MR16",1,1,0,0,0,1,1,0,0,0,0,0,0,0,0,0,0,0,0,0,0,0,0,0,"NULL","NULL",24.905,-80.0509,2004-08-25 18:34:00,2004-08-25 18:34:00,NA
"AOML_SFPSSS","MR17",1,1,0,0,0,1,1,0,0,0,0,0,0,0,0,0,0,0,0,0,0,0,0,0,"NULL","NULL",24.948,-80.1288,2004-08-25 19:22:00,2004-08-25 19:22:00,NA
"AOML_SFPSSS","MR18",1,1,0,0,0,1,1,0,0,0,0,0,0,0,0,0,0,0,0,0,0,0,0,0,"NULL","NULL",24.9918,-80.1979,2004-08-25 20:07:00,2004-08-25 20:07:00,NA
"AOML_SFPSSS","MR19",1,1,0,0,0,1,1,0,0,0,0,0,0,0,0,0,0,0,0,0,0,0,0,0,"NULL","NULL",25.0206,-80.2439,2004-08-25 20:41:00,2004-08-25 20:41:00,NA
"AOML_SFPSSS","MR2",2,2,0,0,1,2,2,0,0,0,0,0,0,0,0,0,0,0,0,0,0,0,0,0,"NULL","NULL",23.8577,-82.59225,2004-08-22 15:59:00,2011-08-04 09:45:00,0.287854516239021
"AOML_SFPSSS","MR20",1,1,0,0,0,1,1,0,0,0,0,0,0,0,0,0,0,0,0,0,0,0,0,0,"NULL","NULL",25.6502,-79.8423,2004-08-26 11:21:00,2004-08-26 11:21:00,NA
"AOML_SFPSSS","MR21",1,1,0,0,0,1,1,0,0,0,0,0,0,0,0,0,0,0,0,0,0,0,0,0,"NULL","NULL",24.6478,-79.9438,2004-08-26 12:29:00,2004-08-26 12:29:00,NA
"AOML_SFPSSS","MR22",1,1,0,0,0,1,1,0,0,0,0,0,0,0,0,0,0,0,0,0,0,0,0,0,"NULL","NULL",25.638,-80.0224,2004-08-26 13:19:00,2004-08-26 13:19:00,NA
"AOML_SFPSSS","MR3",2,2,0,0,1,2,2,0,0,0,0,0,0,0,0,0,0,0,0,0,0,0,0,0,"NULL","NULL",24.0117,-82.9774,2004-08-22 17:32:00,2011-08-04 15:28:00,0.287834824971077
"AOML_SFPSSS","MR4",2,2,0,0,1,2,2,0,0,0,0,0,0,0,0,0,0,0,0,0,0,0,0,0,"NULL","NULL",24.7563,-82.3306,2004-08-22 18:25:00,2011-08-07 00:30:00,0.287569727977168
"AOML_SFPSSS","MR5",2,2,0,0,1,2,2,0,0,0,0,0,0,0,0,0,0,0,0,0,0,0,0,0,"NULL","NULL",24.20375,-81.90655,2004-08-22 22:37:00,2011-08-07 02:21:00,0.287580813073565
"AOML_SFPSSS","MR6",2,2,0,0,1,2,2,0,0,0,0,0,0,0,0,0,0,0,0,0,0,0,0,0,"NULL","NULL",24.18185,-81.87445,2004-08-22 23:40:00,2011-08-07 04:43:00,0.287574602169604
"AOML_SFPSSS","MR7",2,2,0,0,1,2,2,0,0,0,0,0,0,0,0,0,0,0,0,0,0,0,0,0,"NULL","NULL",24.53,-81.41665,2004-08-23 00:49:00,2011-08-07 15:09:00,0.287530818978477
"AOML_SFPSSS","MR8",1,1,0,0,0,1,1,0,0,0,0,0,0,0,0,0,0,0,0,0,0,0,0,0,"NULL","NULL",23.8697,-81.7417,2004-08-23 14:02:00,2004-08-23 14:02:00,NA
"AOML_SFPSSS","MR9",1,1,0,0,0,1,1,0,0,0,0,0,0,0,0,0,0,0,0,0,0,0,0,0,"NULL","NULL",23.9952,-81.82,2004-08-23 15:29:00,2004-08-23 15:29:00,NA
"AOML_SFPSSS","Mudhole",2,4,0,0,3,2,2,0,1,0,0,0,0,0,0,0,0,0,0,0,0,0,0,0,"NULL","NULL",26.2448,-82.0118,2019-05-01 11:00:00,2019-05-01 11:00:00,NA
"AOML_SFPSSS","Naples Blue hole",2,4,0,0,2,2,2,0,1,0,0,0,0,0,0,0,0,0,0,0,0,0,0,0,"NULL","NULL",25.8428,-82.1519,2019-05-02 09:20:00,2019-05-02 09:20:00,NA
"AOML_SFPSSS","P1",0,11,0,0,0,12,14,0,0,0,0,0,0,0,0,0,0,0,0,0,0,0,0,0,"NULL","NULL",25.01079285,-80.47629285,2000-06-11 22:08:00,2002-10-02 20:59:00,6.06618110460015
"AOML_SFPSSS","P2",0,10,0,0,0,12,14,0,0,0,0,0,0,0,0,0,0,0,0,0,0,0,0,0,"NULL","NULL",24.99767142,-80.46291428,2000-06-11 21:49:00,2002-10-02 21:14:00,6.06601119545921
"AOML_SFPSSS","P3",0,11,0,0,0,12,14,0,0,0,0,0,0,0,0,0,0,0,0,0,0,0,0,0,"NULL","NULL",24.98186428,-80.44512142,2000-06-11 21:31:00,2002-10-02 21:30:00,6.06584129583605
"AOML_SFPSSS","P4",0,12,0,0,0,12,14,0,0,0,0,0,0,0,0,0,0,0,0,0,0,0,0,0,"NULL","NULL",24.96663571,-80.42782857,2000-06-11 21:09:00,2002-10-02 21:49:00,6.06563642953639
"AOML_SFPSSS","PLUME",3,6,0,0,3,3,3,0,3,0,0,0,0,0,0,0,0,0,0,0,0,0,0,0,"NULL","NULL",24.938,-80.204,2023-09-16 21:41:00,2023-09-16 21:41:00,NA
"AOML_SFPSSS","ROME4",30,40,0,0,26,27,30,0,30,0,0,0,0,0,0,0,0,0,0,0,0,0,0,0,"NULL","NULL",27.65014285,-82.92157142,2023-03-07 04:36:00,2025-08-15 06:05:00,6.14167086392401
"AOML_SFPSSS","ROME5",30,40,0,0,29,28,30,0,30,0,0,0,0,0,0,0,0,0,0,0,0,0,0,0,"NULL","NULL",27.65028571,-82.83828571,2023-03-07 05:13:00,2025-08-15 06:42:00,6.14167086392401
"AOML_SFPSSS","RP1",57,94,0,0,60,55,60,0,57,0,0,0,0,0,0,0,0,0,0,0,0,0,0,0,"NULL","NULL",26.54581,-82.21577333,2018-10-15 00:05:00,2025-08-12 08:18:00,5.56662422958027
"AOML_SFPSSS","RP2",75,125,0,0,75,72,75,0,75,0,0,0,0,0,0,0,0,0,0,0,0,0,0,0,"NULL","NULL",26.55293333,-82.25586666,2018-10-15 00:40:00,2025-08-12 08:56:00,5.56661957834412
"AOML_SFPSSS","RP3",76,126,0,0,74,71,76,0,77,0,0,0,0,0,0,0,0,0,0,0,0,0,0,0,"NULL","NULL",26.55113333,-82.33151333,2018-10-15 01:28:00,2025-08-12 09:32:00,5.56663818333536
"AOML_SFPSSS","RP4",78,131,0,0,72,73,75,0,78,0,0,0,0,0,0,0,0,0,0,0,0,0,0,0,"NULL","NULL",26.57774,-82.49836,2018-10-15 02:54:00,2025-08-12 13:36:00,5.5663932275783
"AOML_SFPSSS","RT1",1,1,0,0,0,1,1,0,0,0,0,0,0,0,0,0,0,0,0,0,0,0,0,0,"NULL","NULL",25.2728,-81.6783,2004-12-09 18:44:00,2004-12-09 18:44:00,NA
"AOML_SFPSSS","RT2",1,1,0,0,0,1,1,0,0,0,0,0,0,0,0,0,0,0,0,0,0,0,0,0,"NULL","NULL",25.3533,-81.62,2004-12-09 19:33:00,2004-12-09 19:33:00,NA
"AOML_SFPSSS","RT3",1,1,0,0,0,1,1,0,0,0,0,0,0,0,0,0,0,0,0,0,0,0,0,0,"NULL","NULL",25.3477,-81.4433,2004-12-09 20:52:00,2004-12-09 20:52:00,NA
"AOML_SFPSSS","RT4",1,1,0,0,0,1,1,0,0,0,0,0,0,0,0,0,0,0,0,0,0,0,0,0,"NULL","NULL",25.5828,-81.4008,2004-12-10 15:11:00,2004-12-10 15:11:00,NA
"AOML_SFPSSS","Red Tide",6,8,0,0,4,6,7,0,6,0,0,0,0,0,0,0,0,0,0,0,0,0,0,0,"NULL","NULL",25.4364,-82.2542,2018-10-14 01:46:00,2025-01-26 21:26:00,0.31804850910982
"AOML_SFPSSS","TB-A",2,4,0,0,2,2,2,0,2,0,0,0,0,0,0,0,0,0,0,0,0,0,0,0,"NULL","NULL",27.678,-82.869,2021-06-03 19:29:00,2021-06-03 19:29:00,NA
"AOML_SFPSSS","TB-B",2,4,0,0,2,2,2,0,2,0,0,0,0,0,0,0,0,0,0,0,0,0,0,0,"NULL","NULL",27.605,-82.869,2021-06-03 18:53:00,2021-06-03 18:53:00,NA
"AOML_SFPSSS","TB-C",2,4,0,0,2,2,2,0,2,0,0,0,0,0,0,0,0,0,0,0,0,0,0,0,"NULL","NULL",27.529,-82.858,2021-06-03 18:16:00,2021-06-03 18:16:00,NA
"AOML_SFPSSS","TB1",59,90,0,0,56,56,61,0,60,0,0,0,0,0,0,0,0,0,0,0,0,0,0,0,"NULL","NULL",27.80047916,-82.88275,2018-10-16 15:50:00,2025-08-15 08:33:00,4.83154959562828
"AOML_SFPSSS","TB1-RECAST",1,1,0,0,1,1,1,0,0,0,0,0,0,0,0,0,0,0,0,0,0,0,0,0,"NULL","NULL",27.8011,-82.8817,2021-04-07 09:22:00,2021-04-07 09:22:00,NA
"AOML_SFPSSS","TB10",62,92,0,0,60,58,62,0,62,0,0,0,0,0,0,0,0,0,0,0,0,0,0,0,"NULL","NULL",27.61700869,-83.4886826,2019-09-27 08:59:00,2025-08-15 00:59:00,5.2696633571207
"AOML_SFPSSS","TB11",6,6,0,0,6,6,6,0,6,0,0,0,0,0,0,0,0,0,0,0,0,0,0,0,"NULL","NULL",27.61785,-83.67865,2019-09-27 10:25:00,2020-10-10 11:18:00,1.92725347325916
"AOML_SFPSSS","TB12",3,6,0,0,3,3,2,0,3,0,0,0,0,0,0,0,0,0,0,0,0,0,0,0,"NULL","NULL",27.619,-83.8659,2019-09-27 11:48:00,2019-09-27 11:48:00,NA
"AOML_SFPSSS","TB13",4,8,0,0,4,4,4,0,4,0,0,0,0,0,0,0,0,0,0,0,0,0,0,0,"NULL","NULL",27.6163,-84.0624,2019-09-27 13:20:00,2019-09-27 13:20:00,NA
"AOML_SFPSSS","TB2",68,105,0,0,66,61,70,0,68,0,0,0,0,0,0,0,0,0,0,0,0,0,0,0,"NULL","NULL",27.738732,-82.927976,2018-10-16 14:25:00,2025-08-15 07:40:00,4.83150655760294
"AOML_SFPSSS","TB3",68,108,0,0,66,63,70,0,68,0,0,0,0,0,0,0,0,0,0,0,0,0,0,0,"NULL","NULL",27.672328,-82.999864,2018-10-16 13:10:00,2025-08-15 05:26:00,4.83158590955857
"AOML_SFPSSS","TB4",69,102,0,0,68,65,71,0,69,0,0,0,0,0,0,0,0,0,0,0,0,0,0,0,"NULL","NULL",27.617484,-83.132564,2018-10-16 11:35:00,2025-08-15 04:22:00,4.83154421583318
"AOML_SFPSSS","TB5",67,102,0,0,68,58,68,0,67,0,0,0,0,0,0,0,0,0,0,0,0,0,0,0,"NULL","NULL",27.61728,-83.299288,2018-10-16 09:45:00,2025-08-15 02:19:00,4.83156170021106
"AOML_SFPSSS","TB6",3,6,0,0,4,3,4,0,3,0,0,0,0,0,0,0,0,0,0,0,0,0,0,0,"NULL","NULL",27.8403,-82.85715,2018-10-16 16:40:00,2019-11-22 05:04:00,1.81935162508821
"AOML_SFPSSS","TB7",4,8,0,0,4,4,5,0,4,0,0,0,0,0,0,0,0,0,0,0,0,0,0,0,"NULL","NULL",27.83865,-82.94295,2018-10-16 17:25:00,2019-11-22 05:46:00,1.81936106513358
"AOML_SFPSSS","TB8",4,8,0,0,4,4,5,0,4,0,0,0,0,0,0,0,0,0,0,0,0,0,0,0,"NULL","NULL",27.8432,-83.0269,2018-10-16 18:10:00,2019-11-22 06:25:00,1.81937994551823
"AOML_SFPSSS","TB9",5,10,0,0,6,5,6,0,5,0,0,0,0,0,0,0,0,0,0,0,0,0,0,0,"NULL","NULL",27.8385,-83.13365,2018-10-17 00:35:00,2019-11-22 07:23:00,1.8204095194584
"AOML_SFPSSS","UK-IN",56,115,0,0,63,57,61,0,58,0,0,0,0,0,0,0,0,0,0,0,0,0,0,0,"NULL","NULL",24.934994,-80.565634,2014-12-01 21:26:00,2025-08-09 22:54:00,5.42627264202092
"AOML_SFPSSS","UK-MID",57,115,0,0,66,58,62,0,58,0,0,0,0,0,0,0,0,0,0,0,0,0,0,0,"NULL","NULL",24.919618,-80.54652,2014-12-01 21:40:00,2025-08-09 22:45:00,5.42629484197747
"AOML_SFPSSS","UK-OFF",57,118,0,0,67,58,62,0,59,0,0,0,0,0,0,0,0,0,0,0,0,0,0,0,"NULL","NULL",24.8984098,-80.52960196,2014-12-01 21:52:00,2025-08-09 22:34:00,5.51987423249698
"AOML_SFPSSS","V1",66,101,0,0,67,65,63,0,64,0,0,0,0,0,0,0,0,0,0,0,0,0,0,0,"NULL","NULL",27.1099,-82.47948846,2019-01-30 17:59:00,2025-08-14 12:04:00,5.20091380641671
"AOML_SFPSSS","V10",3,6,0,0,3,3,3,0,3,0,0,0,0,0,0,0,0,0,0,0,0,0,0,0,"NULL","NULL",26.6236,-83.2445,2019-09-26 13:35:00,2019-09-26 13:35:00,NA
"AOML_SFPSSS","V11",4,8,0,0,4,4,3,0,4,0,0,0,0,0,0,0,0,0,0,0,0,0,0,0,"NULL","NULL",26.5191,-83.4099,2019-09-26 15:16:00,2019-09-26 15:16:00,NA
"AOML_SFPSSS","V2",69,113,0,0,68,63,69,0,69,0,0,0,0,0,0,0,0,0,0,0,0,0,0,0,"NULL","NULL",27.07186538,-82.54675,2019-01-30 18:39:00,2025-08-14 11:20:00,5.20104086896912
"AOML_SFPSSS","V3",68,107,0,0,64,64,65,0,68,0,0,0,0,0,0,0,0,0,0,0,0,0,0,0,"NULL","NULL",27.033136,-82.615488,2019-09-26 06:40:00,2025-08-14 10:36:00,5.60834381329173
"AOML_SFPSSS","V4",72,113,0,0,66,63,70,0,70,0,0,0,0,0,0,0,0,0,0,0,0,0,0,0,"NULL","NULL",26.99403076,-82.6835923,2019-01-30 20:01:00,2025-08-14 09:46:00,5.35428673644348
"AOML_SFPSSS","V5",66,105,0,0,64,61,65,0,66,0,0,0,0,0,0,0,0,0,0,0,0,0,0,0,"NULL","NULL",26.954644,-82.752296,2019-09-26 08:10:00,2025-08-14 09:08:00,5.60866640082879
"AOML_SFPSSS","V6",72,116,0,0,68,67,69,0,70,0,0,0,0,0,0,0,0,0,0,0,0,0,0,0,"NULL","NULL",26.91648846,-82.8207923,2019-01-30 21:37:00,2025-08-14 08:16:00,5.20158851910124
"AOML_SFPSSS","V7",75,119,0,0,70,72,72,0,74,0,0,0,0,0,0,0,0,0,0,0,0,0,0,0,"NULL","NULL",26.877196,-82.888784,2019-09-26 09:47:00,2025-08-14 07:35:00,5.77898080032885
"AOML_SFPSSS","V8",67,110,0,0,61,60,66,0,68,0,0,0,0,0,0,0,0,0,0,0,0,0,0,0,"NULL","NULL",26.831816,-82.958376,2019-09-26 10:41:00,2025-08-14 06:42:00,5.60920473344556
"AOML_SFPSSS","V9",75,122,0,0,67,71,73,0,76,0,0,0,0,0,0,0,0,0,0,0,0,0,0,0,"NULL","NULL",26.730292,-83.101404,2019-09-26 12:00:00,2025-08-14 05:18:00,5.6095002259096
"AOML_SFPSSS","WS",117,231,0,0,121,110,123,0,122,0,0,0,0,0,0,0,0,0,0,0,0,0,0,0,"NULL","NULL",24.47604423,-81.71618461,2015-04-14 17:50:00,2025-08-10 13:22:00,5.81174267565284
"AOML_SFPSSS","Z03-027",1,2,0,0,2,1,1,0,1,0,0,0,0,0,0,0,0,0,0,0,0,0,0,0,"NULL","NULL",25.1061,-81.785,2018-10-18 20:36:00,2018-10-18 20:36:00,NA
"AOML_SFPSSS","Z03-076",2,4,0,0,1,2,3,0,2,0,0,0,0,0,0,0,0,0,0,0,0,0,0,0,"NULL","NULL",25.3005,-82.1801,2018-10-13 23:05:00,2018-10-13 23:05:00,NA
"AOML_SFPSSS","Z03-116",2,4,0,0,2,2,3,0,2,0,0,0,0,0,0,0,0,0,0,0,0,0,0,0,"NULL","NULL",25.3775,-81.9113,2018-10-18 15:45:00,2018-10-18 15:45:00,NA
"AOML_SFPSSS","Z03-146",2,4,0,0,3,2,3,0,2,0,0,0,0,0,0,0,0,0,0,0,0,0,0,0,"NULL","NULL",25.5754,-82.0103,2018-10-18 00:25:00,2018-10-18 00:25:00,NA
"AOML_SFPSSS","Z03-198",2,4,0,0,3,2,3,0,2,0,0,0,0,0,0,0,0,0,0,0,0,0,0,0,"NULL","NULL",25.5931,-81.9796,2018-10-17 22:30:00,2018-10-17 22:30:00,NA
"AOML_SFPSSS","Z04-067",4,8,0,0,3,4,5,0,4,0,0,0,0,0,0,0,0,0,0,0,0,0,0,0,"NULL","NULL",26.4169,-82.3957,2018-10-14 20:10:00,2018-10-14 20:10:00,NA
"AOML_SFPSSS","Z04-068",3,6,0,0,2,3,4,0,3,0,0,0,0,0,0,0,0,0,0,0,0,0,0,0,"NULL","NULL",26.4249,-82.3156,2018-10-14 18:15:00,2018-10-14 18:15:00,NA
"AOML_SFPSSS","Z04-093",1,2,0,0,1,1,2,0,1,0,0,0,0,0,0,0,0,0,0,0,0,0,0,0,"NULL","NULL",26.5214,-82.2823,2018-10-15 13:55:00,2018-10-15 13:55:00,NA
"AOML_SFPSSS","Z04-099",2,4,0,0,2,2,3,0,2,0,0,0,0,0,0,0,0,0,0,0,0,0,0,0,"NULL","NULL",26.5834,-82.7386,2018-10-15 22:25:00,2018-10-15 22:25:00,NA
"AOML_SFPSSS","Z04-110",2,4,0,0,3,2,2,0,2,0,0,0,0,0,0,0,0,0,0,0,0,0,0,0,"NULL","NULL",26.6071,-82.4678,2018-10-15 16:50:00,2018-10-15 16:50:00,NA
"AOML_SFPSSS","Z04-610",2,4,0,0,3,2,3,0,2,0,0,0,0,0,0,0,0,0,0,0,0,0,0,0,"NULL","NULL",26.6379,-82.5892,2018-10-15 20:00:00,2018-10-15 20:00:00,NA
"BBWW","AN01",0,0,0,0,0,0,26,0,25,26,26,0,0,0,0,0,0,0,0,0,0,0,0,0,"NULL","NULL",25.7286667,-80.2084333,2015-07-08,2018-11-09,7.78401639344262
"BBWW","AN02",0,0,0,0,0,0,25,0,25,25,25,0,0,0,0,0,0,0,0,0,0,0,0,0,"NULL","NULL",25.7102333,-80.2462,2016-05-02,2018-12-03,9.66269841269841
"BBWW","AN03",0,0,0,0,0,0,25,0,25,25,24,0,0,0,0,0,0,0,0,0,0,0,0,0,"NULL","NULL",25.6780139,-80.2433917,2016-05-02,2018-12-05,9.64229144667371
"BBWW","BB15",0,0,0,0,0,0,16,0,16,16,16,0,0,0,0,0,0,0,0,0,0,0,0,0,"NULL","NULL",25.8150757,-80.1752699,2016-03-10,2018-12-07,5.83233532934132
"BBWW","BB16",0,0,0,0,0,0,13,0,13,13,12,0,0,0,0,0,0,0,0,0,0,0,0,0,"NULL","NULL",25.7933892,-80.1809772,2015-07-08,2018-12-07,3.8046875
"BBWW","BB27",0,0,0,0,0,0,17,0,15,16,17,0,0,0,0,0,0,0,0,0,0,0,0,0,"NULL","NULL",25.7375383,-80.1834006,2015-09-09,2017-12-05,7.59077017114914
"BBWW","BB28",0,0,0,0,0,0,1,0,1,1,1,0,0,0,0,0,0,0,0,0,0,0,0,0,"NULL","NULL",25.7292042,-80.160255,2015-11-05,2015-11-05,NA
"BBWW","BB32",0,0,0,0,0,0,19,0,20,19,19,0,0,0,0,0,0,0,0,0,0,0,0,0,"NULL","NULL",25.68568,-80.1835687,2015-12-11,2018-06-04,7.65976821192053
"BBWW","BB36",0,0,0,0,0,0,13,0,13,13,12,0,0,0,0,0,0,0,0,0,0,0,0,0,"NULL","NULL",25.5999564,-80.2362719,2015-11-01,2019-08-10,3.44575471698113
"BBWW","BB44",0,0,0,0,0,0,5,0,5,5,5,0,0,0,0,0,0,0,0,0,0,0,0,0,"NULL","NULL",25.4011904,-80.2553746,2015-07-08,2016-06-19,5.26296829971182
"BBWW","BB54",0,0,0,0,0,0,17,0,16,16,15,0,0,0,0,0,0,0,0,0,0,0,0,0,"NULL","NULL",25.7483333,-80.1997222,2015-08-07,2017-12-05,7.29641598119859
"BBWW","BB56",0,0,0,0,0,0,31,0,31,31,31,0,0,0,0,0,0,0,0,0,0,0,0,0,"NULL","NULL",25.19725,-80.3980167,2015-11-01,2018-12-04,9.70549158547387
"BBWW","BISC102",0,0,0,0,0,0,14,0,15,14,14,0,0,0,0,0,0,0,0,0,0,0,0,0,"NULL","NULL",25.5458306,-80.2946694,2016-02-11,2018-09-09,5.43411264612115
"BBWW","BISC110",0,0,0,0,0,0,30,0,31,31,31,0,0,0,0,0,0,0,0,0,0,0,0,0,"NULL","NULL",25.5053886,-80.2872717,2015-08-07,2018-12-03,9.32681219110379
"BBWW","BISC123",0,0,0,0,0,0,1,0,1,1,1,0,0,0,0,0,0,0,0,0,0,0,0,0,"NULL","NULL",25.445,-80.2833306,2015-10-09,2015-10-09,NA
"BBWW","FLAB02",0,0,0,0,0,0,28,0,28,28,28,0,0,0,0,0,0,0,0,0,0,0,0,0,"NULL","NULL",25.2850348,-80.3950348,2015-11-01,2018-12-04,9.05845881310895
"BROWARD","1",0,16,0,0,87,62,90,0,95,94,87,16,95,83,87,61,85,95,0,0,0,0,0,0,".5000","NULL",26.3250997625831,-80.0908458214625,1999-01-26,2025-05-19 10:00:00,3.26848471710384
"BROWARD","10",0,16,0,0,76,53,81,0,84,84,79,16,83,68,73,50,67,85,0,0,0,0,0,0,".5000","NULL",26.1654581092896,-80.1600034098361,1999-01-26,2025-05-14 12:50:00,3.27014590112616
"BROWARD","109",0,0,0,0,22,20,19,0,25,25,25,0,25,15,25,22,11,24,0,0,0,0,0,0,".5000","NULL",26.222,-80.23,1999-01-26,2005-02-23 11:00:00,4.11232665928581
"BROWARD","11",0,26,0,0,118,88,123,0,134,134,122,26,132,112,116,77,103,133,0,0,0,0,0,0,".5000","NULL",26.1730644044321,-80.1709849722992,1999-01-26,2025-05-22 09:20:00,3.2674741824192
"BROWARD","110",0,16,0,0,76,57,85,0,89,89,83,16,88,72,74,50,69,84,0,0,0,0,0,0,".5000","NULL",26.2311531885021,-80.1271512398734,1999-01-26,2025-05-29 08:50:00,3.4169690608684
"BROWARD","111",0,16,0,0,70,49,75,0,81,81,74,16,80,67,69,48,66,76,0,0,0,0,0,0,".5000","NULL",26.153091775576,-80.1292026335253,2001-01-31 11:25:00,2025-05-22 12:20:00,3.37392938319721
"BROWARD","112",0,16,0,0,71,44,76,0,84,84,77,16,83,64,68,49,67,76,0,0,0,0,0,0,".5000","NULL",26.1638956886857,-80.1263738601143,2001-01-31 11:50:00,2025-05-22 12:05:00,3.373939940835
"BROWARD","114",0,0,0,0,34,34,34,0,34,34,34,0,34,34,32,31,30,34,0,0,0,0,0,0,".5000",".5000",26.0291138,-80.4113944,2004-05-06 13:30:00,2009-10-27 11:30:00,4.01791741322555
"BROWARD","12",0,16,0,0,81,62,81,0,91,91,85,16,90,75,79,58,69,86,0,0,0,0,0,0,".5000","NULL",26.1730233877551,-80.1869961020408,1999-01-26,2025-05-22 08:55:00,3.41945590108685
"BROWARD","120",0,16,0,0,23,6,28,0,32,32,27,16,31,23,22,4,22,28,0,0,0,0,0,0,".5000",".5000",26.324494723871,-80.0988082592258,2013-08-05 09:25:00,2025-05-19 09:15:00,2.79983030041021
"BROWARD","121",0,26,0,0,38,12,46,0,50,50,42,26,50,40,36,6,36,50,0,0,0,0,0,0,".5000",".5000",26.1354531293701,-80.2020287237008,2013-08-07 11:55:00,2025-05-27 12:11:00,2.54174710238124
"BROWARD","122",0,16,0,0,22,7,25,0,28,28,23,16,27,23,21,3,21,28,0,0,0,0,0,0,".5000",".5000",26.0998311114583,-80.2501688548611,2013-08-07 08:45:00,2025-05-21 08:09:00,2.46046725010017
"BROWARD","123",0,15,0,0,21,7,25,0,27,27,22,14,27,22,20,2,20,27,0,0,0,0,0,0,".5000",".5000",26.0908070282609,-80.1788916934783,2013-08-07 13:00:00,2025-05-27 13:35:00,2.45701467893603
"BROWARD","124",0,26,0,0,38,14,44,0,50,50,40,26,48,40,36,4,36,50,0,0,0,0,0,0,".5000",".5000",26.06565,-80.2158812621514,2013-08-06 08:45:00,2025-05-13 08:20:00,2.46447016890192
"BROWARD","125",0,15,0,0,21,7,23,0,26,26,22,15,25,22,20,2,20,26,0,0,0,0,0,0,".5000",".5000",26.1259836185185,-80.1185725814815,2013-08-07 13:46:00,2025-05-14 12:30:00,2.29452561655726
"BROWARD","126",0,0,0,0,5,5,8,0,11,11,6,0,11,6,4,1,4,11,0,0,0,0,0,0,".5000",".5000",26.314665,-80.1269166,2013-08-06 09:35:00,2016-06-07 09:40:00,4.23068080128968
"BROWARD","127",0,0,0,0,3,3,4,0,6,6,3,0,6,2,3,1,3,6,0,0,0,0,0,0,".5000",".5000",26.2224116,-80.106425,2014-02-19 11:30:00,2015-08-25 13:15:00,4.63118172040982
"BROWARD","128",0,16,0,0,16,0,16,0,16,16,16,16,15,16,16,0,16,16,0,0,0,0,0,0,".5000",".5000",26.06768,-80.18218,2021-03-03 09:35:00,2025-05-13 09:08:00,3.81466809727599
"BROWARD","129",0,16,0,0,16,0,16,0,16,16,16,16,15,16,16,0,16,16,0,0,0,0,0,0,".5000",".5000",26.02595,-80.16338,2021-03-03 12:20:00,2025-05-13 11:10:00,3.81474245357002
"BROWARD","13",0,0,0,0,38,28,26,0,35,36,38,0,35,32,40,31,18,37,0,0,0,0,0,0,".5000","NULL",26.173,-80.221,1999-01-26,2005-12-01 10:05:00,4.08847751763235
"BROWARD","14",0,16,0,0,79,60,76,0,85,86,80,16,85,79,77,56,66,86,0,0,0,0,0,0,".5000","NULL",26.1529688190074,-80.2569233579726,1999-01-26,2025-05-22 08:16:00,3.26748928861617
"BROWARD","15",0,16,0,0,79,57,86,0,90,90,85,16,90,72,76,53,67,85,0,0,0,0,0,0,".5000","NULL",26.1180604989605,-80.1439253846154,1999-01-27,2025-05-27 09:45:00,3.45599937613117
"BROWARD","16",0,16,0,0,84,63,79,0,87,88,87,16,88,84,85,53,83,90,0,0,0,0,0,0,".5000","NULL",26.1211310515454,-80.1630114330409,1999-01-27,2025-05-27 10:22:00,3.30407848826588
"BROWARD","17",0,16,0,0,68,51,73,0,73,73,73,16,73,65,69,47,57,73,0,0,0,0,0,0,".5000","NULL",26.1351915767594,-80.1948123337364,1999-01-27,2025-05-27 11:42:00,2.81034937659134
"BROWARD","18",0,0,0,0,22,22,26,0,28,28,28,0,28,24,27,22,15,28,0,0,0,0,0,0,".5000","NULL",26.135,-80.213,1999-01-27,2005-11-30 13:20:00,4.0915273826458
"BROWARD","19",0,16,0,0,79,58,82,0,85,85,81,16,85,73,77,54,65,84,0,0,0,0,0,0,".5000","NULL",26.1089958723404,-80.1590165106383,1999-01-27,2025-05-27 08:55:00,3.30409924460332
"BROWARD","2",0,16,0,0,78,57,77,0,85,85,77,16,84,70,76,57,72,84,0,0,0,0,0,0,".5000","NULL",26.3279386509636,-80.131118608137,1999-01-26,2025-05-29 10:12:00,3.26508444273512
"BROWARD","20",0,16,0,0,78,59,76,0,84,84,79,15,84,72,76,54,61,83,0,0,0,0,0,0,".5000","NULL",26.087163900456,-80.1839664823453,1999-01-27,2025-05-27 14:10:00,3.2280695167203
"BROWARD","21",0,0,0,0,54,49,51,0,55,55,54,0,55,49,54,49,40,55,0,0,0,0,0,0,".5000","NULL",26.14618,-80.4416,1999-01-27,2013-05-15 13:30:00,3.91646820885341
"BROWARD","22",0,16,0,0,75,55,76,0,88,88,82,16,87,78,75,51,63,84,0,0,0,0,0,0,".5000","NULL",26.1160143147752,-80.3169182012848,1999-01-27,2025-05-21 08:55:00,3.38216558438626
"BROWARD","23",0,26,0,0,97,73,100,0,117,117,105,26,115,102,101,61,87,117,0,0,0,0,0,0,".5000","NULL",26.1288049560289,-80.3676910663987,1999-01-27,2025-05-21 09:44:00,3.26814843244687
"BROWARD","24",0,16,0,0,78,54,85,0,89,89,83,16,88,71,72,51,63,84,0,0,0,0,0,0,".5000","NULL",26.0591017039404,-80.1439959318424,1999-01-27,2025-05-13 10:09:00,3.42299826689399
"BROWARD","25",0,16,0,0,79,59,82,0,85,85,80,16,84,76,77,57,67,84,0,0,0,0,0,0,".5000","NULL",26.0480302534319,-80.155026219641,1999-01-27,2025-05-13 10:36:00,3.27085862446883
"BROWARD","26",0,16,0,0,78,58,82,0,85,85,79,16,84,74,74,54,63,84,0,0,0,0,0,0,".5000","NULL",26.0680245922747,-80.1689180257511,1999-01-27,2025-05-13 09:30:00,3.27087423502537
"BROWARD","27",0,0,0,0,80,78,78,0,84,84,82,0,84,79,80,66,72,84,0,0,0,0,0,0,".5000","NULL",26.066,-80.209,1999-01-27,2013-05-14 09:15:00,3.98730381663551
"BROWARD","28",0,16,0,0,78,56,77,0,89,89,83,16,88,74,77,52,65,84,0,0,0,0,0,0,".5000","NULL",26.0631719809322,-80.3138482521186,1999-01-27,2025-05-21 12:30:00,3.42011431593595
"BROWARD","29",0,16,0,0,76,58,74,0,87,87,81,16,86,82,78,54,63,87,0,0,0,0,0,0,".5000","NULL",26.0608854696296,-80.4339130899471,1999-01-27,2025-05-21 10:26:00,3.26813851498931
"BROWARD","3",0,16,0,0,81,59,83,0,92,93,86,16,92,73,79,56,73,85,0,0,0,0,0,0,".5000","NULL",26.3271611077236,-80.2030038821138,1999-01-26,2025-05-29 11:07:00,3.41693526970541
"BROWARD","31",0,16,0,0,81,59,87,0,91,91,85,16,90,82,79,54,72,87,0,0,0,0,0,0,".5000","NULL",25.9640385858586,-80.3117337575758,1999-01-27,2025-05-21 11:52:00,3.42012370604872
"BROWARD","32",0,16,0,0,87,69,95,0,114,114,108,16,112,99,99,61,80,104,0,0,0,0,0,0,".5000","NULL",25.9569625809199,-80.4317754855196,1999-01-27,2025-05-21 11:02:00,3.42013606153881
"BROWARD","33",0,16,0,0,95,69,100,0,100,105,99,16,103,89,93,61,93,102,0,0,0,0,0,0,".5000","NULL",26.3138962138475,-80.0817656441718,1999-01-26,2025-05-19 10:25:00,3.26847881263312
"BROWARD","34",0,16,0,0,70,53,81,0,85,85,79,16,84,69,70,46,64,84,0,0,0,0,0,0,".5000","NULL",26.2615336141907,-80.0836611973393,1999-01-26,2025-05-19 11:05:00,3.26846936552433
"BROWARD","35",0,26,0,0,116,88,129,0,135,135,123,26,133,115,109,71,104,134,0,0,0,0,0,0,".5000","NULL",26.2502361495845,-80.0907037396122,1999-01-26,2025-05-19 11:30:00,3.26846346110908
"BROWARD","36",0,16,0,0,79,55,83,0,87,87,82,16,85,70,76,54,70,85,0,0,0,0,0,0,".5000","NULL",26.1892728571429,-80.1036968253968,1999-01-26,2025-05-19 12:12:00,3.30645881548062
"BROWARD","37",0,16,0,0,81,59,84,0,88,88,82,16,87,73,76,53,69,87,0,0,0,0,0,0,".5000","NULL",26.1381533576642,-80.1088147758081,1999-01-26,2025-05-19 12:50:00,3.30644973650876
"BROWARD","38",0,16,0,0,79,59,84,0,87,88,83,16,87,74,74,51,65,87,0,0,0,0,0,0,".5000","NULL",26.1005327894737,-80.1197346105263,1999-01-27,2025-05-14 11:50:00,3.30852964505183
"BROWARD","39",0,15,0,0,70,53,75,0,78,78,74,15,77,63,64,47,57,77,0,0,0,0,0,0,".5000","NULL",26.065893831554,-80.1148046500593,1999-01-27,2025-05-14 11:10:00,3.00430572296017
"BROWARD","4",0,26,0,0,123,101,129,0,152,153,136,26,151,131,132,80,114,151,0,0,0,0,0,0,".5000","NULL",26.3526755140187,-80.2887117133956,1999-01-26,2025-05-29 11:47:00,3.26506205251854
"BROWARD","40",0,26,0,0,120,88,128,0,134,134,123,26,132,110,110,77,99,135,0,0,0,0,0,0,".5000","NULL",26.0341827323162,-80.1178129680999,1999-01-27,2025-05-14 10:27:00,3.27052019585569
"BROWARD","41",0,16,0,0,96,73,102,0,105,110,104,16,106,83,89,58,75,105,0,0,0,0,0,0,".5000","NULL",25.986196370826,-80.1210755272408,1999-01-27,2025-05-14 09:35:00,3.30856194011208
"BROWARD","47",0,0,0,0,26,23,27,0,27,27,27,0,27,18,21,21,14,26,0,0,0,0,0,0,".5000","NULL",26.063,-80.118,1999-01-27,2005-12-01 11:45:00,3.94392764750236
"BROWARD","49",0,0,0,0,55,46,57,0,57,56,56,0,57,48,52,50,43,56,0,0,0,0,0,0,".5000","NULL",26.12,-80.122,1999-01-27,2013-05-15 12:20:00,3.98644224657665
"BROWARD","5",0,16,0,0,74,51,78,0,79,79,76,16,78,70,70,52,69,78,0,0,0,0,0,0,".5000","NULL",26.2219180812641,-80.1037908916479,1999-01-26,2025-05-22 11:30:00,3.00148879502955
"BROWARD","6",0,16,0,0,77,58,79,0,85,85,79,16,84,70,76,55,66,84,0,0,0,0,0,0,".5000","NULL",26.2060410752688,-80.1329240107527,1999-01-26,2025-05-22 11:03:00,3.30544347432994
"BROWARD","64",0,16,0,0,64,47,71,0,74,74,69,16,74,63,62,41,61,70,0,0,0,0,0,0,".5000","NULL",26.1289581666334,-80.1757601705237,2003-04-24,2025-05-27 11:07:00,3.34947930843878
"BROWARD","7",0,14,0,0,81,61,76,0,83,86,82,14,86,72,83,54,73,87,0,0,0,0,0,0,".5000","NULL",26.2189241176471,-80.1709205882353,1999-01-26,2025-05-22 10:07:00,3.19147557519952
"BROWARD","8",0,16,0,0,56,39,62,0,66,66,60,16,65,57,54,36,53,62,0,0,0,0,0,0,".5000",".5000",26.2301348870057,-80.2049595338983,2005-02-23 11:20:00,2025-05-29 13:05:00,3.25760303600612
"BROWARD","89",0,16,0,0,74,58,76,0,85,85,79,16,84,67,76,51,65,84,0,0,0,0,0,0,".5000","NULL",26.2291346987882,-80.2819891572052,1999-01-26,2025-05-29 12:30:00,3.26505191810041
"BROWARD","90",0,0,0,0,82,76,80,0,84,84,82,0,84,79,80,74,66,83,0,0,0,0,0,0,".5000","NULL",26.085,-80.182,1999-01-27,2013-05-15 12:30:00,3.98643694575975
"DERM","ABA1",0,0,0,0,0,0,21,0,21,21,21,0,21,0,0,0,0,0,0,0,0,0,0,0,".0000",".6000",25.2088056,-80.578624,1995-12-18 08:41:00,2002-09-23 10:09:00,1.62592093814848
"DERM","ABA2",0,0,0,0,0,0,11,0,11,12,12,0,12,0,0,0,0,0,0,0,0,0,0,0,".0000",".4000",25.2087969,-80.5755994,1996-07-22 12:48:00,2003-05-22 11:40:00,0.878373338172733
"DERM","ABA3",0,0,0,0,0,0,12,0,12,11,12,0,12,0,0,0,0,0,0,0,0,0,0,0,".0000",".5000",25.2087882,-80.5725749,1997-04-22 10:18:00,2003-07-16 10:16:00,0.962874049791331
"DERM","ABA4",0,0,0,0,0,0,11,0,12,12,12,0,11,0,0,0,0,0,0,0,0,0,0,0,".0000",".5000",25.2087794,-80.5695503,1998-01-13 09:39:00,2003-09-23 09:42:00,1.05411149780393
"DERM","ABA5",0,0,0,0,0,0,8,0,8,8,8,0,8,0,0,0,0,0,0,0,0,0,0,0,".0000",".4000",25.2087706,-80.5665258,1996-09-23 10:54:00,1999-02-18 10:25:00,1.66404728025431
"DERM","ABA6",0,0,0,0,0,0,13,0,14,14,12,0,13,0,0,0,0,0,0,0,0,0,0,0,".0000",".6000",25.2060453,-80.575609,1997-06-18 10:27:00,2004-03-11 10:30:00,1.0401740573518
"DERM","ABA7",0,0,0,0,0,0,18,0,18,18,12,0,17,0,0,0,0,0,0,0,0,0,0,0,".0000",".8000",25.2060366,-80.5725845,1996-06-21 08:48:00,2004-07-19 10:19:00,1.11429816357512
"DERM","ABA8",0,0,0,0,0,0,11,0,10,11,12,0,10,0,0,0,0,0,0,0,0,0,0,0,".0000",".5000",25.2060279,-80.56956,1996-12-18 10:20:00,2003-03-17 10:38:00,0.961178940904929
"DERM","ABA9",0,0,0,0,0,0,15,0,15,16,16,0,15,0,0,0,0,0,0,0,0,0,0,0,".0000",".6000",25.206019,-80.5665355,1996-03-26 09:38:00,2000-07-21 10:09:00,2.08314648573218
"DERM","ABB1",0,0,0,0,0,0,11,0,12,11,12,0,11,0,0,0,0,0,0,0,0,0,0,0,".1000",".6000",25.206054,-80.5786335,1998-04-21 10:50:00,2001-01-29 11:16:00,2.16120412057094
"DERM","ABB2",0,0,0,0,0,0,10,0,10,10,10,0,10,0,0,0,0,0,0,0,0,0,0,0,".0000",".7000",25.203311,-80.5816674,1995-12-18 09:14:00,2002-09-23 10:29:00,0.739057671959902
"DERM","ABB3",0,0,0,0,0,0,22,0,22,22,22,0,22,0,0,0,0,0,0,0,0,0,0,0,".0000",".7000",25.2033024,-80.578643,1996-04-19 11:03:00,2003-09-23 10:05:00,1.48094716154098
"DERM","ABB4",0,0,0,0,0,0,15,0,16,15,14,0,15,0,0,0,0,0,0,0,0,0,0,0,".0000",".6000",25.203285,-80.5725941,1996-01-19 09:05:00,2004-05-13 08:42:00,0.962138744647296
"DERM","ABB5",0,0,0,0,0,0,6,0,6,6,6,0,6,0,0,0,0,0,0,0,0,0,0,0,".1000",".9000",25.2005594,-80.5816768,1996-12-18 10:53:00,2001-09-06 11:01:00,0.635952679587671
"DERM","ABB6",0,0,0,0,0,0,13,0,14,13,12,0,13,0,0,0,0,0,0,0,0,0,0,0,".0000",".8000",25.2005508,-80.5786524,1997-07-18 10:30:00,2004-07-19 10:55:00,0.999504553358246
"DERM","ABB7",0,0,0,0,0,0,13,0,13,13,13,0,13,0,0,0,0,0,0,0,0,0,0,0,".0000",".5000",25.2005334,-80.5726038,1996-02-23 10:39:00,2003-01-14 11:21:00,1.01578083951484
"DERM","ABB8",0,0,0,0,0,0,24,0,23,24,18,0,24,0,0,0,0,0,0,0,0,0,0,0,".0000","1.3000",25.1978078,-80.5816862,1996-03-26 10:28:00,2004-12-27 10:44:00,1.25632771757446
"DERM","ABB9",0,0,0,0,0,0,26,0,27,27,25,0,27,0,0,0,0,0,0,0,0,0,0,0,".0000","1.1000",25.1977992,-80.5786619,1996-06-21 09:29:00,2004-03-11 11:01:00,1.68373844958201
"DERM","ABC1",0,0,0,0,0,0,15,0,15,15,15,0,15,0,0,0,0,0,0,0,0,0,0,0,".1000","1.1000",25.1978332,-80.5907591,1996-12-18 11:20:00,2003-09-23 10:29:00,1.03513630003129
"DERM","ABC2",0,0,0,0,0,0,24,0,24,24,19,0,24,0,0,0,0,0,0,0,0,0,0,0,".1000","1.2000",25.1978248,-80.5877348,1998-02-24 10:41:00,2004-12-27 11:28:00,1.75458075757951
"DERM","ABC3",0,0,0,0,0,0,7,0,7,7,7,0,7,0,0,0,0,0,0,0,0,0,0,0,".0000","1.1000",25.1978163,-80.5847105,1997-04-22 11:13:00,2003-07-16 10:59:00,0.481438787633954
"DERM","ABC4",0,0,0,0,0,0,23,0,23,23,21,0,23,0,0,0,0,0,0,0,0,0,0,0,".0000","1.3000",25.1950816,-80.5907683,1996-09-23 12:09:00,2004-07-19 11:15:00,1.27890334694521
"DERM","ABC5",0,0,0,0,0,0,22,0,22,22,22,0,22,0,0,0,0,0,0,0,0,0,0,0,".0000","1.3000",25.1950732,-80.5877441,1995-12-18 09:48:00,2002-01-16 11:15:00,1.64448475718712
"DERM","ABC6",0,0,0,0,0,0,18,0,18,18,16,0,18,0,0,0,0,0,0,0,0,0,0,0,".0000","1.2000",25.1950647,-80.5847199,1996-01-19 09:46:00,2004-01-22 11:10:00,0.998954436806104
"DERM","ABC7",0,0,0,0,0,0,24,0,24,24,21,0,24,0,0,0,0,0,0,0,0,0,0,0,".0000","1.3000",25.1923299,-80.5907775,1996-08-19 11:56:00,2004-03-11 11:34:00,1.19060781957323
"DERM","ABC8",0,0,0,0,0,0,12,0,12,12,12,0,12,0,0,0,0,0,0,0,0,0,0,0,".0000","2.1000",25.1923216,-80.5877534,1997-01-21 10:31:00,2002-05-28 10:47:00,0.935094526400828
"DERM","ABC9",0,0,0,0,0,0,21,0,21,21,21,0,21,0,0,0,0,0,0,0,0,0,0,0,".0000","1.4000",25.1923131,-80.5847292,1996-04-19 11:28:00,2001-05-30 11:57:00,1.565060782761
"DERM","ABD1",0,0,0,0,0,0,22,0,23,23,21,0,23,0,0,0,0,0,0,0,0,0,0,0,".0000","1.3000",25.1950562,-80.5816956,1996-09-23 11:52:00,2004-01-22 10:57:00,1.22797792377086
"DERM","ABD2",0,0,0,0,0,0,22,0,22,22,19,0,22,0,0,0,0,0,0,0,0,0,0,0,".0000","1.2000",25.1950476,-80.5786714,1997-08-19 11:53:00,2004-03-11 11:21:00,1.37198684832914
"DERM","ABD3",0,0,0,0,0,0,25,0,25,25,25,0,25,0,0,0,0,0,0,0,0,0,0,0,".0000","1.2000",25.1950389,-80.5756472,1996-03-26 11:08:00,2003-01-14 12:35:00,1.6167614972473
"DERM","ABD4",0,0,0,0,0,0,12,0,12,12,12,0,12,0,0,0,0,0,0,0,0,0,0,0,".0000","1.0000",25.1950303,-80.572623,1996-11-26 11:04:00,2003-09-23 10:44:00,0.879419026546206
"DERM","ABD5",0,0,0,0,0,0,23,0,23,21,20,0,23,0,0,0,0,0,0,0,0,0,0,0,".0000","1.3000",25.1923046,-80.5817051,1996-02-23 10:20:00,2004-12-27 11:49:00,1.01770498457524
"DERM","ABD6",0,0,0,0,0,0,18,0,18,18,13,0,17,0,0,0,0,0,0,0,0,0,0,0,".0000","1.4000",25.192296,-80.5786809,1996-01-19 10:02:00,2004-09-22 11:16:00,0.922042479413529
"DERM","ABD7",0,0,0,0,0,0,14,0,14,14,12,0,14,0,0,0,0,0,0,0,0,0,0,0,".1000","1.3000",25.1922873,-80.5756568,1998-01-13 11:17:00,2004-07-19 11:30:00,0.921181876323971
"DERM","ABD8",0,0,0,0,0,0,12,0,12,12,12,0,12,0,0,0,0,0,0,0,0,0,0,0,".1000","1.2000",25.1922786,-80.5726326,1999-02-18 11:17:00,2001-09-06 11:42:00,1.96156385077555
"DERM","ABD9",0,0,0,0,0,0,19,0,19,19,19,0,19,0,0,0,0,0,0,0,0,0,0,0,".0000","1.2000",25.1922699,-80.5696084,1995-12-18 10:06:00,2002-11-20 11:51:00,1.29978458839084
"DERM","AC01",0,3,0,0,337,323,1069,49,1068,1060,1038,395,1069,419,95,100,96,333,7,0,0,0,0,0,".0000","NULL",25.9005803054872,-80.1442540806809,1994-01-03 12:24:00,2025-12-01 10:21:08,11.1565810317414
"DERM","AC02",0,0,0,0,286,220,815,11,816,813,778,146,816,291,53,37,67,282,0,0,0,0,0,0,".0000","6.0000",25.8939883,-80.1540054,1994-01-03 12:08:00,2025-12-01 10:07:27,8.55546685742467
"DERM","AC03",0,0,0,0,338,341,981,48,984,979,962,360,983,407,87,97,92,333,0,0,0,0,0,0,".0000","NULL",25.9003013114703,-80.1623633097326,1994-01-03 11:40:00,2025-12-01 09:23:01,10.9685579930905
"DERM","AC04",0,0,0,0,22,44,47,6,47,47,50,40,47,23,11,1,1,23,0,0,0,0,0,0,".1000","NULL",25.9049286,-80.1628313,2012-10-01 09:00:00,2014-09-08 10:11:00,11.8814203394192
"DERM","AC06",0,0,0,0,224,288,626,78,634,632,654,351,633,221,121,116,82,218,0,0,0,0,0,0,".0000","NULL",25.9076212565539,-80.1637266478065,1998-08-31 12:13:00,2025-12-01 09:44:25,8.99007209377572
"DERM","AC08E",0,0,0,0,43,86,133,8,132,133,131,0,134,43,20,20,0,43,0,0,0,0,0,0,".1000","3.7000",25.9074899,-80.1637408,2005-02-07 10:45:00,2008-10-06 10:21:00,12.2935339508097
"DERM","AC08W",0,0,0,0,41,82,101,8,100,101,98,0,101,41,18,18,0,41,0,0,0,0,0,0,".1000","1.5020",25.9074899,-80.1637412,2005-02-07 10:50:00,2008-10-06 10:30:00,12.2935084092538
"DERM","AC15",0,0,0,0,0,0,2,0,2,2,2,0,2,0,0,0,0,0,0,0,0,0,0,0,".1000","1.0000",25.9076934,-80.1641958,1994-03-15 13:00:00,1994-03-15 13:00:00,NA
"DERM","AR01",0,3,0,0,231,308,729,49,728,724,688,52,728,239,36,9,28,237,0,0,0,0,0,0,".0000","NULL",25.2620511,-80.4288606,1994-01-05 10:46:00,2014-09-10 10:56:00,11.7994066013076
"DERM","AR03",0,3,0,0,320,357,1020,84,1036,1032,1009,392,1033,328,125,110,95,329,7,0,0,0,0,0,".0000","NULL",25.2885926923077,-80.4427479960385,1994-01-05 09:27:00,2025-12-03 08:33:33,10.9058262379291
"DERM","AR03A",0,0,0,0,0,0,3,0,3,3,3,0,3,0,0,0,0,0,0,0,0,0,0,0,"1.0000","3.4150",25.2991666,-80.4422111,2006-06-07 10:22:00,2006-06-07 10:23:00,NA
"DERM","BB01",0,0,0,0,0,0,482,0,482,479,446,0,482,0,0,0,0,147,0,0,0,0,0,0,".0000","9.9000",25.9727698,-80.123167,1994-01-03 13:38:00,2008-11-03 13:15:00,10.9211285409177
"DERM","BB01A",0,0,0,0,31,0,93,11,93,93,93,93,93,31,11,30,31,31,7,0,0,0,0,0,".1000","9.9460",25.96052599,-80.124254,2023-06-05 12:29:00,2025-12-01 11:41:04,12.4430375734644
"DERM","BB02",0,3,0,0,315,292,1063,46,1064,1055,1034,392,1064,320,111,79,100,322,7,0,0,0,0,0,".0000","NULL",25.9448704,-80.1277678,1994-01-03 13:17:00,2025-12-01 11:25:00,11.0938964271653
"DERM","BB03",0,0,0,0,0,0,552,0,546,547,513,3,552,0,0,0,0,171,0,0,0,0,0,0,".0000","4.3000",25.9294709,-80.1312675,1994-01-03 13:02:00,2009-09-14 12:30:00,11.850124426321
"DERM","BB04",0,6,0,0,325,313,1068,53,1068,1056,1035,401,1068,342,128,82,113,340,7,0,0,0,0,0,".0000","NULL",25.917671,-80.1257684,1994-01-03 12:53:00,2025-12-01 11:00:02,11.1565744507023
"DERM","BB05A",0,3,0,0,285,263,829,46,831,821,808,371,830,359,113,120,101,147,7,0,0,0,0,0,".0000","NULL",25.9017218,-80.1422694,1997-01-06 11:23:00,2025-12-01 10:30:35,11.1416166691933
"DERM","BB06",0,3,0,0,222,242,716,18,719,712,684,54,722,302,56,49,37,234,0,0,0,0,0,0,".0000","5.1460",25.9003731,-80.1324663,1994-01-03 12:34:00,2014-09-08 11:48:00,11.7027504088257
"DERM","BB07",0,0,0,0,0,0,552,0,548,544,515,3,553,0,0,0,0,171,0,0,0,0,0,0,".0000","5.0000",25.900571,-80.125566,1994-01-03 12:43:00,2009-09-14 12:05:00,11.8501330388704
"DERM","BB08",0,0,0,0,67,0,217,0,218,217,219,219,217,70,45,60,67,67,7,0,0,0,0,0,".1000","4.4860",25.86422802,-80.17077892,2018-04-05 10:04:00,2025-12-01 08:35:46,10.4471362634709
"DERM","BB09",0,3,0,0,315,301,1074,48,1075,1064,1046,400,1075,326,112,81,101,328,7,0,0,0,0,0,".0000","NULL",25.871374,-80.1550667,1994-01-03 11:42:00,2025-12-01 09:12:39,11.2192761570436
"DERM","BB10",0,0,0,0,67,0,791,9,793,787,756,239,792,70,46,61,66,240,7,0,0,0,0,0,".0000","3.4340",25.8695722,-80.1438671,1994-01-03 11:36:00,2025-12-01 09:21:40,8.30476402632598
"DERM","BB11",0,3,0,0,150,145,1074,50,1073,1064,1044,402,1075,153,87,78,88,329,7,0,0,0,0,0,".0000","NULL",25.8464751,-80.1669677,1994-01-03 10:40:00,2025-12-01 10:21:00,11.2191890202459
"DERM","BB13",0,0,0,0,2,0,6,1,6,6,6,6,6,2,2,2,2,2,0,0,0,0,0,0,".1000","1.0200",25.8402769,-80.1675006,2021-08-02 09:45:00,2021-09-13 10:08:00,17.3862453101499
"DERM","BB13A",0,0,0,0,51,0,158,4,159,157,158,158,158,51,29,46,51,51,7,0,0,0,0,0,".1000","3.5110",25.84363212,-80.16884056,2021-10-04 09:39:00,2025-12-01 10:14:11,12.2629693090589
"DERM","BB14",0,3,0,0,307,304,976,47,977,968,961,388,978,321,112,76,96,330,7,0,0,0,0,0,".0000","NULL",25.8300761,-80.1585673,1994-01-03 10:18:00,2025-12-01 10:30:10,11.1564912688099
"DERM","BB15",0,0,0,0,55,1,883,5,884,880,845,217,884,54,31,46,53,290,7,0,0,0,0,0,".0000","4.4340",25.8150757,-80.1752699,1994-01-03 09:57:00,2025-12-01 09:18:16,9.27621188442055
"DERM","BB15A",0,0,0,0,66,0,191,0,189,190,191,188,191,68,46,60,67,68,7,0,0,0,0,0,".0550","3.5240",25.81507571,-80.1752699,2018-04-05 09:30:00,2025-12-01 09:28:30,10.4469112914549
"DERM","BB16",0,0,0,0,0,0,731,0,728,723,694,56,732,0,0,0,0,228,0,0,0,0,0,0,".0000","5.0000",25.7933757,-80.1809695,1994-01-04 10:35:00,2014-10-07 09:50:00,11.8040652785965
"DERM","BB17",0,3,0,0,323,305,1062,53,1065,1056,1035,404,1065,335,116,84,108,340,9,0,0,0,0,0,".0000","NULL",25.802675,-80.1659703,1994-01-04 10:28:00,2025-12-01 09:00:00,11.2515391791712
"DERM","BB18",0,0,0,0,67,0,794,9,795,789,758,236,794,67,47,60,66,233,7,0,0,0,0,0,".0000","4.2000",25.7868761,-80.1633701,1994-01-04 10:17:00,2025-12-02 09:48:03,8.33605041521638
"DERM","BB19",0,0,0,0,54,96,726,18,725,717,686,54,726,59,29,6,15,234,0,0,0,0,0,0,".0000","NULL",25.7779759,-80.1827709,1994-01-04 10:48:00,2014-09-09 10:29:00,11.7510797099124
"DERM","BB22",0,3,0,0,318,304,1076,48,1075,1067,1050,400,1078,325,115,79,101,336,7,0,0,0,0,0,".0000","NULL",25.7562781,-80.1742698,1994-01-04 09:28:00,2025-12-02 08:50:01,11.3132173669924
"DERM","BB23",0,0,0,0,0,0,561,0,561,557,521,3,561,0,0,0,0,182,0,0,0,0,0,0,".0000","NULL",25.7684768,-80.1664677,1994-01-04 09:44:00,2009-09-15 09:00:00,11.9138520904185
"DERM","BB24",0,0,0,0,149,146,1074,50,1075,1070,1048,399,1079,153,88,83,83,326,7,0,0,0,0,0,".0000","NULL",25.7665764,-80.1405694,1994-01-04 10:06:00,2025-12-02 09:21:47,11.2818830048656
"DERM","BB25",0,0,0,0,43,0,728,0,729,722,689,173,728,43,21,39,43,216,7,0,0,0,0,0,".0000","5.2760",25.7592763,-80.1450669,1994-01-04 09:58:00,2025-12-02 09:07:20,8.11669117007996
"DERM","BB26",0,0,0,0,121,89,938,20,941,935,903,274,943,125,74,70,83,304,7,0,0,0,0,0,".0000","NULL",25.747777,-80.1850708,1994-01-04 08:36:00,2025-12-02 08:42:09,9.90295647414186
"DERM","BB27",0,3,0,0,221,241,725,0,721,717,690,54,729,229,56,6,31,231,0,0,0,0,0,0,".0000","3.9360",25.7375794,-80.1833694,1994-01-06 08:30:00,2014-09-11 08:44:00,11.7994022618283
"DERM","BB28",0,0,0,0,44,0,900,0,898,889,865,227,902,44,22,41,44,289,7,0,0,0,0,0,".0000","6.8490",25.7291777,-80.1602691,1994-01-06 08:16:00,2025-12-02 08:30:00,9.87330764691573
"DERM","BB29",0,0,0,0,169,159,560,0,556,555,522,3,560,176,5,4,15,180,0,0,0,0,0,0,".0000","3.7000",25.7144802,-80.2109704,1994-01-06 08:39:00,2009-09-17 09:05:00,11.9137510710981
"DERM","BB31",0,3,0,0,312,275,1067,30,1060,1054,1040,391,1072,326,112,78,98,328,7,0,0,0,0,0,".0000","NULL",25.6937801,-80.2075693,1994-01-06 09:06:00,2025-12-04 08:30:00,11.1878618358255
"DERM","BB32",0,3,0,0,119,77,925,40,928,915,890,254,930,123,70,63,80,292,7,0,0,0,0,0,".0000","NULL",25.68568,-80.1835687,1994-01-06 10:20:00,2025-12-04 10:30:42,9.65224609853703
"DERM","BB34",0,3,0,0,151,131,1080,51,1074,1070,1052,401,1082,157,88,81,83,329,7,0,0,0,0,0,".0000","NULL",25.6514821,-80.2590735,1994-01-06 09:21:00,2025-12-04 09:00:00,11.281867398304
"DERM","BB35",0,3,0,0,214,222,716,0,722,720,688,54,728,226,59,7,35,230,0,0,0,0,0,0,".0000","3.3640",25.6440827,-80.1914706,1994-01-06 10:10:00,2014-09-11 12:00:00,11.7509403361213
"DERM","BB36",0,3,0,0,225,234,734,20,725,730,701,69,741,240,35,8,28,241,0,0,0,0,0,0,".0000","NULL",25.599983,-80.2362733,1994-01-06 09:46:00,2015-02-05 11:00:00,11.7163828452083
"DERM","BB37",0,3,0,0,142,113,1054,47,1058,1052,1032,391,1065,144,108,74,84,311,7,0,0,0,0,0,".0000","NULL",25.570684,-80.19177,1994-01-06 09:57:00,2025-12-04 10:11:28,11.1251512855799
"DERM","BB38",0,3,0,0,308,266,1068,48,1071,1062,1044,395,1075,322,112,81,98,333,7,0,0,0,0,0,".0000","NULL",25.5196864,-80.2393748,1994-01-05 09:01:00,2025-12-03 08:30:00,11.2191970419889
"DERM","BB39A",0,4,0,0,301,278,1037,81,1036,1022,1017,480,1042,377,138,132,104,308,7,0,0,0,0,0,".0000","NULL",25.5264328,-80.3070577,1997-01-08 08:33:00,2025-12-03 11:13:16,11.2452632099142
"DERM","BB41",0,3,0,0,322,278,1070,80,1070,1063,1047,401,1076,326,114,82,99,327,7,0,0,0,0,0,".0000","NULL",25.4726881,-80.2844755,1994-01-05 11:43:00,2025-12-03 10:45:00,11.2818922702316
"DERM","BB42",0,0,0,0,1,0,171,0,171,168,171,0,171,0,0,0,0,54,0,0,0,0,0,0,".0000","3.8000",25.4568885,-80.1984607,1994-01-05 09:16:00,2009-12-09 11:05:00,3.76735685611411
"DERM","BB43",0,0,0,0,0,1,177,0,177,174,177,0,177,0,0,0,0,46,0,0,0,0,0,0,".0000","7.1000",25.3969901,-80.2341722,1994-01-05 09:33:00,2009-12-09 11:05:00,3.76736450185112
"DERM","BB44",0,3,0,0,217,222,719,0,720,716,686,54,725,224,50,3,33,228,0,0,0,0,0,0,".0000","5.6300",25.4011904,-80.2553746,1994-01-05 09:41:00,2014-09-10 09:10:00,11.7510926750843
"DERM","BB45",0,0,0,0,34,49,718,31,717,712,687,54,726,35,2,0,0,235,0,0,0,0,0,0,".0000","3.4000",25.3695913,-80.2799748,1994-01-05 09:49:00,2014-09-10 09:24:00,11.7994445718878
"DERM","BB46",0,0,0,0,0,0,175,0,175,172,175,0,175,0,0,0,0,47,0,0,0,0,0,0,".0000","4.8000",25.3350918,-80.2712749,1994-01-05 09:57:00,1998-12-09 09:32:00,11.9788537888892
"DERM","BB47",0,4,0,0,310,303,1063,84,1067,1057,1040,395,1070,325,112,82,98,326,7,0,0,0,0,0,".0000","NULL",25.3367944,-80.3200766,1994-01-05 11:15:00,2025-12-03 08:56:45,11.1879299973379
"DERM","BB48",0,0,0,0,66,0,958,2,957,952,928,293,965,67,47,59,66,301,7,0,0,0,0,0,".0000","3.4430",25.308595,-80.3488753,1994-01-05 10:11:00,2025-12-03 09:31:36,10.1536917903294
"DERM","BB50",0,4,0,0,311,308,1068,52,1065,1057,1042,395,1073,324,113,80,98,327,7,0,0,0,0,0,".0000","NULL",25.2298977,-80.3767774,1994-01-05 10:25:00,2025-12-03 09:49:05,11.2192003286786
"DERM","BB51",0,3,0,0,312,319,1074,56,1073,1060,1041,395,1077,329,113,77,97,327,7,0,0,0,0,0,".0000","NULL",25.251496,-80.4140785,1994-01-05 10:36:00,2025-12-03 10:05:00,11.2191970419889
"DERM","BB52",0,6,0,0,186,221,485,35,483,483,465,112,487,316,73,54,39,212,0,0,0,0,0,0,".0000","NULL",25.5646092,-80.3048453,1999-01-07 11:01:00,2018-09-13 10:37:00,10.3646088111671
"DERM","BB53",0,6,0,0,186,209,446,49,444,441,418,95,446,253,63,47,34,183,0,0,0,0,0,0,".0000","NULL",25.5024831,-80.3322834,1999-01-06 12:55:00,2020-05-06 10:11:00,9.23569526929436
"DERM","BB54",0,6,0,0,163,193,460,22,459,459,426,54,463,185,68,6,41,186,0,0,0,0,0,0,".0000","NULL",25.7485328,-80.1998211,2001-06-05 08:15:00,2014-09-09 09:10:00,11.8381085569819
"DERM","BB55",0,0,0,0,43,70,138,31,137,135,132,3,138,42,0,0,0,43,0,0,0,0,0,0,".1000","2.5770",25.2260833,-80.4067055,2006-02-08 10:40:00,2009-09-16 10:01:00,12.2122574077797
"DERM","BB56",0,3,0,0,90,156,295,47,296,291,291,54,298,95,51,3,20,96,0,0,0,0,0,0,".1000","2.7080",25.19725,-80.398016,2006-02-08 10:25:00,2014-09-10 10:27:00,11.6469973927343
"DERM","BBKB1",0,0,0,0,65,0,200,22,201,198,200,200,200,65,41,60,65,65,7,0,0,0,0,0,".1000","4.4810",25.69800999,-80.17428,2020-07-23 10:28:00,2025-12-04 10:40:28,12.1128291501547
"DERM","BBMB1",0,0,0,0,69,0,269,2,270,269,272,266,269,73,48,65,69,71,7,0,0,0,0,0,".1000","4.4780",25.78073446,-80.14574855,2017-07-11 10:00:00,2025-12-02 09:34:29,10.9599459260362
"DERM","BBMB2",0,0,0,0,68,0,236,0,237,237,239,238,236,71,45,59,67,70,7,0,0,0,0,0,".1000","4.2930",25.80344999,-80.145149,2018-04-05 10:55:00,2025-12-01 11:15:11,10.5774407380894
"DERM","BBMB3",0,0,0,0,68,0,228,7,228,228,230,228,228,72,52,61,71,72,7,0,0,0,0,0,".1000","3.6350",25.82566599,-80.13375,2018-04-04 11:15:00,2025-12-01 10:56:10,10.7043030730551
"DERM","BBMB4",0,0,0,0,66,0,236,7,237,236,239,236,236,70,45,60,67,74,7,0,0,0,0,0,".1000","3.4470",25.84656599,-80.127483,2018-04-04 09:00:00,2025-12-01 10:47:22,10.7039678020652
"DERM","BBOR1",0,0,0,0,59,0,182,14,183,182,182,182,182,59,36,54,59,61,7,0,0,0,0,0,".1000","3.7730",25.32369999,-80.3072,2021-01-06 09:02:00,2025-12-03 09:25:00,12.0254229504868
"DERM","BBOR2",0,0,0,0,59,0,181,14,182,180,182,182,182,59,36,54,59,59,7,0,0,0,0,0,".1000","3.3990",25.29629999,-80.3255,2021-01-06 09:15:00,2025-12-03 09:19:10,12.0255107164967
"DERM","BBY1",0,0,0,0,31,0,93,11,93,93,93,93,93,31,11,29,31,31,7,0,0,0,0,0,".1000","4.6520",25.83770299,-80.171883,2023-06-05 10:27:00,2025-12-01 09:44:01,12.4429905686899
"DERM","BBY4",0,0,0,0,32,0,96,4,96,96,96,96,96,32,11,29,32,32,7,0,0,0,0,0,".1000","3.0210",25.59930399,-80.275107,2023-05-04 09:55:00,2025-12-04 09:45:49,12.3683374357477
"DERM","BD17",0,0,0,0,31,40,65,9,71,71,71,0,71,31,9,9,0,30,0,1,0,0,0,0,".0000","NULL",25.7283186,-80.4394731,1994-03-29 11:00:00,1996-12-05 10:18:00,11.1586817327399
"DERM","BISC101",0,3,0,0,144,113,497,0,497,491,506,398,497,145,108,80,86,145,7,0,0,0,0,0,".1000","NULL",25.4783316,-80.320831,2010-04-13 11:35:00,2025-12-03 10:55:50,10.612950929886
"DERM","BISC102",0,3,0,0,49,72,143,0,143,144,144,50,146,49,50,2,19,50,0,0,0,0,0,0,".1000","2.8210",25.5458333,-80.294666,2010-04-13 12:04:00,2014-09-16 12:14:00,11.0681342844504
"DERM","BISC110",0,3,0,0,48,65,144,0,142,142,141,51,144,48,49,2,18,49,0,0,0,0,0,0,".1000","2.4020",25.5049983,-80.287498,2010-04-13 11:50:00,2014-09-16 11:50:00,11.0681818181818
"DERM","BISC121",0,3,0,0,142,117,492,0,492,489,503,392,493,143,106,76,84,143,7,0,0,0,0,0,".1000","NULL",25.3549983,-80.291665,2010-04-13 09:50:00,2025-12-03 08:45:14,10.4851166790722
"DERM","BISC122",0,3,0,0,142,113,488,0,489,484,498,393,490,143,106,76,84,143,7,0,0,0,0,0,".1000","NULL",25.4133316,-80.295,2010-04-13 10:55:00,2025-12-03 10:31:33,10.4850640200166
"DERM","BISC123",0,3,0,0,48,67,143,0,145,144,145,51,145,49,49,3,18,49,0,0,0,0,0,0,".1000","2.4610",25.4449983,-80.283333,2010-04-13 11:08:00,2014-09-16 11:20:00,11.0681247777532
"DERM","BISC127",0,3,0,0,144,114,493,0,497,494,502,399,496,144,109,76,86,145,7,0,0,0,0,0,".1000","NULL",25.6299983,-80.25,2010-04-13 12:25:00,2025-12-04 09:56:28,10.6751577043662
"DERM","BISC128",0,3,0,0,53,81,157,0,158,157,156,69,159,53,51,5,18,54,0,0,0,0,0,0,".1000","3.8000",25.6883316,-80.226665,2010-04-13 12:45:00,2015-02-05 09:43:00,11.2137107950243
"DERM","BL01",0,3,0,0,273,257,973,41,973,969,940,298,973,346,56,70,72,268,7,0,0,0,0,0,".0000","NULL",25.5358477093266,-80.3252269118577,1994-01-05 12:47:00,2025-12-03 11:32:52,10.6237921002622
"DERM","BL02",0,0,0,0,278,209,857,31,859,856,822,193,860,348,54,68,70,272,0,0,0,0,0,0,".0000","7.9740",25.541151087947,-80.3285184856863,1994-01-05 12:57:00,2025-12-03 11:02:48,9.02554403910632
"DERM","BL03",0,0,0,0,325,419,1058,99,1086,1079,1055,398,1075,367,175,177,99,318,0,2,0,0,0,0,".0000","NULL",25.5489941303983,-80.3480076609066,1994-01-05 12:16:00,2025-12-03 10:14:10,11.2819351801664
"DERM","BL04",0,0,0,0,33,0,95,11,95,95,95,95,95,33,12,28,33,33,0,0,0,0,0,0,".1000","6.0340",25.56999463,-80.37205801,2023-04-05 10:25:00,2025-12-03 10:38:48,12.3875963880109
"DERM","BL05",0,0,0,0,33,0,96,11,96,96,96,96,96,33,12,29,33,33,0,0,0,0,0,0,".1000","5.7940",25.57631399,-80.360246,2023-04-05 10:35:00,2025-12-03 10:52:42,12.3875619077268
"DERM","BL06",0,0,0,0,98,37,310,7,321,318,323,236,320,98,50,67,66,100,0,0,0,0,0,0,".1000","NULL",25.5964684968524,-80.413084803892,1994-06-08 11:15:00,2025-12-03 11:11:55,3.46163441544774
"DERM","BL12",0,0,0,0,322,416,1050,99,1067,1060,1058,364,1071,325,174,149,100,316,0,1,0,0,0,0,".0000","NULL",25.6610036942287,-80.4432597711437,1994-01-05 12:30:00,2025-12-03 11:50:21,11.12518715821
"DERM","BS01",0,3,0,0,333,320,1074,51,1072,1066,1041,404,1075,337,95,87,100,335,7,0,0,0,0,0,".0000","NULL",25.8719784361824,-80.1647865147635,1994-01-03 11:49:00,2025-12-01 08:53:35,11.187954773448
"DERM","BS03",0,0,0,0,0,1,6,1,6,6,6,0,6,0,1,0,0,0,0,0,0,0,0,0,".1000","NULL",25.8790773,-80.1863524,1994-02-14 09:30:00,1994-09-12 10:15:00,5.21708079154888
"DERM","BS04",0,0,0,0,330,438,1071,101,1081,1079,1057,385,1078,330,191,155,104,323,0,0,0,0,0,0,".0000","NULL",25.8739928643377,-80.1815437207911,1994-01-03 11:14:00,2025-12-01 08:47:56,11.1879352080892
"DERM","BS07",0,0,0,0,97,80,480,17,486,482,492,373,485,98,42,48,44,98,0,0,0,0,0,0,".1000","NULL",25.9166504863305,-80.2117896711589,1994-02-14 12:30:00,2025-12-01 11:23:09,5.22102319631021
"DERM","BS08",0,0,0,0,56,30,147,19,149,149,149,96,149,56,19,38,32,57,0,0,0,0,0,0,".1000","NULL",25.9155723549302,-80.2414732876963,1994-02-15 09:15:00,2025-12-01 11:05:37,1.82435065954348
"DERM","BS09",0,0,0,0,32,0,96,11,96,96,96,96,96,32,10,30,32,32,0,0,0,0,0,0,".1000","3.9280",25.91345208,-80.29249447,2023-05-01 09:55:00,2025-12-01 10:42:24,12.3678231666534
"DERM","BS10",0,0,0,0,362,453,1045,101,1065,1057,1030,392,1061,362,195,158,114,356,0,0,0,0,0,0,".0000","NULL",25.9186718873049,-80.3245472736679,1994-01-03 11:14:00,2025-12-01 10:45:51,11.1565180690204
"DERM","BS11",0,0,0,0,68,0,225,0,230,225,232,229,229,69,45,61,70,70,0,0,0,0,0,0,".1000","3.0660",25.92783299,-80.35815,2018-04-02 11:36:00,2025-12-01 10:24:04,10.5663492243851
"DERM","BSA1",0,0,0,0,0,0,15,0,15,15,12,0,15,0,0,0,0,0,0,0,0,0,0,0,".0000","2.3000",25.2419536,-80.3954736,1998-05-28 13:54:00,2004-09-20 13:06:00,0.791623921744282
"DERM","BSA2",0,0,0,0,0,0,3,0,3,3,3,0,3,0,0,0,0,0,0,0,0,0,0,0,".0000","2.3000",25.2419331,-80.3904818,1998-04-16 10:27:00,1998-04-16 10:28:00,NA
"DERM","BSA3",0,0,0,0,0,0,30,0,30,30,27,0,30,0,0,0,0,0,0,0,0,0,0,0,".0000","2.2000",25.2374339,-80.4004876,1998-01-16 09:41:00,2004-03-12 10:28:00,1.62547705662437
"DERM","BSA4",0,0,0,0,0,0,15,0,13,14,12,0,14,0,0,0,0,0,0,0,0,0,0,0,".1000","2.4000",25.2374136,-80.395496,1998-11-18 13:38:00,2004-12-16 10:45:00,0.822679655774665
"DERM","BSA5",0,0,0,0,0,0,26,0,27,27,18,0,27,0,0,0,0,0,0,0,0,0,0,0,".1000","2.8000",25.2373931,-80.3905044,1998-02-20 13:10:00,2004-07-12 11:42:00,1.40845590073052
"DERM","BSA6",0,0,0,0,0,0,21,0,21,21,21,0,21,0,0,0,0,0,0,0,0,0,0,0,".0000","3.1000",25.2373724,-80.3855129,1997-11-20 10:47:00,2003-09-17 11:14:00,1.20203453777735
"DERM","BSA7",0,0,0,0,0,0,9,0,9,9,9,0,9,0,0,0,0,0,0,0,0,0,0,0,".0000","2.5000",25.2328736,-80.3955184,1997-10-23 12:52:00,2000-05-23 10:24:00,1.16210969146514
"DERM","BSA8",0,0,0,0,0,0,24,0,24,24,24,0,24,0,0,0,0,0,0,0,0,0,0,0,".0000","2.6000",25.2328531,-80.3905271,1997-12-18 10:57:00,2003-03-14 11:55:00,1.52821048487327
"DERM","BSA9",0,0,0,0,0,0,9,0,9,9,9,0,9,0,0,0,0,0,0,0,0,0,0,0,".1000","2.8000",25.2328324,-80.3855357,1998-09-15 12:09:00,2003-01-17 10:20:00,0.691357938141981
"DERM","BSB1",0,0,0,0,0,0,27,0,27,27,27,0,27,0,0,0,0,0,0,0,0,0,0,0,".0000","2.1000",25.2329342,-80.4104926,1998-03-25 09:35:00,2002-11-25 11:15:00,1.92679730048764
"DERM","BSB2",0,0,0,0,0,0,6,0,6,6,6,0,6,0,0,0,0,0,0,0,0,0,0,0,".1000","2.0000",25.2329141,-80.4055012,1999-03-12 09:30:00,1999-05-21 10:09:00,10.4316782197364
"DERM","BSB3",0,0,0,0,0,0,18,0,18,18,15,0,18,0,0,0,0,0,0,0,0,0,0,0,".0000","2.4000",25.232894,-80.4005098,1998-02-20 13:38:00,2004-09-20 13:19:00,0.911610660647345
"DERM","BSB4",0,0,0,0,0,0,33,0,33,33,33,0,33,0,0,0,0,0,0,0,0,0,0,0,".1000","2.0000",25.2283942,-80.4105145,1997-10-23 10:05:00,2003-07-15 10:00:00,1.92145225811058
"DERM","BSB5",0,0,0,0,0,0,18,0,18,18,18,0,18,0,0,0,0,0,0,0,0,0,0,0,".1000","2.3000",25.2283742,-80.4055233,1997-12-18 14:28:00,2003-03-14 12:11:00,1.14623904388548
"DERM","BSB6",0,0,0,0,0,0,11,0,12,10,6,0,11,0,0,0,0,0,0,0,0,0,0,0,".0000","2.3000",25.228354,-80.4005321,2001-05-31 10:40:00,2004-12-16 10:25:00,1.12819440310813
"DERM","BSB7",0,0,0,0,0,0,18,0,18,18,12,0,18,0,0,0,0,0,0,0,0,0,0,0,".0000","2.2000",25.2238542,-80.4105364,1998-08-12 09:58:00,2004-07-12 11:23:00,1.01408613639468
"DERM","BSB8",0,0,0,0,0,0,15,0,15,15,12,0,15,0,0,0,0,0,0,0,0,0,0,0,".1000","2.3000",25.2238342,-80.4055454,1997-11-20 10:15:00,2004-05-12 08:14:00,0.772226168477327
"DERM","BSB9",0,0,0,0,0,0,9,0,9,9,9,0,9,0,0,0,0,0,0,0,0,0,0,0,".0000","2.5000",25.223814,-80.4005543,1999-07-14 11:05:00,2003-01-17 09:47:00,0.854089059358832
"DERM","BSC1",0,0,0,0,0,0,15,0,14,15,12,0,15,0,0,0,0,0,0,0,0,0,0,0,".1000","2.4000",25.2283336,-80.3955409,1998-04-16 10:06:00,2004-09-20 12:52:00,0.777420340873012
"DERM","BSC2",0,0,0,0,0,0,18,0,18,18,18,0,18,0,0,0,0,0,0,0,0,0,0,0,".1000","2.8000",25.2283131,-80.3905497,1999-04-19 13:24:00,2002-09-16 12:05:00,1.75890569463944
"DERM","BSC3",0,0,0,0,0,0,9,0,9,9,9,0,9,0,0,0,0,0,0,0,0,0,0,0,".1000","2.8000",25.2282924,-80.3855585,1997-12-18 11:13:00,2003-03-14 11:41:00,0.573085176086366
"DERM","BSC4",0,0,0,0,0,0,15,0,13,15,9,0,15,0,0,0,0,0,0,0,0,0,0,0,".0000","2.6000",25.2237936,-80.3955633,1998-09-15 10:56:00,2004-12-16 10:15:00,0.79959403074384
"DERM","BSC5",0,0,0,0,0,0,16,0,18,17,12,0,18,0,0,0,0,0,0,0,0,0,0,0,".0000","2.9000",25.2237731,-80.3905723,1997-10-23 13:12:00,2004-07-12 11:38:00,0.893055540619855
"DERM","BSC6",0,0,0,0,0,0,23,0,24,23,21,0,23,0,0,0,0,0,0,0,0,0,0,0,".0000","2.8000",25.2237525,-80.3855813,1997-11-20 11:30:00,2004-05-12 08:28:00,1.23558400172901
"DERM","BSC7",0,0,0,0,0,0,27,0,27,27,27,0,27,0,0,0,0,0,0,0,0,0,0,0,".0000","3.1000",25.2237316,-80.3808681,1998-07-15 11:07:00,2001-09-17 12:12:00,2.83372593858596
"DERM","BSC8",0,0,0,0,0,0,3,0,3,3,3,0,3,0,0,0,0,0,0,0,0,0,0,0,".1000","2.6000",25.2192125,-80.3856041,2000-05-23 11:57:00,2000-05-23 12:00:00,NA
"DERM","BSC9",0,0,0,0,0,0,27,0,27,27,27,0,27,0,0,0,0,0,0,0,0,0,0,0,".0000","3.0000",25.2191916,-80.3806133,1998-02-20 11:24:00,2003-07-15 11:30:00,1.66780469346209
"DERM","BSD1",0,0,0,0,0,0,12,0,12,12,9,0,12,0,0,0,0,0,0,0,0,0,0,0,".1000","2.9000",25.2376293,-80.3805213,1998-05-28 10:22:00,2004-03-12 10:47:00,0.690774471578083
"DERM","BSD2",0,0,0,0,0,0,24,0,24,24,21,0,24,0,0,0,0,0,0,0,0,0,0,0,".0000","3.2000",25.2373305,-80.3755298,1998-07-15 10:44:00,2004-12-16 10:58:00,1.24551913503248
"DERM","BSD3",0,0,0,0,0,0,17,0,17,17,9,0,17,0,0,0,0,0,0,0,0,0,0,0,".0000","2.9000",25.2328116,-80.3805443,1999-03-12 12:30:00,2004-07-12 11:46:00,1.12444040939015
"DERM","BSD4",0,0,0,0,0,0,24,0,24,24,24,0,24,0,0,0,0,0,0,0,0,0,0,0,".0000","3.1000",25.2327906,-80.375553,1998-08-12 14:09:00,2003-05-27 12:33:00,1.67073263703591
"DERM","BSD5",0,0,0,0,0,0,9,0,9,9,9,0,9,0,0,0,0,0,0,0,0,0,0,0,".1000","2.8000",25.2282716,-80.3805673,1998-02-20 12:52:00,2002-01-25 10:25:00,0.763643174383776
"DERM","BSD6",0,0,0,0,0,0,27,0,27,27,27,0,27,0,0,0,0,0,0,0,0,0,0,0,".0000","3.3000",25.2282506,-80.3755762,1997-10-23 13:47:00,2003-07-15 12:00:00,1.57215055931168
"DERM","BSD7",0,0,0,0,0,0,15,0,15,15,15,0,15,0,0,0,0,0,0,0,0,0,0,0,".0000","3.1000",25.2282294,-80.370585,1999-05-21 13:27:00,2001-01-17 14:06:00,3.00851485896085
"DERM","BSD8",0,0,0,0,0,0,9,0,9,9,6,0,9,0,0,0,0,0,0,0,0,0,0,0,".0000","2.8000",25.2237106,-80.3755993,1998-03-31 10:29:00,2004-09-20 12:39:00,0.463301553558268
"DERM","BSD9",0,0,0,0,0,0,18,0,18,18,18,0,18,0,0,0,0,0,0,0,0,0,0,0,".1000","2.9000",25.2236811,-80.3706083,1997-12-18 11:30:00,2003-03-14 11:25:00,1.14618408985663
"DERM","BSE1",0,0,0,0,0,0,18,0,18,18,18,0,18,0,0,0,0,0,0,0,0,0,0,0,".0000","3.3000",25.2327694,-80.3705616,1999-04-19 12:42:00,2002-07-19 12:18:00,1.84627697664949
"DERM","BSE2",0,0,0,0,0,0,24,0,24,24,24,0,24,0,0,0,0,0,0,0,0,0,0,0,".0000","3.1000",25.232748,-80.3655703,1998-04-16 11:21:00,2003-07-15 12:12:00,1.52502400247038
"DERM","BSE3",0,0,0,0,0,0,15,0,15,15,15,0,15,0,0,0,0,0,0,0,0,0,0,0,".0000","2.9000",25.2282081,-80.3655938,1997-11-20 12:15:00,2001-01-17 13:47:00,1.58245138556261
"DERM","BSE4",0,0,0,0,0,0,12,0,12,12,12,0,12,0,0,0,0,0,0,0,0,0,0,0,".1000","3.3000",25.2281865,-80.3606027,1998-10-20 12:01:00,2003-01-17 11:04:00,0.942604717055946
"DERM","BSE5",0,0,0,0,0,0,17,0,17,17,17,0,17,0,0,0,0,0,0,0,0,0,0,0,".1000","2.8000",25.2281648,-80.3556115,2000-03-21 13:08:00,2003-03-14 11:10:00,2.01439804111063
"DERM","BSE6",0,0,0,0,0,0,23,0,23,23,15,0,23,0,0,0,0,0,0,0,0,0,0,0,".0000","2.8000",25.228143,-80.3506204,1999-02-10 12:50:00,2004-12-16 11:02:00,1.36802556269532
"DERM","BSE7",0,0,0,0,0,0,9,0,9,9,9,0,9,0,0,0,0,0,0,0,0,0,0,0,".0000","3.0000",25.2236681,-80.3656174,1997-10-23 14:01:00,2003-09-17 10:41:00,0.508501450209475
"DERM","BSE8",0,0,0,0,0,0,21,0,21,21,18,0,21,0,0,0,0,0,0,0,0,0,0,0,".0000","3.1000",25.2236466,-80.3606264,1998-01-16 10:54:00,2004-01-15 12:12:00,1.16743687846381
"DERM","BSE9",0,0,0,0,0,0,11,0,12,11,6,0,12,0,0,0,0,0,0,0,0,0,0,0,".1000","2.8000",25.2236249,-80.3556354,1997-12-18 11:47:00,2004-09-20 12:23:00,0.591971313094478
"DERM","BSF1",0,0,0,0,0,0,23,0,23,23,15,0,23,0,0,0,0,0,0,0,0,0,0,0,".0000","2.2000",25.219334,-80.4155491,1998-02-20 09:18:00,2004-12-16 10:00:00,1.17300914782545
"DERM","BSF2",0,0,0,0,0,0,27,0,27,27,24,0,27,0,0,0,0,0,0,0,0,0,0,0,".0000","2.2000",25.2193142,-80.4105583,1997-12-18 14:12:00,2004-01-15 13:34:00,1.48142816279549
"DERM","BSF3",0,0,0,0,0,0,24,0,24,24,24,0,24,0,0,0,0,0,0,0,0,0,0,0,".1000","2.3000",25.2192942,-80.4055674,1998-05-28 13:39:00,2003-05-27 10:43:00,1.60120312471459
"DERM","BSF4",0,0,0,0,0,0,11,0,12,11,6,0,11,0,0,0,0,0,0,0,0,0,0,0,".1000","2.0000",25.214794,-80.4155708,1998-04-16 13:33:00,2004-09-20 10:29:00,0.622000629143537
"DERM","BSF5",0,0,0,0,0,0,9,0,9,9,9,0,9,0,0,0,0,0,0,0,0,0,0,0,".1000","2.2000",25.2147742,-80.4105801,1999-07-14 11:39:00,2003-01-17 13:47:00,0.853993834323421
"DERM","BSF6",0,0,0,0,0,0,15,0,15,15,15,0,15,0,0,0,0,0,0,0,0,0,0,0,".1000","2.4000",25.2147542,-80.4055895,1997-10-23 12:05:00,2003-07-15 10:13:00,0.873418427806975
"DERM","BSF7",0,0,0,0,0,0,9,0,9,9,9,0,9,0,0,0,0,0,0,0,0,0,0,0,".1000","2.0000",25.210254,-80.4155925,1998-11-18 11:23:00,2002-01-25 12:08:00,0.941340707133077
"DERM","BSF8",0,0,0,0,0,0,15,0,15,15,15,0,15,0,0,0,0,0,0,0,0,0,0,0,".1000","2.6000",25.2102341,-80.410602,1998-01-16 13:46:00,1999-09-23 11:24:00,2.96998841277621
"DERM","BSF9",0,0,0,0,0,0,21,0,21,21,21,0,21,0,0,0,0,0,0,0,0,0,0,0,".0000","2.5000",25.2102142,-80.4056115,1997-11-20 15:24:00,2003-03-14 09:30:00,1.31807939579973
"DERM","BSG1",0,0,0,0,0,0,17,0,18,17,12,0,17,0,0,0,0,0,0,0,0,0,0,0,".1000","2.5000",25.219274,-80.4005766,1997-10-23 12:33:00,2004-05-12 08:21:00,0.915863048906627
"DERM","BSG2",0,0,0,0,0,0,12,0,12,12,9,0,11,0,0,0,0,0,0,0,0,0,0,0,".0000","2.5000",25.2192537,-80.3956691,1998-05-28 13:24:00,2004-01-15 13:19:00,0.709913734197397
"DERM","BSG3",0,0,0,0,0,0,27,0,27,27,27,0,27,0,0,0,0,0,0,0,0,0,0,0,".0000","2.6000",25.2192332,-80.3905949,1998-02-20 10:17:00,2003-05-27 11:08:00,1.71029626795379
"DERM","BSG4",0,0,0,0,0,0,23,0,24,23,18,0,23,0,0,0,0,0,0,0,0,0,0,0,".1000","2.5000",25.214734,-80.4005988,1997-12-18 13:58:00,2004-09-20 10:56:00,1.18401525379755
"DERM","BSG6",0,0,0,0,0,0,36,0,36,36,36,0,36,0,0,0,0,0,0,0,0,0,0,0,".0000","2.9000",25.2146932,-80.3906175,1997-11-20 14:17:00,2003-07-15 11:06:00,2.1247124670387
"DERM","BSG7",0,0,0,0,0,0,18,0,18,18,18,0,18,0,0,0,0,0,0,0,0,0,0,0,".1000","2.5000",25.210194,-80.4006211,1998-03-31 11:12:00,2003-01-17 13:30:00,1.25007427336878
"DERM","BSG8",0,0,0,0,0,0,3,0,3,3,3,0,3,0,0,0,0,0,0,0,0,0,0,0,".1000","2.6000",25.2101737,-80.3956306,2002-09-16 13:13:00,2002-09-16 13:14:00,NA
"DERM","BSG9",0,0,0,0,0,0,17,0,17,16,15,0,18,0,0,0,0,0,0,0,0,0,0,0,".1000","2.6000",25.2101532,-80.3906401,1998-01-16 12:33:00,2004-12-16 11:55:00,0.867586260743245
"DERM","BSH1",0,0,0,0,0,0,27,0,27,27,27,0,27,0,0,0,0,0,0,0,0,0,0,0,".1000","2.9000",25.2146725,-80.3856269,1997-10-23 13:34:00,2002-05-22 10:57:00,1.96618682355267
"DERM","BSH2",0,0,0,0,0,0,6,0,6,6,6,0,6,0,0,0,0,0,0,0,0,0,0,0,".1000","2.8000",25.2146517,-80.3806363,2002-11-25 10:40:00,2003-07-15 11:18:00,3.14834878695551
"DERM","BSH3",0,0,0,0,0,0,3,0,3,3,3,0,3,0,0,0,0,0,0,0,0,0,0,0,".1000","2.5000",25.2101325,-80.3856497,1998-11-18 12:07:00,1998-11-18 12:08:00,NA
"DERM","BSH4",0,0,0,0,0,0,24,0,24,24,24,0,24,0,0,0,0,0,0,0,0,0,0,0,".0000","2.9000",25.2101117,-80.3806593,1997-12-18 12:56:00,2001-11-27 12:12:00,2.02920972474339
"DERM","BSH5",0,0,0,0,0,0,17,0,18,16,15,0,16,0,0,0,0,0,0,0,0,0,0,0,".1000","2.7000",25.2100907,-80.3756688,1998-01-16 12:13:00,2004-12-16 11:45:00,0.867583875568674
"DERM","BSH6",0,0,0,0,0,0,12,0,12,12,6,0,12,0,0,0,0,0,0,0,0,0,0,0,".1000","2.5000",25.2055925,-80.3856725,1999-05-21 11:47:00,2004-05-12 10:09:00,0.803660447501778
"DERM","BSH7",0,0,0,0,0,0,21,0,21,21,18,0,21,0,0,0,0,0,0,0,0,0,0,0,".0000","2.8000",25.2055717,-80.3806822,1998-08-12 12:18:00,2004-01-15 11:09:00,1.29001605109441
"DERM","BSH8",0,0,0,0,0,0,24,0,24,24,24,0,24,0,0,0,0,0,0,0,0,0,0,0,".1000","2.5000",25.2055507,-80.3756919,1997-11-20 13:44:00,2003-05-27 14:01:00,1.45083558693142
"DERM","BSH9",0,0,0,0,0,0,20,0,21,21,15,0,20,0,0,0,0,0,0,0,0,0,0,0,".1000","2.1000",25.2010107,-80.3757151,1998-10-20 11:00:00,2004-09-20 11:41:00,1.18256999519163
"DERM","BSI1",0,0,0,0,0,0,6,0,6,6,6,0,6,0,0,0,0,0,0,0,0,0,0,0,".1000","2.8000",25.2191706,-80.3756225,1998-08-12 13:28:00,1999-02-10 12:09:00,4.01494650783776
"DERM","BSI2",0,0,0,0,0,0,12,0,12,11,9,0,12,0,0,0,0,0,0,0,0,0,0,0,".0000","3.2000",25.2191495,-80.3706317,1999-09-23 12:48:00,2004-12-16 11:35:00,0.764541474623396
"DERM","BSI3",0,0,0,0,0,0,12,0,12,12,9,0,12,0,0,0,0,0,0,0,0,0,0,0,".1000","3.0000",25.2191281,-80.3656409,1999-04-19 11:53:00,2004-05-12 10:41:00,0.789751074353361
"DERM","BSI4",0,0,0,0,0,0,20,0,20,21,15,0,20,0,0,0,0,0,0,0,0,0,0,0,".0000","3.0000",25.2146307,-80.3756456,1999-03-12 11:24:00,2004-03-12 11:34:00,1.39941996814766
"DERM","BSI5",0,0,0,0,0,0,15,0,15,15,12,0,15,0,0,0,0,0,0,0,0,0,0,0,".0000","2.8000",25.2146095,-80.370655,1997-10-23 14:36:00,2004-07-12 12:09:00,0.744224112827296
"DERM","BSI6",0,0,0,0,0,0,24,0,24,24,21,0,24,0,0,0,0,0,0,0,0,0,0,0,".1000","2.8000",25.2145881,-80.3656644,1997-11-20 13:25:00,2004-09-20 11:55:00,1.170702391386
"DERM","BSI7",0,0,0,0,0,0,15,0,15,15,15,0,15,0,0,0,0,0,0,0,0,0,0,0,".0000","2.8000",25.2100695,-80.3706784,1998-04-16 11:56:00,2001-07-27 11:13:00,1.52445369105263
"DERM","BSI8",0,0,0,0,0,0,18,0,18,18,18,0,18,0,0,0,0,0,0,0,0,0,0,0,".1000","2.8000",25.2100482,-80.3656879,1998-11-18 12:47:00,2003-07-15 11:43:00,1.2891513503621
"DERM","BSI9",0,0,0,0,0,0,30,0,30,30,30,0,30,0,0,0,0,0,0,0,0,0,0,0,".1000","2.4000",25.2100267,-80.3606975,1998-01-16 11:49:00,2003-03-14 10:39:00,1.93977392170241
"DERM","BSJ1",0,0,0,0,0,0,9,0,9,9,9,0,9,0,0,0,0,0,0,0,0,0,0,0,".1000","2.4000",25.223603,-80.3506444,1997-12-18 12:03:00,2001-11-27 13:05:00,0.760914748883859
"DERM","BSJ2",0,0,0,0,0,0,15,0,15,15,15,0,15,0,0,0,0,0,0,0,0,0,0,0,".1000","2.5000",25.223581,-80.3456535,1997-11-20 12:40:00,2000-05-23 13:08:00,1.99585922582095
"DERM","BSJ3",0,0,0,0,0,0,18,0,18,18,18,0,18,0,0,0,0,0,0,0,0,0,0,0,".1000","2.5000",25.2191066,-80.3606501,1998-01-16 11:17:00,2003-03-14 10:54:00,1.16384417906418
"DERM","BSJ4",0,0,0,0,0,0,9,0,9,9,9,0,9,0,0,0,0,0,0,0,0,0,0,0,".1000","2.5000",25.2190849,-80.3556593,1999-01-19 12:11:00,2001-01-17 13:30:00,1.50297331305086
"DERM","BSJ5",0,0,0,0,0,0,18,0,16,17,15,0,17,0,0,0,0,0,0,0,0,0,0,0,".1000","2.6000",25.2190631,-80.3506685,1998-09-18 10:39:00,2004-12-16 11:25:00,0.960749368432782
"DERM","BSJ6",0,0,0,0,0,0,21,0,21,21,15,0,21,0,0,0,0,0,0,0,0,0,0,0,".1000","2.8000",25.2145666,-80.3606738,1997-10-23 14:17:00,2004-09-20 12:10:00,1.01301083277639
"DERM","BSJ7",0,0,0,0,0,0,23,0,24,22,18,0,23,0,0,0,0,0,0,0,0,0,0,0,".0000","2.7000",25.214545,-80.3556832,1998-03-25 11:14:00,2004-03-12 11:20:00,1.34097953767107
"DERM","BSJ8",0,0,0,0,0,0,18,0,18,18,15,0,18,0,0,0,0,0,0,0,0,0,0,0,".1000","2.2000",25.2145231,-80.3506926,1998-10-20 11:38:00,2004-07-12 12:03:00,1.04755344804407
"DERM","BSJ9",0,0,0,0,0,0,18,0,18,18,18,0,18,0,0,0,0,0,0,0,0,0,0,0,".0000","2.0000",25.210005,-80.3557071,1998-02-20 12:08:00,2003-05-27 13:17:00,1.14019009671759
"DERM","BSK1",0,0,0,0,0,0,18,0,18,18,18,0,18,0,0,0,0,0,0,0,0,0,0,0,".1000","2.1000",25.2057139,-80.4156142,1998-08-12 10:23:00,2003-03-14 09:13:00,1.30839618065201
"DERM","BSK2",0,0,0,0,0,0,15,0,15,15,15,0,15,0,0,0,0,0,0,0,0,0,0,0,".0000","2.3000",25.2056941,-80.4106239,1998-09-18 11:55:00,2003-09-17 09:32:00,1.00073938574283
"DERM","BSK3",0,0,0,0,0,0,18,0,18,18,15,0,18,0,0,0,0,0,0,0,0,0,0,0,".0000","2.3000",25.2056742,-80.4056336,1998-05-28 12:25:00,2004-09-20 11:12:00,0.949955854999704
"DERM","BSK4",0,0,0,0,0,0,21,0,21,21,15,0,21,0,0,0,0,0,0,0,0,0,0,0,".1000","1.9000",25.2011739,-80.4156358,1997-10-23 11:35:00,2004-05-12 09:38:00,1.06846502832576
"DERM","BSK5",0,0,0,0,0,0,23,0,24,24,18,0,23,0,0,0,0,0,0,0,0,0,0,0,".1000","2.3000",25.2011541,-80.4106457,1999-02-10 10:54:00,2004-07-12 11:30:00,1.47648463258423
"DERM","BSK6",0,0,0,0,0,0,18,0,18,18,18,0,18,0,0,0,0,0,0,0,0,0,0,0,".1000","2.5000",25.2011341,-80.4056556,1997-12-18 13:40:00,2001-05-31 10:54:00,1.73944485661717
"DERM","BSK7",0,0,0,0,0,0,23,0,23,23,20,0,23,0,0,0,0,0,0,0,0,0,0,0,".0000","2.5000",25.1966141,-80.4106676,1997-11-20 14:58:00,2004-12-16 12:23:00,1.13128988416033
"DERM","BSK8",0,0,0,0,0,0,9,0,9,9,9,0,9,0,0,0,0,0,0,0,0,0,0,0,".0000","2.0000",25.1965941,-80.4056776,1999-01-19 11:26:00,2000-09-18 10:53:00,1.80228832638292
"DERM","BSK9",0,0,0,0,0,0,9,0,9,9,9,0,9,0,0,0,0,0,0,0,0,0,0,0,".1000","2.2000",25.196574,-80.4006877,1999-12-02 11:17:00,2003-07-15 10:28:00,0.829506605803518
"DERM","BSL1",0,0,0,0,0,0,6,0,6,6,6,0,6,0,0,0,0,0,0,0,0,0,0,0,".1000","2.3000",25.205654,-80.4006433,1998-11-18 11:51:00,2001-03-26 10:40:00,0.850456265679459
"DERM","BSL2",0,0,0,0,0,0,15,0,15,15,15,0,15,0,0,0,0,0,0,0,0,0,0,0,".0000","2.5000",25.2056337,-80.395653,1999-01-19 11:09:00,2003-09-17 09:41:00,1.07304087821406
"DERM","BSL3",0,0,0,0,0,0,12,0,12,12,12,0,12,0,0,0,0,0,0,0,0,0,0,0,".0000","2.3000",25.2056132,-80.3906628,1997-11-20 14:34:00,2001-05-31 11:13:00,1.1344397118606
"DERM","BSL4",0,0,0,0,0,0,18,0,18,18,12,0,18,0,0,0,0,0,0,0,0,0,0,0,".1000","2.2000",25.201114,-80.4006655,1998-01-16 12:55:00,2004-09-20 11:24:00,0.898547266582747
"DERM","BSL5",0,0,0,0,0,0,18,0,18,18,15,0,18,0,0,0,0,0,0,0,0,0,0,0,".1000","2.2000",25.2010937,-80.3956754,1997-10-23 14:51:00,2004-03-12 12:01:00,0.939798862983225
"DERM","BSL6",0,0,0,0,0,0,24,0,24,24,18,0,23,0,0,0,0,0,0,0,0,0,0,0,".0000","2.4000",25.2010732,-80.3906853,1998-07-15 11:32:00,2004-07-12 12:17:00,1.33483704264158
"DERM","BSL7",0,0,0,0,0,0,17,0,17,16,15,0,18,0,0,0,0,0,0,0,0,0,0,0,".1000","2.5000",25.2010525,-80.3856953,1997-12-18 13:13:00,2004-12-16 11:55:00,0.857748125775661
"DERM","BSL8",0,0,0,0,0,0,15,0,15,15,15,0,15,0,0,0,0,0,0,0,0,0,0,0,".0000","2.3000",25.1965537,-80.3956978,1999-02-10 11:15:00,2002-05-22 11:29:00,1.52567683127052
"DERM","BSL9",0,0,0,0,0,0,21,0,21,21,21,0,21,0,0,0,0,0,0,0,0,0,0,0,".0000","1.2000",25.1965332,-80.3907079,1998-05-28 11:45:00,2003-07-15 10:43:00,1.94908426835966
"DERM","BWA1",0,0,0,0,0,0,21,0,21,21,18,0,21,0,0,0,0,0,0,0,0,0,0,0,".0000","1.5000",25.1948611,-80.4352719,1998-01-20 12:05:00,2004-03-17 13:04:00,1.13732357710216
"DERM","BWA2",0,0,0,0,0,0,15,0,15,15,15,0,15,0,0,0,0,0,0,0,0,0,0,0,".0000","1.7000",25.1948417,-80.4302065,1996-04-15 14:31:00,2001-11-30 14:43:00,0.888682527645873
"DERM","BWA3",0,0,0,0,0,0,18,0,18,18,18,0,18,0,0,0,0,0,0,0,0,0,0,0,".0000","1.9000",25.1902523,-80.4352932,1996-01-15 14:30:00,2002-07-23 15:58:00,0.920387968949418
"DERM","BWA4",0,0,0,0,0,0,27,0,26,25,18,0,26,0,0,0,0,0,0,0,0,0,0,0,".0000","2.0000",25.1902328,-80.4302279,1996-03-20 12:42:00,2004-12-22 12:36:00,1.02758808428166
"DERM","BWA5",0,0,0,0,0,0,18,0,18,18,18,0,18,0,0,0,0,0,0,0,0,0,0,0,".0000","2.2000",25.1902132,-80.4251626,1997-05-15 13:47:00,2003-07-25 11:37:00,0.968871559492194
"DERM","BWA6",0,0,0,0,0,0,21,0,21,21,18,0,21,0,0,0,0,0,0,0,0,0,0,0,".0000","2.7000",25.1856434,-80.4353145,1995-12-12 14:16:00,2004-07-23 13:51:00,0.812703149850504
"DERM","BWA7",0,0,0,0,0,0,33,0,33,33,33,0,33,0,0,0,0,0,0,0,0,0,0,0,".0000","1.9000",25.185624,-80.4302494,1996-06-17 14:36:00,2002-03-22 13:17:00,1.909626789091
"DERM","BWA8",0,0,0,0,0,0,30,0,30,30,27,0,30,0,0,0,0,0,0,0,0,0,0,0,".1000","2.1000",25.1856044,-80.4251843,1996-02-14 13:42:00,2004-01-28 12:50:00,1.25733060365065
"DERM","BWA9",0,0,0,0,0,0,30,0,30,30,30,0,30,0,0,0,0,0,0,0,0,0,0,0,".0000","2.0000",25.1810346,-80.4353357,1996-05-13 13:59:00,2003-09-25 11:38:00,1.35735150774252
"DERM","BWB1",0,0,0,0,0,0,27,0,27,27,27,0,27,0,0,0,0,0,0,0,0,0,0,0,".0000","2.3000",25.1948221,-80.425141,1996-06-17 14:12:00,2001-03-29 12:34:00,1.8828053467147
"DERM","BWB2",0,0,0,0,0,0,21,0,20,19,15,0,21,0,0,0,0,0,0,0,0,0,0,0,".1000","2.2000",25.1948023,-80.4200755,1997-11-14 12:38:00,2004-12-22 12:50:00,0.985256951647554
"DERM","BWB3",0,0,0,0,0,0,30,0,30,30,30,0,30,0,0,0,0,0,0,0,0,0,0,0,".0000","2.2000",25.1901934,-80.4200974,1997-09-18 13:29:00,2003-01-23 14:19:00,1.87016644324893
"DERM","BWB4",0,0,0,0,0,0,24,0,24,24,21,0,24,0,0,0,0,0,0,0,0,0,0,0,".0000","2.2000",25.1901735,-80.4150321,1996-01-15 15:16:00,2004-07-23 14:06:00,0.938960682494237
"DERM","BWB5",0,0,0,0,0,0,9,0,9,9,9,0,9,0,0,0,0,0,0,0,0,0,0,0,".1000","2.3000",25.1855846,-80.4201192,1998-04-23 11:53:00,2000-11-22 12:09:00,1.16073845646826
"DERM","BWB6",0,0,0,0,0,0,21,0,21,21,21,0,21,0,0,0,0,0,0,0,0,0,0,0,".0000","2.3000",25.1855647,-80.4150541,1995-12-12 15:58:00,1999-08-13 12:40:00,1.9082181940311
"DERM","BWB7",0,0,0,0,0,0,33,0,33,33,30,0,33,0,0,0,0,0,0,0,0,0,0,0,".0000","2.2000",25.1855446,-80.409989,1996-09-24 12:35:00,2004-01-28 12:32:00,1.49804366924844
"DERM","BWB8",0,0,0,0,0,0,21,0,21,21,21,0,21,0,0,0,0,0,0,0,0,0,0,0,".0000","1.9000",25.1855243,-80.4049239,1996-03-20 14:04:00,2003-03-21 12:31:00,0.999927484806437
"DERM","BWB9",0,0,0,0,0,0,27,0,27,27,21,0,27,0,0,0,0,0,0,0,0,0,0,0,".0000","3.2000",25.1809758,-80.420141,1997-01-17 12:52:00,2004-09-30 12:09:00,1.1686046554687
"DERM","BWC1",0,0,0,0,0,0,18,0,18,18,18,0,18,0,0,0,0,0,0,0,0,0,0,0,".0000","2.1000",25.1810152,-80.4302708,1997-05-15 13:32:00,2003-09-25 11:52:00,0.943014409256348
"DERM","BWC2",0,0,0,0,0,0,21,0,21,21,18,0,21,0,0,0,0,0,0,0,0,0,0,0,".0000","2.1000",25.1809956,-80.4252059,1996-04-15 14:51:00,2004-03-17 12:51:00,0.883796629698977
"DERM","BWC3",0,0,0,0,0,0,21,0,21,21,18,0,21,0,0,0,0,0,0,0,0,0,0,0,".0000","1.8000",25.176445,-80.4476439,1996-07-16 14:15:00,2004-05-11 11:46:00,0.895253023046129
"DERM","BWC4",0,0,0,0,0,0,9,0,9,9,9,0,9,0,0,0,0,0,0,0,0,0,0,0,".1000","2.0000",25.1753147,-80.4353569,1996-06-17 14:58:00,2003-05-30 11:40:00,0.431760979958528
"DERM","BWC5",0,0,0,0,0,0,29,0,29,30,24,0,30,0,0,0,0,0,0,0,0,0,0,0,".0000","2.1000",25.1764063,-80.4302922,1996-01-15 14:53:00,2004-12-22 12:05:00,1.11906573457997
"DERM","BWC6",0,0,0,0,0,0,39,0,39,39,39,0,39,0,0,0,0,0,0,0,0,0,0,0,".1000","2.3000",25.1763868,-80.4252275,1995-12-12 14:39:00,2003-07-25 11:08:00,1.70686560144628
"DERM","BWC7",0,0,0,0,0,0,20,0,20,21,18,0,20,0,0,0,0,0,0,0,0,0,0,0,".1000","2.1000",25.1718169,-80.4353782,1996-05-13 14:18:00,2004-07-23 13:10:00,0.854256712295457
"DERM","BWC8",0,0,0,0,0,0,18,0,18,18,18,0,18,0,0,0,0,0,0,0,0,0,0,0,".0000","2.2000",25.1717975,-80.4303137,1996-02-14 14:07:00,2002-05-29 11:01:00,0.954539762508416
"DERM","BWC9",0,0,0,0,0,0,36,0,36,36,33,0,36,0,0,0,0,0,0,0,0,0,0,0,".0000","3.1000",25.1717779,-80.4252491,1996-08-21 11:26:00,2004-01-28 12:03:00,1.6137549836017
"DERM","BWD1",0,0,0,0,0,0,15,0,15,15,12,0,15,0,0,0,0,0,0,0,0,0,0,0,".1000","2.3000",25.1809559,-80.4150761,1997-08-18 13:32:00,2004-07-23 13:26:00,0.721553933810638
"DERM","BWD2",0,0,0,0,0,0,18,0,18,18,18,0,18,0,0,0,0,0,0,0,0,0,0,0,".0000","2.3000",25.1809358,-80.4100112,1996-03-20 13:30:00,2003-09-25 12:06:00,0.798377621868103
"DERM","BWD3",0,0,0,0,0,0,21,0,21,21,21,0,21,0,0,0,0,0,0,0,0,0,0,0,".0000","2.4000",25.176367,-80.4201628,1995-12-12 15:21:00,2003-03-21 12:14:00,0.962678845837562
"DERM","BWD4",0,0,0,0,0,0,21,0,21,21,18,0,21,0,0,0,0,0,0,0,0,0,0,0,".1000","2.4000",25.176347,-80.4150981,1996-01-15 15:41:00,2004-03-17 12:15:00,0.856860783745125
"DERM","BWD5",0,0,0,0,0,0,24,0,24,24,21,0,24,0,0,0,0,0,0,0,0,0,0,0,".0000","2.4000",25.1763269,-80.4100334,1996-05-13 14:37:00,2004-05-11 12:13:00,1.00071920271242
"DERM","BWD6",0,0,0,0,0,0,21,0,20,20,18,0,20,0,0,0,0,0,0,0,0,0,0,0,".0000","2.4000",25.1763066,-80.4049687,1996-06-17 15:15:00,2004-12-22 12:18:00,0.822138602744883
"DERM","BWD7",0,0,0,0,0,0,15,0,15,15,12,0,15,0,0,0,0,0,0,0,0,0,0,0,".1000","2.3000",25.1717582,-80.4201846,1996-09-24 11:46:00,2004-01-28 12:18:00,0.680922769717709
"DERM","BWD8",0,0,0,0,0,0,44,0,45,45,42,0,45,0,0,0,0,0,0,0,0,0,0,0,".0000","3.3000",25.1717382,-80.4151201,1996-02-14 14:22:00,2004-09-27 11:45:00,1.74045100301944
"DERM","BWD9",0,0,0,0,0,0,33,0,33,33,33,0,33,0,0,0,0,0,0,0,0,0,0,0,".0000","2.7000",25.1717181,-80.4100556,1996-08-21 11:58:00,2003-01-23 13:24:00,1.71255231141104
"DERM","CD01",0,0,0,0,6,6,36,0,36,36,36,0,36,6,0,0,0,6,0,0,0,0,0,0,".1000","5.8000",25.6104804,-80.3065738,1997-01-09 10:06:00,1998-01-08 11:50:00,12.0388201364198
"DERM","CD01A",0,3,0,0,283,271,754,49,757,758,743,362,760,292,93,80,98,287,7,0,0,0,0,0,".0000","NULL",25.6105156617438,-80.304099850243,1998-02-06 10:46:00,2025-12-04 09:35:00,11.105263952692
"DERM","CD02",0,0,0,0,329,430,1046,100,1072,1070,1041,392,1066,330,175,155,101,321,0,2,0,0,0,0,".0000","NULL",25.6110351482176,-80.3099339569987,1994-01-06 12:15:00,2025-12-04 09:37:11,11.1879430408907
"DERM","CD03A",0,0,0,0,32,0,96,11,96,96,96,96,96,32,11,28,32,31,0,0,0,0,0,0,".1000","5.3990",25.61465699,-80.317532,2023-05-04 08:45:00,2025-12-04 09:47:36,12.3676850256595
"DERM","CD04A",0,0,0,0,32,0,96,11,96,96,96,96,96,32,11,27,32,32,0,0,0,0,0,0,".1000","1.9410",25.59493699,-80.341127,2023-05-04 08:35:00,2025-12-04 09:07:13,12.3679611592578
"DERM","CD05",0,0,0,0,273,347,870,83,901,900,868,401,888,275,152,145,100,268,0,0,0,0,0,0,".0000","NULL",25.6238368,-80.3436253,1999-01-07 11:46:00,2025-12-04 09:31:08,11.1493736489042
"DERM","CD06",0,0,0,0,75,96,234,8,244,242,239,50,243,76,12,2,1,22,0,0,0,0,0,0,".1000","NULL",25.629386,-80.318,2005-02-10 11:05:00,2014-09-11 09:40:00,8.55743003602243
"DERM","CD08",0,0,0,0,34,46,73,10,79,79,79,0,79,38,14,10,0,39,0,1,0,0,0,0,".0000","NULL",25.6445624,-80.3448506,1994-03-24 10:15:00,1996-12-05 09:26:00,11.1022064674919
"DERM","CD09",0,0,0,0,323,426,1023,102,1055,1050,1032,373,1042,323,179,158,89,316,0,2,0,0,0,0,".0000","NULL",25.6657710701575,-80.4086372637008,1994-01-06 11:30:00,2025-12-04 10:09:09,10.9998599396227
"DERM","CG01",0,3,0,0,334,321,1073,50,1073,1068,1043,398,1073,335,93,81,98,330,7,0,0,0,0,0,".0000","NULL",25.7036788,-80.2472057,1994-01-06 08:52:00,2025-12-04 08:45:48,11.2191804637327
"DERM","CG02",0,0,0,0,64,36,137,20,146,147,145,96,139,61,22,37,32,65,0,0,0,0,0,0,".1000","NULL",25.7090050725719,-80.2676807853531,1994-06-09 11:15:00,2025-12-04 09:10:58,1.96901744194929
"DERM","CG02A",0,0,0,0,64,0,196,5,196,200,197,200,197,64,48,57,63,65,0,0,0,0,0,0,".1000","1.8760",25.71468699,-80.280868,2018-10-04 11:30:00,2025-12-04 08:36:51,9.9060126544041
"DERM","CG03",0,0,0,0,32,0,96,11,96,96,96,96,96,32,15,30,32,32,0,0,0,0,0,0,".1000","2.4590",25.73854499,-80.286792,2023-05-04 10:50:00,2025-12-04 11:27:26,12.3679137476206
"DERM","CG05",0,0,0,0,30,34,78,9,80,84,84,0,84,30,10,9,0,31,0,2,0,0,0,0,".1000","NULL",25.7386948,-80.2867969,1994-03-23 10:15:00,1996-12-05 11:07:00,11.4598544250238
"DERM","CG07",0,0,0,0,321,433,1047,102,1075,1069,1049,388,1062,324,171,145,97,316,0,2,0,0,0,0,".0000","NULL",25.74110820767,-80.3107123177411,1994-01-06 10:36:00,2025-12-04 11:09:35,11.187815450919
"DERM","CG09",0,0,0,0,22,44,69,8,69,69,80,40,69,23,11,1,1,23,0,0,0,0,0,0,".1000","NULL",25.7468385,-80.3176398,2012-10-04 09:15:00,2014-09-11 11:44:00,11.8805101799301
"DERM","CM02",0,0,0,0,208,263,634,60,646,643,649,393,639,208,110,99,89,210,0,0,0,0,0,0,".1000","NULL",25.7834804435498,-80.2399747943723,2005-02-08 12:15:00,2025-12-02 10:41:10,10.8586171493834
"DERM","CM04",0,0,0,0,32,0,85,11,85,85,85,85,85,32,11,29,32,32,0,0,0,0,0,0,".1000","1.5080",25.78272271,-80.26952901,2023-05-02 11:30:00,2025-12-02 10:25:00,12.3688447787409
"DERM","DCA1",0,0,0,0,0,0,20,0,20,20,18,0,20,0,0,0,0,0,0,0,0,0,0,0,".0000",".7000",25.2116838,-80.55334,1996-06-21 10:49:00,2004-03-11 11:56:00,1.29519139632005
"DERM","DCA2",0,0,0,0,0,0,11,0,12,10,10,0,12,0,0,0,0,0,0,0,0,0,0,0,".1000",".5000",25.2116747,-80.5503154,1996-11-26 11:23:00,2004-05-13 09:56:00,0.804238014451391
"DERM","DCA3",0,0,0,0,0,0,14,0,14,14,14,0,14,0,0,0,0,0,0,0,0,0,0,0,".0000",".8000",25.2089504,-80.5593992,1996-10-24 13:24:00,2003-05-22 12:44:00,1.06488112454446
"DERM","DCA4",0,0,0,0,0,0,8,0,8,8,8,0,8,0,0,0,0,0,0,0,0,0,0,0,".1000",".8000",25.2089414,-80.5563746,1997-05-21 11:34:00,1998-08-19 11:26:00,3.21102821768276
"DERM","DCA5",0,0,0,0,0,0,28,0,28,28,28,0,28,0,0,0,0,0,0,0,0,0,0,0,".0000",".9000",25.2089323,-80.5533501,1996-01-19 11:03:00,2003-07-16 11:52:00,1.86962938964044
"DERM","DCA6",0,0,0,0,0,0,14,0,14,14,14,0,14,0,0,0,0,0,0,0,0,0,0,0,".0000",".9000",25.2061898,-80.5563846,1996-07-22 14:43:00,2002-05-28 11:27:00,1.19705661643545
"DERM","DCA7",0,0,0,0,0,0,14,0,14,14,12,0,14,0,0,0,0,0,0,0,0,0,0,0,".0000","1.0000",25.2061807,-80.5533601,1997-09-16 12:26:00,2004-07-19 11:47:00,1.02352991217045
"DERM","DCA8",0,0,0,0,0,0,18,0,18,18,16,0,18,0,0,0,0,0,0,0,0,0,0,0,".0000","1.0000",25.2061715,-80.5503356,1995-12-18 11:02:00,2004-01-22 11:47:00,1.11167239101717
"DERM","DCA9",0,0,0,0,0,0,16,0,15,15,12,0,16,0,0,0,0,0,0,0,0,0,0,0,".0000","1.0000",25.2034382,-80.5563946,1996-08-19 12:52:00,2004-12-27 12:11:00,0.957413912090978
"DERM","DCB1",0,0,0,0,0,0,9,0,10,10,7,0,9,0,0,0,0,0,0,0,0,0,0,0,".1000","1.2000",25.1951651,-80.5503761,2001-09-06 12:51:00,2004-03-11 12:34:00,1.59325933403662
"DERM","DCB2",0,0,0,0,0,0,22,0,22,22,20,0,22,0,0,0,0,0,0,0,0,0,0,0,".1000","1.2000",25.1951559,-80.5473519,1997-08-19 13:15:00,2004-05-13 10:30:00,1.48542911973159
"DERM","DCB3",0,0,0,0,0,0,22,0,21,21,20,0,22,0,0,0,0,0,0,0,0,0,0,0,".0000","2.0000",25.1951466,-80.5443277,1996-07-22 15:36:00,2004-12-27 12:56:00,1.30451134600815
"DERM","DCB4",0,0,0,0,0,0,8,0,8,8,8,0,8,0,0,0,0,0,0,0,0,0,0,0,".0000","1.0000",25.1951373,-80.5413035,1997-04-22 12:35:00,2001-05-30 13:46:00,0.974617709094329
"DERM","DCB5",0,0,0,0,0,0,15,0,15,16,14,0,15,0,0,0,0,0,0,0,0,0,0,0,".0000","1.0000",25.1951279,-80.5382793,1996-03-26 12:33:00,2004-09-22 12:02:00,0.941979458002722
"DERM","DCB6",0,0,0,0,0,0,20,0,20,20,20,0,20,0,0,0,0,0,0,0,0,0,0,0,".0000","1.0000",25.1952014,-80.562473,1995-12-18 10:41:00,2001-12-11 11:00:00,1.67161461966763
"DERM","DCB7",0,0,0,0,0,0,16,0,16,16,14,0,16,0,0,0,0,0,0,0,0,0,0,0,".0000","1.1000",25.1951924,-80.5594488,1996-06-21 10:21:00,2004-07-19 12:00:00,0.990485391230289
"DERM","DCB8",0,0,0,0,0,0,23,0,23,23,21,0,23,0,0,0,0,0,0,0,0,0,0,0,".0000","1.3000",25.1951834,-80.5564246,1996-01-19 10:22:00,2004-01-22 11:24:00,1.24869956805004
"DERM","DCB9",0,0,0,0,0,0,15,0,15,15,15,0,15,0,0,0,0,0,0,0,0,0,0,0,".0000","1.2000",25.1951743,-80.5534003,1996-12-18 13:01:00,2003-01-14 12:58:00,1.15272876533736
"DERM","DCC1",0,0,0,0,0,0,26,0,25,26,24,0,25,0,0,0,0,0,0,0,0,0,0,0,".0000","1.1000",25.2034291,-80.5533702,1996-05-17 10:44:00,2004-12-27 12:26:00,1.50926353904407
"DERM","DCC2",0,0,0,0,0,0,14,0,14,14,14,0,14,0,0,0,0,0,0,0,0,0,0,0,".0000","1.1000",25.2034199,-80.5503458,1996-08-19 13:11:00,2003-05-22 13:07:00,1.0363813858278
"DERM","DCC3",0,0,0,0,0,0,22,0,22,22,20,0,22,0,0,0,0,0,0,0,0,0,0,0,".0000","1.2000",25.2006866,-80.5564046,1996-01-19 10:45:00,2004-09-22 11:37:00,1.15255865567255
"DERM","DCC4",0,0,0,0,0,0,12,0,12,12,12,0,12,0,0,0,0,0,0,0,0,0,0,0,".0000","1.1000",25.2006775,-80.5533802,1996-03-26 11:32:00,2001-03-28 11:24:00,1.19885484699382
"DERM","DCC5",0,0,0,0,0,0,12,0,12,12,10,0,12,0,0,0,0,0,0,0,0,0,0,0,".0000","1.1000",25.2006683,-80.5503559,1996-09-23 12:48:00,2004-07-19 12:16:00,0.767337903345031
"DERM","DCC6",0,0,0,0,0,0,18,0,18,19,17,0,19,0,0,0,0,0,0,0,0,0,0,0,".0000","2.0000",25.197935,-80.5564146,1996-12-18 13:13:00,2004-01-22 11:33:00,1.26875264678606
"DERM","DCC7",0,0,0,0,0,0,17,0,17,17,14,0,17,0,0,0,0,0,0,0,0,0,0,0,".0000","1.1000",25.1979259,-80.5533903,1996-04-19 12:47:00,2004-03-11 12:20:00,1.01353416710567
"DERM","DCC8",0,0,0,0,0,0,19,0,19,19,19,0,19,0,0,0,0,0,0,0,0,0,0,0,".0000","1.2000",25.1979167,-80.550366,1995-12-18 11:19:00,2001-12-11 11:35:00,1.33729297079598
"DERM","DCC9",0,0,0,0,0,0,11,0,11,11,9,0,11,0,0,0,0,0,0,0,0,0,0,0,".0000","1.2000",25.1979075,-80.5473417,1999-06-24 11:12:00,2004-05-13 10:18:00,1.02313073804072
"DERM","DCD1",0,0,0,0,0,0,24,0,24,24,22,0,24,0,0,0,0,0,0,0,0,0,0,0,".0000","1.2000",25.2034107,-80.5473214,1996-02-23 14:13:00,2004-09-22 11:50:00,1.39857654321015
"DERM","DCD2",0,0,0,0,0,0,18,0,18,17,14,0,18,0,0,0,0,0,0,0,0,0,0,0,".0000","1.0000",25.2034014,-80.5442969,1996-01-19 11:20:00,2004-12-27 12:42:00,1.00679714195898
"DERM","DCD3",0,0,0,0,0,0,22,0,22,22,20,0,22,0,0,0,0,0,0,0,0,0,0,0,".0000","1.0000",25.203392,-80.5412725,1996-09-23 13:26:00,2004-01-22 11:59:00,1.50087436601654
"DERM","DCD4",0,0,0,0,0,0,4,0,4,4,4,0,4,0,0,0,0,0,0,0,0,0,0,0,".0000","1.1000",25.2006591,-80.5473315,1997-07-18 13:37:00,2000-11-20 13:17:00,0.598286903800435
"DERM","DCD5",0,0,0,0,0,0,20,0,20,20,20,0,20,0,0,0,0,0,0,0,0,0,0,0,".0000","1.2000",25.2006498,-80.5443072,1996-10-24 13:43:00,2002-11-22 11:37:00,1.48080160817149
"DERM","DCD6",0,0,0,0,0,0,23,0,23,23,21,0,23,0,0,0,0,0,0,0,0,0,0,0,".0000","1.2000",25.2006404,-80.5412828,1996-06-21 11:09:00,2004-03-11 12:58:00,1.42469580086626
"DERM","DCD7",0,0,0,0,0,0,19,0,19,19,17,0,19,0,0,0,0,0,0,0,0,0,0,0,".0000","1.2000",25.1978982,-80.5443174,1996-07-22 15:19:00,2004-05-13 10:43:00,1.15268966766701
"DERM","DCD8",0,0,0,0,0,0,14,0,14,14,14,0,14,0,0,0,0,0,0,0,0,0,0,0,".1000","1.1000",25.1978889,-80.5412932,1995-12-18 11:35:00,2003-05-22 13:50:00,0.94272183621971
"DERM","DCD9",0,0,0,0,0,0,4,0,4,4,4,0,4,0,0,0,0,0,0,0,0,0,0,0,".0000",".7000",25.1978794,-80.5382689,1998-05-21 11:36:00,1998-11-11 12:01:00,4.19785701458587
"DERM","DDC1",0,0,0,0,31,0,93,11,93,93,93,93,93,31,11,30,31,31,0,0,0,0,0,0,".1000","2.3790",25.82610299,-80.385617,2023-05-02 11:15:00,2025-12-02 11:30:00,11.9816139592818
"DERM","DDC2",0,0,0,0,30,0,88,10,88,88,88,88,88,30,11,30,30,29,0,0,0,0,0,0,".1000","2.7710",25.81161629,-80.32513086,2023-05-02 11:35:00,2025-12-02 11:56:43,11.595053052688
"DERM","FBA1",0,0,0,0,0,0,19,0,19,19,19,0,19,0,0,0,0,0,0,0,0,0,0,0,".0000","1.4000",25.1709809,-80.6445017,1996-04-18 14:35:00,2002-05-29 09:45:00,1.1456006770822
"DERM","FBA2",0,0,0,0,0,0,15,0,15,15,12,0,15,0,0,0,0,0,0,0,0,0,0,0,".0000","1.3000",25.1709679,-80.6391347,1997-10-21 10:40:00,2004-03-17 11:05:00,0.780776590359496
"DERM","FBA3",0,0,0,0,0,0,20,0,21,21,19,0,21,0,0,0,0,0,0,0,0,0,0,0,".0000","1.7000",25.1709548,-80.6337678,1996-05-16 10:11:00,2004-05-11 09:43:00,1.00172076719363
"DERM","FBA4",0,0,0,0,0,0,24,0,24,24,24,0,24,0,0,0,0,0,0,0,0,0,0,0,".0000","1.5000",25.1660968,-80.6445159,1996-09-24 09:26:00,2003-05-30 10:00:00,1.19802038270096
"DERM","FBA5",0,0,0,0,0,0,12,0,12,12,9,0,12,0,0,0,0,0,0,0,0,0,0,0,".1000","1.7000",25.1660838,-80.6391491,1996-02-23 09:00:00,2004-09-27 10:08:00,0.465427850099597
"DERM","FBA6",0,0,0,0,0,0,33,0,33,33,33,0,33,0,0,0,0,0,0,0,0,0,0,0,".0000","1.5000",25.1660706,-80.6337824,1996-11-20 14:16:00,2003-07-25 09:28:00,1.64810484863401
"DERM","FBA7",0,0,0,0,0,0,12,0,12,12,8,0,12,0,0,0,0,0,0,0,0,0,0,0,".1000","2.0000",25.1612254,-80.6498966,1996-03-25 14:42:00,2004-12-22 11:00:00,0.686163363656407
"DERM","FBA8",0,0,0,0,0,0,25,0,25,25,25,0,25,0,0,0,0,0,0,0,0,0,0,0,".0000","1.7000",25.1612126,-80.6445301,1995-12-19 14:31:00,2003-09-25 10:45:00,1.15877048381735
"DERM","FBA9",0,0,0,0,0,0,36,0,37,37,34,0,36,0,0,0,0,0,0,0,0,0,0,0,".0000","1.5000",25.1611996,-80.6391635,1997-04-18 10:24:00,2004-01-28 10:38:00,1.91770248613501
"DERM","FBB1",0,0,0,0,0,0,22,0,22,22,20,0,22,0,0,0,0,0,0,0,0,0,0,0,".0000","1.4000",25.1758255,-80.628386,1995-12-19 14:05:00,2004-07-23 11:29:00,0.930901831060327
"DERM","FBB2",0,0,0,0,0,0,15,0,16,16,14,0,16,0,0,0,0,0,0,0,0,0,0,0,".0000","1.5000",25.1709414,-80.6284008,1996-11-20 13:50:00,2004-12-22 10:35:00,0.741909433616272
"DERM","FBB3",0,0,0,0,0,0,32,0,32,32,32,0,32,0,0,0,0,0,0,0,0,0,0,0,".0000","2.4000",25.1709278,-80.6230338,1996-03-25 15:22:00,2003-09-25 10:30:00,1.46644064291052
"DERM","FBB4",0,0,0,0,0,0,23,0,24,24,21,0,23,0,0,0,0,0,0,0,0,0,0,0,".0000","1.7000",25.1709141,-80.6176669,1996-02-23 09:30:00,2004-01-28 11:21:00,1.00895104512786
"DERM","FBB5",0,0,0,0,0,0,14,0,14,14,14,0,14,0,0,0,0,0,0,0,0,0,0,0,".0000","1.3000",25.1709001,-80.6122999,1997-06-19 13:07:00,1998-05-26 10:41:00,5.35716468321063
"DERM","FBB6",0,0,0,0,0,0,35,0,36,35,33,0,36,0,0,0,0,0,0,0,0,0,0,0,".0000","1.7000",25.1660572,-80.6284156,1997-12-09 11:23:00,2004-03-17 10:49:00,1.91399353341222
"DERM","FBB7",0,0,0,0,0,0,20,0,20,20,17,0,20,0,0,0,0,0,0,0,0,0,0,0,".0000","1.4000",25.1660437,-80.6230489,1996-01-18 14:44:00,2004-05-11 10:25:00,0.84219416270681
"DERM","FBB8",0,0,0,0,0,0,20,0,20,20,20,0,20,0,0,0,0,0,0,0,0,0,0,0,".0000","1.7000",25.1660299,-80.6176821,1996-05-16 09:20:00,2003-05-30 10:50:00,0.994820164879259
"DERM","FBB9",0,0,0,0,0,0,21,0,21,21,18,0,21,0,0,0,0,0,0,0,0,0,0,0,".0000","1.5000",25.1660159,-80.6123154,1996-08-21 09:50:00,2004-09-27 10:55:00,0.864045622825494
"DERM","FBBW",0,0,0,0,0,0,39,0,39,39,39,0,39,0,0,0,0,0,0,0,0,0,0,0,".0000","1.8000",25.1772667,-80.4380333,1996-11-20 13:05:00,2003-05-30 11:30:00,1.99344312001364
"DERM","FBC1",0,0,0,0,0,0,17,0,17,17,17,0,17,0,0,0,0,0,0,0,0,0,0,0,".0000","1.9000",25.1611864,-80.633797,1996-05-16 09:56:00,2002-01-29 10:31:00,1.05157122887576
"DERM","FBC2",0,0,0,0,0,0,20,0,20,20,18,0,20,0,0,0,0,0,0,0,0,0,0,0,".0000","1.6000",25.1611731,-80.6284304,1995-12-21 09:34:00,2004-09-27 10:31:00,0.798226164079823
"DERM","FBC3",0,0,0,0,0,0,23,0,23,23,23,0,23,0,0,0,0,0,0,0,0,0,0,0,".0000","1.6000",25.1563284,-80.6445442,1996-03-25 14:58:00,2003-07-25 09:50:00,1.09119992365169
"DERM","FBC4",0,0,0,0,0,0,36,0,36,35,30,0,36,0,0,0,0,0,0,0,0,0,0,0,".0000","2.4000",25.1563155,-80.6391779,1996-12-16 10:55:00,2004-12-22 13:11:00,1.49687794678754
"DERM","FBC5",0,0,0,0,0,0,18,0,18,18,18,0,18,0,0,0,0,0,0,0,0,0,0,0,".0000","1.6000",25.1563023,-80.6338116,1997-12-09 11:42:00,2003-09-25 10:56:00,1.0356961648103
"DERM","FBC6",0,0,0,0,0,0,20,0,20,21,18,0,20,0,0,0,0,0,0,0,0,0,0,0,".1000","1.6000",25.1562889,-80.6284452,1996-01-18 15:12:00,2004-01-28 10:56:00,0.872068565624716
"DERM","FBC7",0,0,0,0,0,0,21,0,21,21,21,0,21,0,0,0,0,0,0,0,0,0,0,0,".0000","1.5000",25.1514443,-80.6445584,1996-02-23 08:43:00,2000-07-20 10:59:00,1.58893718689256
"DERM","FBC8",0,0,0,0,0,0,17,0,17,17,14,0,17,0,0,0,0,0,0,0,0,0,0,0,".1000","1.5000",25.1514313,-80.6391923,1997-05-15 10:13:00,2004-03-17 11:22:00,0.877285013381282
"DERM","FBC9",0,0,0,0,0,0,35,0,35,35,31,0,35,0,0,0,0,0,0,0,0,0,0,0,".0000","1.7000",25.1514181,-80.6338261,1996-04-18 14:58:00,2004-05-11 10:01:00,1.48838946700427
"DERM","FBD1",0,0,0,0,0,0,10,0,10,10,10,0,10,0,0,0,0,0,0,0,0,0,0,0,".0000","1.0000",25.1708859,-80.6069329,1997-05-15 11:22:00,2000-11-22 10:00:00,1.41906045657291
"DERM","FBD2",0,0,0,0,0,0,20,0,20,20,16,0,20,0,0,0,0,0,0,0,0,0,0,0,".0000","1.5000",25.1660018,-80.6069486,1996-01-18 14:23:00,2004-05-11 10:42:00,0.962499247990275
"DERM","FBD3",0,0,0,0,0,0,8,0,8,8,8,0,8,0,0,0,0,0,0,0,0,0,0,0,".0000","1.5000",25.1611595,-80.6230639,1996-05-16 09:41:00,1999-03-16 13:43:00,1.05954732803206
"DERM","FBD4",0,0,0,0,0,0,28,0,28,28,25,0,28,0,0,0,0,0,0,0,0,0,0,0,".0000","1.8000",25.1611458,-80.6176974,1996-06-20 10:09:00,2004-09-27 10:43:00,1.20902729345324
"DERM","FBD5",0,0,0,0,0,0,32,0,32,32,32,0,32,0,0,0,0,0,0,0,0,0,0,0,".0000","1.6000",25.1611318,-80.6123308,1996-02-23 09:44:00,2003-07-25 10:04:00,1.48310424559982
"DERM","FBD6",0,0,0,0,0,0,20,0,20,20,15,0,20,0,0,0,0,0,0,0,0,0,0,0,".0000","2.4000",25.1611177,-80.6069643,1995-12-21 09:54:00,2004-12-22 11:22:00,0.777349496901345
"DERM","FBD7",0,0,0,0,0,0,30,0,30,30,30,0,30,0,0,0,0,0,0,0,0,0,0,0,".0000","1.5000",25.1611033,-80.6015978,1996-08-21 09:34:00,2002-03-22 11:17:00,1.79125643717882
"DERM","FBD8",0,0,0,0,0,0,27,0,27,26,24,0,26,0,0,0,0,0,0,0,0,0,0,0,".0000","1.6000",25.1562754,-80.6230789,1996-07-19 12:58:00,2004-01-28 11:07:00,1.1958320038985
"DERM","FBD9",0,0,0,0,0,0,21,0,21,21,21,0,21,0,0,0,0,0,0,0,0,0,0,0,".1000","1.5000",25.1562616,-80.6177126,1996-04-18 15:20:00,2002-05-29 10:18:00,1.14560495466706
"DERM","FBHC",0,0,0,0,0,0,81,0,81,81,77,0,81,0,0,0,0,0,0,0,0,0,0,0,".0000",".9000",25.2546668,-80.4448167,1993-10-18 10:23:00,2004-12-22 11:21:00,3.66767138730025
"DERM","FBJB",0,0,0,0,0,0,86,0,86,86,82,0,86,0,0,0,0,0,0,0,0,0,0,0,".0000","1.1000",25.22945,-80.5265332,1993-10-20 09:35:00,2005-01-06 13:29:00,3.74509067938589
"DERM","FBLM",0,0,0,0,0,0,95,0,95,95,91,0,95,0,0,0,0,0,0,0,0,0,0,0,".0000","1.4000",25.1739666,-80.63305,1993-10-27 12:18:00,2004-12-28 13:25:00,3.75988359337542
"DERM","FBLS",0,0,0,0,0,0,94,0,94,94,90,0,94,0,0,0,0,0,0,0,0,0,0,0,".0000","1.2000",25.2350001,-80.4584999,1993-10-18 13:36:00,2005-01-03 13:29:00,3.74615829316037
"DERM","FBTC",0,0,0,0,0,0,84,0,84,84,80,0,84,0,0,0,0,0,0,0,0,0,0,0,".0000","1.0000",25.21715,-80.5188332,1993-10-25 09:41:00,2005-01-11 14:32:00,3.74505448899056
"DERM","FBTR",0,0,0,0,0,0,80,0,80,80,76,0,80,0,0,0,0,0,0,0,0,0,0,0,".0000","1.0000",25.1907333,-80.6357665,1993-12-15 10:37:00,2004-12-28 12:11:00,3.62435212362875
"DERM","FC03",0,0,0,0,309,344,943,89,978,969,947,406,966,295,174,159,104,299,0,0,0,0,0,0,".0000","NULL",25.4481014922515,-80.3673494184961,1997-01-08 10:55:00,2025-12-03 09:35:00,11.0724341734778
"DERM","FC09",0,0,0,0,26,31,69,8,69,69,69,51,69,25,12,1,1,27,0,0,0,0,0,0,".1000","NULL",25.4479243,-80.411906,2012-10-03 10:36:00,2014-09-10 10:12:00,11.8825290553761
"DERM","FC15",0,0,0,0,321,425,1009,101,1032,1025,996,369,1027,315,170,158,97,312,0,0,0,0,0,0,".0000","NULL",25.4480601310575,-80.4609056733845,1994-03-28 09:30:00,2025-12-03 08:30:00,11.0462248560761
"DERM","FC16",0,0,0,0,2,0,14,0,14,17,14,14,17,2,1,1,2,1,0,0,0,0,0,0,".1000","1.1890",25.44784999,-80.468733,2018-10-03 12:01:00,2022-07-13 12:00:00,2.11892782558206
"DERM","FLAB01",0,3,0,0,48,74,146,0,146,145,147,51,147,49,49,3,18,49,0,0,0,0,0,0,".1000","2.5250",25.2735483,-80.374583,2010-04-13 10:10:00,2014-09-16 10:05:00,11.0682055852006
"DERM","FLAB02",0,6,0,0,52,95,162,0,165,160,165,69,165,83,76,3,30,81,0,0,0,0,0,0,".1000","NULL",25.2850333,-80.395033,2010-04-13 10:20:00,2014-09-16 10:24:00,11.0681628046403
"DERM","GL01A",0,0,0,0,11,11,0,0,0,0,0,0,0,11,0,0,0,0,0,0,0,0,0,0,"1.0000","1.0000",25.5373467,-80.3313811,1994-01-05 12:58:00,1994-12-07 12:25:00,11.9584049011279
"DERM","GL02",0,0,0,0,327,240,985,11,989,982,953,388,986,400,95,106,92,321,0,0,0,0,0,0,".0000","NULL",25.5372694072538,-80.3330252724713,1994-01-05 13:03:00,2025-12-03 10:53:49,11.187923953317
"DERM","GL03",0,0,0,0,294,387,1024,118,1049,1037,1015,371,1045,361,144,147,79,287,0,0,0,0,0,0,".0000","NULL",25.5372540966078,-80.3437597912965,1994-01-05 11:55:00,2025-12-03 10:40:29,10.6551309633945
"DERM","GL04",0,0,0,0,0,0,3,0,3,3,3,0,3,0,0,0,0,0,0,0,0,0,0,0,".2000","2.8000",25.5373338,-80.3473629,1994-03-30 08:30:00,1994-03-30 08:30:00,NA
"DERM","HBE",0,0,0,0,0,0,3,0,3,3,3,0,3,0,0,0,0,0,0,0,0,0,0,0,".1000","3.3130",25.7391668,-80.1711681,2006-04-06 09:14:00,2006-04-06 09:16:00,NA
"DERM","HCA1",0,0,0,0,0,0,12,0,12,11,12,0,12,0,0,0,0,0,0,0,0,0,0,0,".0000",".7000",25.2557323,-80.4457892,1998-04-14 10:15:00,2003-05-29 10:24:00,1.17129485804764
"DERM","HCA2",0,0,0,0,0,0,16,0,16,16,16,0,16,0,0,0,0,0,0,0,0,0,0,0,".0000",".8000",25.2549206,-80.4457929,1996-02-15 14:17:00,2003-07-21 10:39:00,1.07709659434451
"DERM","HCA3",0,0,0,0,0,0,17,0,18,18,12,0,18,0,0,0,0,0,0,0,0,0,0,0,".0000",".8000",25.2549172,-80.4449003,1996-05-14 11:28:00,2004-12-22 11:22:00,1.04556436276023
"DERM","HCA4",0,0,0,0,0,0,22,0,22,22,22,0,22,0,0,0,0,0,0,0,0,0,0,0,".0000",".7000",25.254907,-80.4422226,1996-07-16 10:10:00,2003-09-22 09:59:00,1.53115918306207
"DERM","HCA5",0,0,0,0,0,0,24,0,24,24,22,0,24,0,0,0,0,0,0,0,0,0,0,0,".0000",".9000",25.2541055,-80.444904,1996-11-19 10:58:00,2004-01-21 10:42:00,1.67354661892418
"DERM","HCA6",0,0,0,0,0,0,10,0,10,9,8,0,9,0,0,0,0,0,0,0,0,0,0,0,".0000",".7000",25.2541021,-80.4440114,1996-04-16 13:21:00,2004-05-18 11:23:00,0.618246669559874
"DERM","HCA7",0,0,0,0,0,0,6,0,6,6,6,0,6,0,0,0,0,0,0,0,0,0,0,0,".1000",".7000",25.2540988,-80.4431189,1999-07-27 10:43:00,2003-01-15 10:55:00,0.864150472197212
"DERM","HCA8",0,0,0,0,0,0,24,0,23,24,22,0,24,0,0,0,0,0,0,0,0,0,0,0,".0000",".8000",25.2540954,-80.4422263,1996-10-25 15:12:00,2004-03-16 11:07:00,1.62403716631308
"DERM","HCA9",0,0,0,0,0,0,12,0,12,12,12,0,12,0,0,0,0,0,0,0,0,0,0,0,".0000",".8000",25.2532938,-80.4449077,1995-12-21 11:04:00,2000-11-27 11:18:00,1.21546765554817
"DERM","HCB1",0,0,0,0,0,0,8,0,8,8,8,0,8,0,0,0,0,0,0,0,0,0,0,0,".0000",".8000",25.2532904,-80.4440151,1996-09-17 10:04:00,2000-09-07 10:37:00,1.0068758964581
"DERM","HCB2",0,0,0,0,0,0,14,0,14,14,12,0,14,0,0,0,0,0,0,0,0,0,0,0,".0000",".9000",25.2532871,-80.4431226,1996-08-15 09:57:00,2004-03-16 11:22:00,0.922994771721922
"DERM","HCB3",0,0,0,0,0,0,14,0,14,14,14,0,14,0,0,0,0,0,0,0,0,0,0,0,".0000",".8000",25.2532837,-80.44223,1995-12-21 11:27:00,2003-07-21 10:28:00,0.923361441737155
"DERM","HCB4",0,0,0,0,0,0,20,0,20,20,20,0,20,0,0,0,0,0,0,0,0,0,0,0,".0000",".8000",25.2524787,-80.4440188,1996-01-16 13:45:00,2002-11-26 10:34:00,1.45757914272863
"DERM","HCB5",0,0,0,0,0,0,20,0,20,20,20,0,20,0,0,0,0,0,0,0,0,0,0,0,".0000",".9000",25.2524754,-80.4431263,1996-02-15 13:58:00,2003-05-29 10:08:00,1.37320275601344
"DERM","HCB6",0,0,0,0,0,0,16,0,16,15,12,0,16,0,0,0,0,0,0,0,0,0,0,0,".0000",".9000",25.252472,-80.4422337,1996-10-25 15:01:00,2004-12-22 10:42:00,0.980596097685799
"DERM","HCB7",0,0,0,0,0,0,16,0,16,16,16,0,16,0,0,0,0,0,0,0,0,0,0,0,".0000",".9000",25.2516637,-80.44313,1996-05-14 11:11:00,2003-01-15 10:41:00,1.19902543278478
"DERM","HCB8",0,0,0,0,0,0,22,0,22,22,18,0,21,0,0,0,0,0,0,0,0,0,0,0,".0000",".8000",25.2516603,-80.4422374,1996-03-22 09:25:00,2004-07-27 10:00:00,1.3177166192737
"DERM","HCB9",0,0,0,0,0,0,14,0,14,14,12,0,14,0,0,0,0,0,0,0,0,0,0,0,".0000",".9000",25.2516569,-80.4413449,1998-07-14 10:17:00,2004-05-18 11:35:00,1.19751060179972
"DERM","HCC1",0,0,0,0,0,0,26,0,26,26,26,0,26,0,0,0,0,0,0,0,0,0,0,0,".0000",".9000",25.2532769,-80.4404449,1996-06-18 09:33:00,2003-07-21 10:14:00,1.83398910090953
"DERM","HCC2",0,0,0,0,0,0,10,0,10,10,10,0,10,0,0,0,0,0,0,0,0,0,0,0,".0000",".8000",25.2532736,-80.4395524,1997-04-15 09:59:00,2003-01-15 10:26:00,0.86922118139117
"DERM","HCC3",0,0,0,0,0,0,16,0,16,15,14,0,16,0,0,0,0,0,0,0,0,0,0,0,".0000",".9000",25.2524686,-80.4413412,1996-02-15 13:43:00,2004-12-22 10:33:00,0.903841403294718
"DERM","HCC4",0,0,0,0,0,0,8,0,8,8,6,0,8,0,0,0,0,0,0,0,0,0,0,0,".0000","1.0000",25.2524652,-80.4404486,1998-09-17 10:27:00,2004-09-16 09:58:00,0.666824933415446
"DERM","HCC5",0,0,0,0,0,0,18,0,18,18,16,0,18,0,0,0,0,0,0,0,0,0,0,0,".0000",".9000",25.2524619,-80.4395561,1996-03-22 09:43:00,2004-07-27 09:45:00,1.07813988277583
"DERM","HCC6",0,0,0,0,0,0,16,0,16,16,14,0,16,0,0,0,0,0,0,0,0,0,0,0,".0000",".7000",25.2516535,-80.4404524,1996-04-16 13:57:00,2004-01-21 10:16:00,1.03038016034307
"DERM","HCC7",0,0,0,0,0,0,22,0,22,22,20,0,22,0,0,0,0,0,0,0,0,0,0,0,".0000",".9000",25.2516501,-80.4395598,1995-12-21 11:41:00,2004-05-18 11:45:00,1.30828601949598
"DERM","HCC8",0,0,0,0,0,0,12,0,12,12,12,0,12,0,0,0,0,0,0,0,0,0,0,0,".0000",".9000",25.2508418,-80.4404561,1996-08-15 09:38:00,2003-03-11 09:59:00,0.913500074249236
"DERM","HCC9",0,0,0,0,0,0,15,0,16,15,14,0,16,0,0,0,0,0,0,0,0,0,0,0,".0000","1.0000",25.2508384,-80.4395636,1996-11-19 10:31:00,2004-03-16 10:45:00,1.09274097835803
"DERM","HCD1",0,0,0,0,0,0,29,0,30,29,28,0,29,0,0,0,0,0,0,0,0,0,0,0,".0000",".7000",25.2508351,-80.438671,1995-12-21 11:56:00,2004-03-16 10:19:00,1.8214337412901
"DERM","HCD2",0,0,0,0,0,0,12,0,12,12,12,0,12,0,0,0,0,0,0,0,0,0,0,0,".0000",".8000",25.2502676,-80.4395673,1996-09-17 09:27:00,2001-09-05 10:10:00,1.2080837515308
"DERM","HCD3",0,0,0,0,0,0,14,0,14,14,14,0,14,0,0,0,0,0,0,0,0,0,0,0,".1000",".9000",25.2502336,-80.4386748,1996-06-18 09:16:00,2003-05-29 09:39:00,1.00817582696832
"DERM","HCD4",0,0,0,0,0,0,16,0,16,16,14,0,16,0,0,0,0,0,0,0,0,0,0,0,".0000",".7000",25.2500199,-80.4377822,1996-04-16 14:15:00,2004-09-16 09:41:00,0.950302706174682
"DERM","HCD5",0,0,0,0,0,0,6,0,6,6,6,0,5,0,0,0,0,0,0,0,0,0,0,0,".0000",".7000",25.2492116,-80.4386785,1997-10-15 09:57:00,2001-07-25 09:59:00,0.794596734150417
"DERM","HCD6",0,0,0,0,0,0,14,0,14,14,12,0,14,0,0,0,0,0,0,0,0,0,0,0,".0000",".7000",25.2492083,-80.4377859,1996-05-14 10:22:00,2004-07-27 09:35:00,0.853397147508236
"DERM","HCD7",0,0,0,0,0,0,19,0,20,18,18,0,19,0,0,0,0,0,0,0,0,0,0,0,".0000",".6000",25.2483999,-80.4386822,1996-11-19 10:18:00,2004-01-21 09:43:00,1.39462920856728
"DERM","HCD8",0,0,0,0,0,0,22,0,22,22,20,0,22,0,0,0,0,0,0,0,0,0,0,0,".0000",".8000",25.2483966,-80.4377897,1996-02-15 13:24:00,2004-05-18 12:00:00,1.33261284767809
"DERM","HCD9",0,0,0,0,0,0,8,0,8,8,8,0,8,0,0,0,0,0,0,0,0,0,0,0,".0000",".6000",25.2475849,-80.4377934,1996-01-16 13:09:00,2003-03-11 09:43:00,0.559586385270481
"DERM","IC01",0,0,0,0,31,0,93,11,93,93,93,93,93,31,11,29,31,31,7,0,0,0,0,0,".1000","3.2510",25.89372399,-80.130186,2023-06-05 10:40:00,2025-12-01 09:50:00,12.4430571984584
"DERM","IC02",0,0,0,0,31,0,93,11,93,93,93,93,93,31,11,27,31,31,7,0,0,0,0,0,".1000","3.6010",25.88003299,-80.129597,2023-06-05 10:25:00,2025-12-01 09:37:06,12.4430372569327
"DERM","JBA1",0,0,0,0,0,0,20,0,20,20,18,0,20,0,0,0,0,0,0,0,0,0,0,0,".0000","1.1000",25.2258713,-80.5884388,1995-12-13 09:32:00,2004-07-21 10:53:00,1.16208547015345
"DERM","JBA2",0,0,0,0,0,0,12,0,12,12,10,0,12,0,0,0,0,0,0,0,0,0,0,0,".0000","1.0000",25.2258562,-80.5830543,1996-02-21 11:49:00,2004-01-13 10:03:00,0.760165090737758
"DERM","JBA3",0,0,0,0,0,0,31,0,31,31,29,0,31,0,0,0,0,0,0,0,0,0,0,0,".0000","1.2000",25.2258409,-80.5776699,1996-04-17 10:01:00,2004-05-19 10:48:00,1.85466806557044
"DERM","JBA4",0,0,0,0,0,0,8,0,8,8,8,0,8,0,0,0,0,0,0,0,0,0,0,0,".1000","1.0000",25.2234224,-80.5884471,1996-07-19 09:24:00,2003-03-20 09:30:00,0.599998973307712
"DERM","JBA5",0,0,0,0,0,0,10,0,10,10,8,0,10,0,0,0,0,0,0,0,0,0,0,0,".0000","1.2000",25.2234073,-80.5830627,1997-08-13 10:43:00,2004-03-18 11:16:00,0.758087433442501
"DERM","JBA6",0,0,0,0,0,0,22,0,22,22,22,0,22,0,0,0,0,0,0,0,0,0,0,0,".0000","1.1000",25.2233997,-80.5803705,1997-07-17 11:23:00,2003-07-23 10:14:00,1.82878362731701
"DERM","JBA7",0,0,0,0,0,0,6,0,6,6,6,0,6,0,0,0,0,0,0,0,0,0,0,0,".0000","1.1000",25.223392,-80.5776783,1996-09-19 10:19:00,2002-07-25 10:04:00,0.513234354187911
"DERM","JBA8",0,0,0,0,0,0,18,0,18,18,16,0,18,0,0,0,0,0,0,0,0,0,0,0,".1000","1.0000",25.2233843,-80.5749861,1996-01-17 10:28:00,2005-01-05 10:30:00,1.00343364051959
"DERM","JBA9",0,0,0,0,0,0,22,0,22,22,19,0,22,0,0,0,0,0,0,0,0,0,0,0,".0000","1.4000",25.2209734,-80.5884553,1996-03-22 11:25:00,2004-09-23 10:51:00,1.05802220182805
"DERM","JBB1",0,0,0,0,0,0,15,0,16,16,14,0,15,0,0,0,0,0,0,0,0,0,0,0,".0000","1.0000",25.230731,-80.5749606,1996-05-15 10:10:00,2004-09-23 11:23:00,0.957075493478404
"DERM","JBB2",0,0,0,0,0,0,17,0,17,17,16,0,17,0,0,0,0,0,0,0,0,0,0,0,".0000","1.0000",25.2307232,-80.5722683,1996-12-17 11:32:00,2004-05-19 10:57:00,1.21301825944011
"DERM","JBB3",0,0,0,0,0,0,15,0,15,15,13,0,15,0,0,0,0,0,0,0,0,0,0,0,".0000","1.2000",25.2282665,-80.5695845,1996-08-16 10:06:00,2005-01-05 10:50:00,0.83444011201658
"DERM","JBB4",0,0,0,0,0,0,18,0,18,18,16,0,18,0,0,0,0,0,0,0,0,0,0,0,".0000","1.0000",25.2282821,-80.5749691,1996-01-17 10:48:00,2004-03-18 11:31:00,1.10198360494305
"DERM","JBB5",0,0,0,0,0,0,11,0,11,11,11,0,11,0,0,0,0,0,0,0,0,0,0,0,".1000","1.3000",25.2282743,-80.5722768,1997-04-21 11:09:00,2003-07-23 10:29:00,0.799593787626333
"DERM","JBB6",0,0,0,0,0,0,22,0,22,22,22,0,22,0,0,0,0,0,0,0,0,0,0,0,".0000","1.1000",25.2307154,-80.5695759,1996-06-19 12:49:00,2001-07-19 10:21:00,2.16485587234686
"DERM","JBB7",0,0,0,0,0,0,11,0,11,11,11,0,11,0,0,0,0,0,0,0,0,0,0,0,".0000","1.3000",25.2258332,-80.5749776,1996-04-17 10:15:00,1999-09-24 10:30:00,1.45516720478748
"DERM","JBB8",0,0,0,0,0,0,18,0,18,18,16,0,18,0,0,0,0,0,0,0,0,0,0,0,".0000","1.0000",25.2258254,-80.5722854,1995-12-13 11:45:00,2004-07-21 11:22:00,1.04590095620824
"DERM","JBB9",0,0,0,0,0,0,18,0,18,18,16,0,18,0,0,0,0,0,0,0,0,0,0,0,".1000","1.0000",25.2258176,-80.5695932,1996-03-22 12:17:00,2004-01-13 10:28:00,1.15223877254601
"DERM","JBC1",0,0,0,0,0,0,12,0,12,12,8,0,12,0,0,0,0,0,0,0,0,0,0,0,".1000",".9000",25.2380621,-80.56955,1996-05-15 10:39:00,2004-09-23 11:39:00,0.71780874264736
"DERM","JBC2",0,0,0,0,0,0,16,0,16,16,16,0,16,0,0,0,0,0,0,0,0,0,0,0,".0000","1.1000",25.2380543,-80.5668575,1996-07-19 10:28:00,2003-03-20 10:17:00,1.20000376455664
"DERM","JBC3",0,0,0,0,0,0,22,0,22,22,20,0,22,0,0,0,0,0,0,0,0,0,0,0,".1000","1.0000",25.2356132,-80.5695586,1996-10-21 12:13:00,2004-03-18 12:03:00,1.48530880393511
"DERM","JBC4",0,0,0,0,0,0,10,0,10,10,10,0,10,0,0,0,0,0,0,0,0,0,0,0,".1000",".8000",25.2356054,-80.5668662,1997-07-17 12:03:00,1999-11-24 11:22:00,2.12361681870928
"DERM","JBC5",0,0,0,0,0,0,18,0,17,18,16,0,18,0,0,0,0,0,0,0,0,0,0,0,".0000","1.0000",25.2331721,-80.5722597,1995-12-13 12:09:00,2005-01-05 11:15:00,0.992838185270899
"DERM","JBC6",0,0,0,0,0,0,16,0,16,16,16,0,16,0,0,0,0,0,0,0,0,0,0,0,".0000","1.1000",25.2331643,-80.5695673,1996-03-22 12:31:00,2002-05-20 10:51:00,1.29870675020834
"DERM","JBC7",0,0,0,0,0,0,24,0,24,24,22,0,24,0,0,0,0,0,0,0,0,0,0,0,".0000","1.0000",25.2331564,-80.5687486,1996-01-17 11:11:00,2004-07-21 11:31:00,1.41022535828079
"DERM","JBC8",0,0,0,0,0,0,12,0,12,12,12,0,12,0,0,0,0,0,0,0,0,0,0,0,".0000","1.0000",25.2331485,-80.5641825,1997-06-23 11:26:00,2001-01-22 12:11:00,1.67413879538781
"DERM","JBC9",0,0,0,0,0,0,13,0,13,13,12,0,13,0,0,0,0,0,0,0,0,0,0,0,".1000","1.0000",25.2307075,-80.5668752,1996-08-16 10:15:00,2004-01-13 10:43:00,0.944838000055432
"DERM","JBD1",0,0,0,0,0,0,12,0,12,12,12,0,12,0,0,0,0,0,0,0,0,0,0,0,".0000",".9000",25.2380463,-80.564165,1996-07-19 10:41:00,2002-05-20 11:01:00,1.02838372449212
"DERM","JBD2",0,0,0,0,0,0,10,0,10,10,6,0,10,0,0,0,0,0,0,0,0,0,0,0,".0000",".9000",25.2380303,-80.55878,1996-04-17 11:41:00,2004-07-21 12:04:00,0.605316649568432
"DERM","JBD3",0,0,0,0,0,0,17,0,17,17,17,0,17,0,0,0,0,0,0,0,0,0,0,0,".0000","2.0000",25.2380223,-80.5560875,1996-02-21 13:42:00,2002-09-24 11:32:00,1.21400481830378
"DERM","JBD4",0,0,0,0,0,0,21,0,20,20,19,0,21,0,0,0,0,0,0,0,0,0,0,0,".0000","1.2000",25.2159611,-80.4590458,1995-12-13 12:39:00,2005-01-05 11:30:00,1.103157009848
"DERM","JBD5",0,0,0,0,0,0,22,0,22,22,22,0,22,0,0,0,0,0,0,0,0,0,0,0,".0000",".8000",25.2355814,-80.5587888,1996-01-17 12:14:00,2001-01-22 12:35:00,2.19307752053466
"DERM","JBD6",0,0,0,0,0,0,14,0,14,14,14,0,14,0,0,0,0,0,0,0,0,0,0,0,".0000","1.0000",25.2355734,-80.5560964,1996-08-16 10:49:00,2001-03-22 12:21:00,1.52272347521685
"DERM","JBD7",0,0,0,0,0,0,12,0,12,12,12,0,12,0,0,0,0,0,0,0,0,0,0,0,".0000",".8000",25.2331406,-80.5614901,1997-07-17 12:18:00,2002-11-15 11:46:00,1.1255906590271
"DERM","JBD8",0,0,0,0,0,0,11,0,12,12,10,0,11,0,0,0,0,0,0,0,0,0,0,0,".1000",".9000",25.2331325,-80.558881,1998-05-22 10:53:00,2004-01-13 11:15:00,1.06279522931652
"DERM","JBD9",0,0,0,0,0,0,26,0,26,26,22,0,26,0,0,0,0,0,0,0,0,0,0,0,".0000","1.0000",25.2331245,-80.5561053,1996-05-15 11:36:00,2004-09-23 12:19:00,1.55525828963623
"DERM","JBE1",0,0,0,0,0,0,19,0,19,19,19,0,19,0,0,0,0,0,0,0,0,0,0,0,".1000","1.3000",25.2355653,-80.5534039,1995-12-13 14:07:00,2003-01-21 13:09:00,1.2662946854915
"DERM","JBE2",0,0,0,0,0,0,14,0,14,14,12,0,14,0,0,0,0,0,0,0,0,0,0,0,".0000","1.2000",25.2355571,-80.5507115,1996-01-17 12:38:00,2004-01-13 11:52:00,0.876209043869473
"DERM","JBE3",0,0,0,0,0,0,22,0,22,22,17,0,22,0,0,0,0,0,0,0,0,0,0,0,".0000","1.3000",25.2355489,-80.5480191,1996-02-21 14:08:00,2004-09-23 12:47:00,1.16434985485475
"DERM","JBE4",0,0,0,0,0,0,11,0,11,11,11,0,11,0,0,0,0,0,0,0,0,0,0,0,".0000","1.2000",25.2331163,-80.5534129,1996-06-19 10:26:00,2001-03-22 12:34:00,1.05132789213115
"DERM","JBE5",0,0,0,0,0,0,9,0,9,9,7,0,9,0,0,0,0,0,0,0,0,0,0,0,".1000","1.3000",25.2331082,-80.5507205,1999-07-23 13:07:00,2004-03-18 12:46:00,0.859419137173971
"DERM","JBE6",0,0,0,0,0,0,31,0,31,31,31,0,31,0,0,0,0,0,0,0,0,0,0,0,".0000","1.4000",25.2331,-80.5480281,1996-03-22 13:44:00,2003-07-23 11:06:00,1.90881278058234
"DERM","JBE7",0,0,0,0,0,0,14,0,14,13,12,0,14,0,0,0,0,0,0,0,0,0,0,0,".1000","2.1000",25.2306593,-80.5507295,1996-05-15 11:53:00,2005-01-05 12:05:00,0.694169849620289
"DERM","JBE8",0,0,0,0,0,0,24,0,24,24,24,0,24,0,0,0,0,0,0,0,0,0,0,0,".0000","1.3000",25.2306511,-80.5480372,1996-09-19 11:41:00,2003-05-23 11:25:00,1.64865339284819
"DERM","JBE9",0,0,0,0,0,0,13,0,13,13,11,0,13,0,0,0,0,0,0,0,0,0,0,0,".0000","1.2000",25.2306428,-80.5453449,1996-08-16 11:18:00,2004-07-21 13:19:00,0.756711469342822
"DERM","JBF1",0,0,0,0,0,0,12,0,12,12,10,0,12,0,0,0,0,0,0,0,0,0,0,0,".0000",".8000",25.2330581,-80.5345662,1996-07-19 12:19:00,2004-01-13 12:17:00,0.801573194329226
"DERM","JBF2",0,0,0,0,0,0,28,0,28,28,28,0,28,0,0,0,0,0,0,0,0,0,0,0,".0000","1.3000",25.2306177,-80.5372679,1996-10-21 14:03:00,2003-03-20 11:46:00,1.87235289772503
"DERM","JBF3",0,0,0,0,0,0,22,0,22,22,17,0,22,0,0,0,0,0,0,0,0,0,0,0,".0000","1.2000",25.2306093,-80.5345756,1996-01-17 13:50:00,2004-09-23 13:21:00,1.15148902575963
"DERM","JBF4",0,0,0,0,0,0,6,0,6,6,6,0,6,0,0,0,0,0,0,0,0,0,0,0,".1000",".9000",25.2305922,-80.5291909,1998-01-14 12:34:00,1998-08-08 12:55:00,5.31879822423574
"DERM","JBF5",0,0,0,0,0,0,20,0,20,20,20,0,20,0,0,0,0,0,0,0,0,0,0,0,".0000","1.2000",25.2305836,-80.5264986,1996-04-17 12:48:00,2002-09-24 12:20:00,1.39824635819806
"DERM","JBF6",0,0,0,0,0,0,18,0,18,18,14,0,18,0,0,0,0,0,0,0,0,0,0,0,".0000","1.1000",25.2281604,-80.5345849,1997-07-17 13:48:00,2005-01-05 12:50:00,1.20457988926387
"DERM","JBF7",0,0,0,0,0,0,14,0,14,14,14,0,14,0,0,0,0,0,0,0,0,0,0,0,".0000","1.2000",25.2281518,-80.5318926,1997-06-23 13:44:00,2001-07-19 11:53:00,1.47384909831966
"DERM","JBF8",0,0,0,0,0,0,17,0,17,17,17,0,17,0,0,0,0,0,0,0,0,0,0,0,".1000","1.1000",25.2281433,-80.5292004,1995-12-13 15:37:00,2003-05-23 11:51:00,1.07511726772711
"DERM","JBF9",0,0,0,0,0,0,18,0,18,18,16,0,18,0,0,0,0,0,0,0,0,0,0,0,".1000",".8000",25.2281347,-80.5265081,1996-08-16 11:57:00,2004-07-21 14:06:00,1.13506502661995
"DERM","JBG1",0,0,0,0,0,0,16,0,15,16,10,0,16,0,0,0,0,0,0,0,0,0,0,0,".1000","1.2000",25.2209659,-80.5857632,1996-09-19 09:56:00,2005-01-05 10:00:00,0.964355551562567
"DERM","JBG2",0,0,0,0,0,0,17,0,17,17,17,0,17,0,0,0,0,0,0,0,0,0,0,0,".0000","1.3000",25.2209584,-80.5830711,1997-06-23 10:46:00,2002-11-15 10:40:00,1.29718691270699
"DERM","JBG3",0,0,0,0,0,0,15,0,15,15,15,0,15,0,0,0,0,0,0,0,0,0,0,0,".0000","1.1000",25.2209508,-80.5803789,1996-08-16 09:39:00,2003-05-23 09:45:00,1.03470080483474
"DERM","JBG4",0,0,0,0,0,0,19,0,19,19,17,0,19,0,0,0,0,0,0,0,0,0,0,0,".0000","1.1000",25.2185245,-80.5884636,1996-04-17 09:28:00,2004-07-21 11:01:00,1.08955241401169
"DERM","JBG5",0,0,0,0,0,0,15,0,15,15,13,0,15,0,0,0,0,0,0,0,0,0,0,0,".1000","2.1000",25.218517,-80.5857715,1995-12-13 10:56:00,2004-05-19 10:25:00,0.830119438515195
"DERM","JBG6",0,0,0,0,0,0,29,0,29,29,24,0,29,0,0,0,0,0,0,0,0,0,0,0,".0000","1.3000",25.2185094,-80.5830794,1996-05-15 09:35:00,2004-09-23 11:04:00,1.55524201683692
"DERM","JBG7",0,0,0,0,0,0,16,0,16,16,16,0,16,0,0,0,0,0,0,0,0,0,0,0,".0000","1.1000",25.2185018,-80.5803873,1996-01-17 10:06:00,1998-09-14 10:56:00,3.0091611897389
"DERM","JBG8",0,0,0,0,0,0,15,0,15,15,15,0,15,0,0,0,0,0,0,0,0,0,0,0,".0000","1.3000",25.2160681,-80.5857798,1996-03-22 11:46:00,2000-05-12 10:22:00,1.69103746286508
"DERM","JBG9",0,0,0,0,0,0,14,0,14,14,14,0,14,0,0,0,0,0,0,0,0,0,0,0,".0000","1.1000",25.2136192,-80.5857881,1997-04-21 10:20:00,2002-03-18 11:24:00,1.42672242751916
"DERM","JBH1",0,0,0,0,0,0,19,0,19,18,14,0,19,0,0,0,0,0,0,0,0,0,0,0,".0000","1.1000",25.2209431,-80.5776868,1995-12-13 11:23:00,2004-09-23 11:13:00,1.02502560593495
"DERM","JBH2",0,0,0,0,0,0,16,0,16,16,16,0,16,0,0,0,0,0,0,0,0,0,0,0,".0000","1.1000",25.2209353,-80.5749947,1997-04-21 10:35:00,2002-07-25 09:40:00,1.52111301304866
"DERM","JBH3",0,0,0,0,0,0,15,0,15,15,15,0,15,0,0,0,0,0,0,0,0,0,0,0,".1000","1.1000",25.2209276,-80.5723025,1996-12-17 10:54:00,2003-01-21 11:20:00,1.14857558932149
"DERM","JBH4",0,0,0,0,0,0,20,0,20,20,18,0,20,0,0,0,0,0,0,0,0,0,0,0,".0000","1.1000",25.2184941,-80.5776953,1996-02-21 11:29:00,2004-03-18 10:33:00,1.23899192096986
"DERM","JBH5",0,0,0,0,0,0,19,0,19,20,18,0,19,0,0,0,0,0,0,0,0,0,0,0,".0000","1.0000",25.2184864,-80.5750032,1996-09-19 10:09:00,2005-01-05 10:15:00,1.20544388690335
"DERM","JBH6",0,0,0,0,0,0,10,0,10,10,10,0,10,0,0,0,0,0,0,0,0,0,0,0,".0000","1.0000",25.2184787,-80.5723111,1996-04-17 09:48:00,2000-11-28 10:37:00,1.08316319238647
"DERM","JBH7",0,0,0,0,0,0,13,0,13,13,13,0,13,0,0,0,0,0,0,0,0,0,0,0,".1000","1.2000",25.2184708,-80.569619,1999-08-23 10:47:00,2003-05-23 10:00:00,1.60084167252993
"DERM","JBH8",0,0,0,0,0,0,13,0,13,13,13,0,13,0,0,0,0,0,0,0,0,0,0,0,".0000","1.2000",25.2160298,-80.5723197,1996-10-21 11:21:00,2000-03-16 10:30:00,1.76454307104168
"DERM","JBH9",0,0,0,0,0,0,22,0,22,22,18,0,22,0,0,0,0,0,0,0,0,0,0,0,".0000","1.0000",25.2160219,-80.5696277,1996-01-17 09:43:00,2004-07-21 11:10:00,1.29268722655944
"DERM","JBI1",0,0,0,0,0,0,16,0,16,16,16,0,16,0,0,0,0,0,0,0,0,0,0,0,".0000",".9000",25.2306996,-80.5641912,1996-04-17 10:53:00,2001-03-22 11:51:00,1.62329700955766
"DERM","JBI2",0,0,0,0,0,0,28,0,28,28,28,0,28,0,0,0,0,0,0,0,0,0,0,0,".0000","1.0000",25.2306916,-80.5614989,1995-12-13 13:18:00,2003-05-23 10:57:00,1.88141435681473
"DERM","JBI3",0,0,0,0,0,0,15,0,15,15,15,0,15,0,0,0,0,0,0,0,0,0,0,0,".1000","1.2000",25.2282586,-80.5668923,1996-10-21 11:36:00,2001-01-22 11:44:00,1.6452643884442
"DERM","JBI4",0,0,0,0,0,0,21,0,21,21,19,0,21,0,0,0,0,0,0,0,0,0,0,0,".0000","1.1000",25.2282507,-80.5641999,1997-01-22 09:45:00,2004-05-19 11:43:00,1.36588933169691
"DERM","JBI5",0,0,0,0,0,0,25,0,25,25,19,0,25,0,0,0,0,0,0,0,0,0,0,0,".0000","1.1000",25.2282428,-80.5615077,1996-05-15 11:06:00,2004-09-23 12:01:00,1.43561911802337
"DERM","JBI6",0,0,0,0,0,0,17,0,17,17,17,0,17,0,0,0,0,0,0,0,0,0,0,0,".1000","1.2000",25.2258097,-80.5669009,1996-06-19 13:01:00,2002-01-17 10:57:00,1.43381916965742
"DERM","JBI7",0,0,0,0,0,0,7,0,7,7,7,0,7,0,0,0,0,0,0,0,0,0,0,0,".1000","1.2000",25.2258018,-80.5642087,1998-01-14 11:03:00,2001-05-25 12:06:00,0.892999943971028
"DERM","JBI8",0,0,0,0,0,0,10,0,10,10,10,0,10,0,0,0,0,0,0,0,0,0,0,0,".0000","1.0000",25.2257938,-80.5615165,1996-02-21 12:35:00,2002-07-25 11:15:00,0.778471120373221
"DERM","JBI9",0,0,0,0,0,0,10,0,10,10,6,0,10,0,0,0,0,0,0,0,0,0,0,0,".1000","1.0000",25.2233608,-80.5669096,1997-09-17 11:11:00,2005-01-05 10:40:00,0.684763682579823
"DERM","JBJ1",0,0,0,0,0,0,23,0,23,23,21,0,23,0,0,0,0,0,0,0,0,0,0,0,".0000","1.1000",25.2306836,-80.5588065,1996-01-17 11:52:00,2004-03-18 12:28:00,1.3468710453315
"DERM","JBJ2",0,0,0,0,0,0,16,0,16,16,16,0,16,0,0,0,0,0,0,0,0,0,0,0,".0000",".9000",25.2306756,-80.5561142,1996-05-15 11:21:00,2001-11-29 12:36:00,1.44363874035685
"DERM","JBJ3",0,0,0,0,0,0,16,0,16,16,16,0,16,0,0,0,0,0,0,0,0,0,0,0,".0000","2.0000",25.2306674,-80.5534219,1997-01-22 10:34:00,2003-05-23 11:08:00,1.10584943324661
"DERM","JBJ4",0,0,0,0,0,0,10,0,10,10,10,0,10,0,0,0,0,0,0,0,0,0,0,0,".0000","1.0000",25.2282347,-80.5588154,1996-04-17 10:33:00,2002-03-18 13:21:00,0.845049241518659
"DERM","JBJ5",0,0,0,0,0,0,23,0,22,22,19,0,23,0,0,0,0,0,0,0,0,0,0,0,".1000","1.3000",25.2282266,-80.5561231,1996-07-19 11:19:00,2005-01-05 11:50:00,1.29939263485256
"DERM","JBJ6",0,0,0,0,0,0,23,0,23,23,16,0,23,0,0,0,0,0,0,0,0,0,0,0,".1000","1.3000",25.2282185,-80.5534308,1996-09-19 11:10:00,2004-09-23 12:36:00,1.24826570430561
"DERM","JBJ7",0,0,0,0,0,0,11,0,11,11,11,0,11,0,0,0,0,0,0,0,0,0,0,0,".1000","1.4000",25.2282104,-80.5507386,1996-10-21 12:53:00,2002-05-20 11:39:00,0.717249316958986
"DERM","JBJ8",0,0,0,0,0,0,15,0,15,15,15,0,15,0,0,0,0,0,0,0,0,0,0,0,".0000","1.2000",25.2257858,-80.5588242,1996-03-22 13:08:00,2003-01-21 12:25:00,1.02435119722152
"DERM","JBJ9",0,0,0,0,0,0,18,0,18,18,18,0,18,0,0,0,0,0,0,0,0,0,0,0,".0000","1.1000",25.2257778,-80.556132,1995-12-13 13:47:00,2002-11-15 12:14:00,1.29985525859448
"DERM","JBK1",0,0,0,0,0,0,12,0,12,12,12,0,12,0,0,0,0,0,0,0,0,0,0,0,".0000","1.2000",25.2282022,-80.5480463,1997-04-21 12:39:00,2002-01-17 11:46:00,1.26532711955404
"DERM","JBK2",0,0,0,0,0,0,14,0,14,14,14,0,14,0,0,0,0,0,0,0,0,0,0,0,".0000","2.1000",25.2281939,-80.545354,1996-04-17 12:26:00,2003-09-18 11:13:00,0.808686714362994
"DERM","JBK3",0,0,0,0,0,0,18,0,21,21,21,0,21,0,0,0,0,0,0,0,0,0,0,0,".0000","1.3000",25.2281772,-80.5399694,1996-05-15 12:07:00,2002-09-24 11:57:00,1.41509247827426
"DERM","JBK4",0,0,0,0,0,0,21,0,21,21,19,0,21,0,0,0,0,0,0,0,0,0,0,0,".0000","1.2000",25.2257533,-80.5480553,1996-02-21 14:29:00,2004-05-19 13:41:00,1.213468587692
"DERM","JBK5",0,0,0,0,0,0,24,0,24,24,15,0,24,0,0,0,0,0,0,0,0,0,0,0,".0000","1.3000",25.225745,-80.5453631,1995-12-13 14:36:00,2005-01-05 12:20:00,1.21348976362627
"DERM","JBK6",0,0,0,0,0,0,26,0,26,26,26,0,26,0,0,0,0,0,0,0,0,0,0,0,".0000","1.3000",25.2233044,-80.5480644,1996-03-22 14:04:00,2002-03-18 13:57:00,2.00411968095494
"DERM","JBK7",0,0,0,0,0,0,10,0,10,10,10,0,10,0,0,0,0,0,0,0,0,0,0,0,".0000","1.1000",25.2232961,-80.5453722,1996-01-17 13:05:00,2000-09-08 12:40:00,1.07680937182025
"DERM","JBK8",0,0,0,0,0,0,12,0,12,12,12,0,12,0,0,0,0,0,0,0,0,0,0,0,".1000",".9000",25.2208554,-80.5480734,1996-11-25 14:18:00,2000-03-16 11:53:00,1.8158101424967
"DERM","JBK9",0,0,0,0,0,0,14,0,14,14,12,0,14,0,0,0,0,0,0,0,0,0,0,0,".0000",".9000",25.2184148,-80.5507746,1997-11-13 13:03:00,2004-03-18 13:06:00,1.10347332805232
"DERM","JBL1",0,0,0,0,0,0,9,0,9,9,9,0,9,0,0,0,0,0,0,0,0,0,0,0,".0000","1.3000",25.2281688,-80.5372772,1996-01-17 13:33:00,2001-11-29 13:14:00,0.681758747283208
"DERM","JBL2",0,0,0,0,0,0,32,0,31,31,27,0,32,0,0,0,0,0,0,0,0,0,0,0,".0000","1.3000",25.2257199,-80.5372864,1996-03-22 14:25:00,2004-09-23 13:10:00,1.64582739625906
"DERM","JBL3",0,0,0,0,0,0,21,0,21,21,21,0,21,0,0,0,0,0,0,0,0,0,0,0,".0000","1.3000",25.2257114,-80.5345942,1995-12-13 15:13:00,2002-05-20 12:05:00,1.39890750431762
"DERM","JBL4",0,0,0,0,0,0,7,0,7,7,7,0,7,0,0,0,0,0,0,0,0,0,0,0,".1000","1.3000",25.2257029,-80.531902,1999-11-24 12:19:00,2003-09-18 11:38:00,0.786063400984099
"DERM","JBL5",0,0,0,0,0,0,26,0,26,26,26,0,26,0,0,0,0,0,0,0,0,0,0,0,".0000","1.3000",25.2256944,-80.5292098,1996-04-17 13:04:00,2003-07-23 11:27:00,1.65213391993085
"DERM","JBL6",0,0,0,0,0,0,14,0,14,14,14,0,14,0,0,0,0,0,0,0,0,0,0,0,".0000","1.0000",25.223271,-80.5372957,1996-06-19 09:04:00,2001-01-22 13:27:00,1.52352309024768
"DERM","JBL7",0,0,0,0,0,0,12,0,12,11,4,0,12,0,0,0,0,0,0,0,0,0,0,0,".0000","1.1000",25.2232626,-80.5346036,1998-07-16 12:23:00,2005-01-05 13:00:00,0.926628410485322
"DERM","JBL8",0,0,0,0,0,0,19,0,19,19,19,0,19,0,0,0,0,0,0,0,0,0,0,0,".0000","1.2000",25.2232541,-80.5319114,1997-04-21 12:53:00,2003-01-21 13:53:00,1.56458106098166
"DERM","JBL9",0,0,0,0,0,0,15,0,15,15,15,0,15,0,0,0,0,0,0,0,0,0,0,0,".1000","1.3000",25.2208052,-80.5319208,1997-01-22 11:40:00,2000-07-27 12:24:00,1.99429724113873
"DERM","L31E1",0,0,0,0,112,92,410,38,414,408,414,385,410,112,67,72,65,112,0,0,0,0,0,0,".1000","NULL",25.4919551544262,-80.3469730260945,2012-10-03 10:06:00,2025-12-03 09:46:26,10.3294115940242
"DERM","LBA1",0,0,0,0,0,0,8,0,8,8,8,0,8,0,0,0,0,0,0,0,0,0,0,0,".0000","1.1000",25.2227528,-80.4540247,1996-07-15 12:16:00,2001-07-16 13:00:00,0.799658218937529
"DERM","LBA2",0,0,0,0,0,0,17,0,17,17,17,0,17,0,0,0,0,0,0,0,0,0,0,0,".0000","1.3000",25.2227436,-80.4515292,1996-02-14 10:57:00,2000-01-10 12:44:00,2.04898159136363
"DERM","LBA3",0,0,0,0,0,0,27,0,27,27,25,0,27,0,0,0,0,0,0,0,0,0,0,0,".0000","1.3000",25.2227343,-80.4490336,1996-03-20 09:51:00,2004-09-15 12:00:00,1.29559301401456
"DERM","LBA4",0,0,0,0,0,0,25,0,25,25,23,0,25,0,0,0,0,0,0,0,0,0,0,0,".0000","1.5000",25.220492,-80.4565303,1996-01-15 11:04:00,2004-03-19 12:50:00,1.22317815153958
"DERM","LBA5",0,0,0,0,0,0,24,0,24,24,24,0,24,0,0,0,0,0,0,0,0,0,0,0,".1000","2.2000",25.2204828,-80.4540348,1996-05-13 12:11:00,2003-07-14 12:32:00,1.39514119716993
"DERM","LBA6",0,0,0,0,0,0,22,0,22,22,22,0,22,0,0,0,0,0,0,0,0,0,0,0,".0000","1.3000",25.2204736,-80.4515393,1995-12-12 09:53:00,2003-05-21 13:02:00,1.07539891567623
"DERM","LBA7",0,0,0,0,0,0,20,0,20,19,12,0,20,0,0,0,0,0,0,0,0,0,0,0,".0000","1.4000",25.218222,-80.4565404,1997-04-14 12:18:00,2004-12-15 11:14:00,1.04284309371233
"DERM","LBA8",0,0,0,0,0,0,20,0,20,20,18,0,20,0,0,0,0,0,0,0,0,0,0,0,".0000","1.3000",25.2182128,-80.4542949,1996-09-16 12:20:00,2004-01-12 13:47:00,1.09272026233513
"DERM","LBA9",0,0,0,0,0,0,14,0,14,14,14,0,14,0,0,0,0,0,0,0,0,0,0,0,".0000","1.4000",25.2182036,-80.4515495,1997-12-08 12:06:00,2002-11-05 14:42:00,1.01848280221031
"DERM","LBB1",0,0,0,0,0,0,23,0,23,23,20,0,23,0,0,0,0,0,0,0,0,0,0,0,".0000","2.3000",25.222725,-80.4465381,1996-02-14 10:38:00,2004-05-10 14:00:00,0.971364274992717
"DERM","LBB2",0,0,0,0,0,0,23,0,23,23,20,0,23,0,0,0,0,0,0,0,0,0,0,0,".0000","1.3000",25.2227156,-80.4440426,1996-07-15 11:56:00,2004-01-12 13:51:00,1.20100624271356
"DERM","LBB3",0,0,0,0,0,0,9,0,9,9,9,0,9,0,0,0,0,0,0,0,0,0,0,0,".0000","1.5000",25.2227062,-80.4415471,1995-12-12 10:13:00,1999-07-13 13:35:00,0.836999684907716
"DERM","LBB4",0,0,0,0,0,0,23,0,23,23,23,0,23,0,0,0,0,0,0,0,0,0,0,0,".0000","1.4000",25.2204643,-80.4490439,1996-04-15 11:48:00,2002-09-19 12:08:00,1.24445601187765
"DERM","LBB5",0,0,0,0,0,0,16,0,16,16,16,0,16,0,0,0,0,0,0,0,0,0,0,0,".1000","1.5000",25.2204549,-80.4465484,1996-01-15 10:45:00,2003-03-10 12:41:00,0.839307694026207
"DERM","LBB6",0,0,0,0,0,0,29,0,29,29,23,0,29,0,0,0,0,0,0,0,0,0,0,0,".0000","1.5000",25.2204456,-80.444053,1996-12-12 14:34:00,2004-09-15 12:16:00,1.41774377809177
"DERM","LBB7",0,0,0,0,0,0,20,0,20,20,20,0,20,0,0,0,0,0,0,0,0,0,0,0,".0000","1.4000",25.2181943,-80.4490541,1997-12-08 11:46:00,2003-09-15 12:00:00,1.21344955034353
"DERM","LBB8",0,0,0,0,0,0,30,0,30,30,30,0,30,0,0,0,0,0,0,0,0,0,0,0,".0000","1.6000",25.2181849,-80.4465587,1996-09-16 12:00:00,2003-07-14 12:46:00,1.61223856257416
"DERM","LBB9",0,0,0,0,0,0,25,0,25,24,20,0,24,0,0,0,0,0,0,0,0,0,0,0,".0000","1.6000",25.2181849,-80.4465726,1996-05-13 11:12:00,2004-12-15 11:34:00,1.04755704131814
"DERM","LBC1",0,0,0,0,0,0,17,0,17,17,14,0,17,0,0,0,0,0,0,0,0,0,0,0,".0000","1.3000",25.2226967,-80.4390516,1996-01-15 10:27:00,2004-03-19 11:27:00,0.856233865903858
"DERM","LBC2",0,0,0,0,0,0,19,0,19,19,19,0,19,0,0,0,0,0,0,0,0,0,0,0,".0000","1.4000",25.2226872,-80.4365561,1996-06-17 10:32:00,2003-09-15 12:53:00,1.10426752600331
"DERM","LBC3",0,0,0,0,0,0,19,0,19,19,19,0,19,0,0,0,0,0,0,0,0,0,0,0,".0000","1.4000",25.2204362,-80.4415575,1996-04-15 11:30:00,2003-05-21 09:46:00,0.986427948309602
"DERM","LBC4",0,0,0,0,0,0,30,0,28,29,25,0,29,0,0,0,0,0,0,0,0,0,0,0,".0000","1.6000",25.2204267,-80.4390621,1996-03-20 09:12:00,2004-12-15 11:43:00,1.25865226075358
"DERM","LBC5",0,0,0,0,0,0,19,0,19,19,16,0,19,0,0,0,0,0,0,0,0,0,0,0,".0000","2.3000",25.2204172,-80.4365666,1995-12-12 10:30:00,2004-05-10 14:23:00,0.832231556090728
"DERM","LBC6",0,0,0,0,0,0,10,0,10,10,8,0,10,0,0,0,0,0,0,0,0,0,0,0,".0000","1.3000",25.2204077,-80.4340711,1997-05-12 13:41:00,2004-01-12 13:53:00,0.599751642885732
"DERM","LBC7",0,0,0,0,0,0,27,0,27,27,27,0,27,0,0,0,0,0,0,0,0,0,0,0,".0000","1.5000",25.2181662,-80.4415679,1996-02-14 10:23:00,2001-06-14 13:49:00,1.68824267463085
"DERM","LBC8",0,0,0,0,0,0,6,0,6,6,6,0,6,0,0,0,0,0,0,0,0,0,0,0,".1000","1.5000",25.2181567,-80.4390725,1999-08-10 12:21:00,2000-09-06 13:27:00,1.85856187255515
"DERM","LBC9",0,0,0,0,0,0,46,0,46,46,43,0,46,0,0,0,0,0,0,0,0,0,0,0,".0000","1.5000",25.2181472,-80.4365771,1996-08-14 11:34:00,2004-09-15 12:29:00,1.97830888273232
"DERM","LBD1",0,0,0,0,0,0,18,0,18,18,14,0,18,0,0,0,0,0,0,0,0,0,0,0,".0000","1.2000",25.2182403,-80.4615312,1996-04-15 12:30:00,2004-09-15 11:48:00,1.06903453013782
"DERM","LBD2",0,0,0,0,0,0,21,0,21,21,21,0,21,0,0,0,0,0,0,0,0,0,0,0,".0000","2.1000",25.2182311,-80.4590358,1995-12-12 09:30:00,2003-09-15 12:17:00,1.15988549241423
"DERM","LBD3",0,0,0,0,0,0,16,0,16,16,16,0,16,0,0,0,0,0,0,0,0,0,0,0,".0000","1.2000",25.2159703,-80.4615412,1997-05-12 11:50:00,2003-07-14 12:12:00,1.13430908175595
"DERM","LBD4",0,0,0,0,0,0,22,0,22,21,17,0,22,0,0,0,0,0,0,0,0,0,0,0,".0000","1.4000",25.2159611,-80.4590458,1996-05-13 12:30:00,2004-12-15 11:05:00,1.04758184717287
"DERM","LBD5",0,0,0,0,0,0,34,0,34,34,31,0,34,0,0,0,0,0,0,0,0,0,0,0,".0000","1.3000",25.215952,-80.4565504,1996-02-14 11:14:00,2004-05-10 13:22:00,1.69991652137939
"DERM","LBD6",0,0,0,0,0,0,20,0,20,20,18,0,20,0,0,0,0,0,0,0,0,0,0,0,".0000","1.3000",25.2159428,-80.4540551,1996-01-15 11:23:00,2004-01-12 13:46:00,1.12611790689813
"DERM","LBD7",0,0,0,0,0,0,8,0,8,8,8,0,8,0,0,0,0,0,0,0,0,0,0,0,".1000","1.3000",25.2136911,-80.4590559,1998-10-13 12:08:00,2000-11-13 12:40:00,1.43795019101222
"DERM","LBD8",0,0,0,0,0,0,23,0,23,23,23,0,23,0,0,0,0,0,0,0,0,0,0,0,".0000","1.3000",25.2136819,-80.4565606,1997-08-11 12:57:00,2003-07-14 10:37:00,1.68870281065184
"DERM","LBD9",0,0,0,0,0,0,9,0,9,9,9,0,9,0,0,0,0,0,0,0,0,0,0,0,".1000","1.3000",25.2136728,-80.4540652,1998-09-08 11:57:00,2003-03-10 11:52:00,0.666516006260151
"DERM","LBE1",0,0,0,0,0,0,20,0,20,20,20,0,20,0,0,0,0,0,0,0,0,0,0,0,".1000","1.4000",25.2159335,-80.4515597,1996-07-15 12:58:00,2002-01-14 12:32:00,1.45446802450384
"DERM","LBE2",0,0,0,0,0,0,18,0,18,18,18,0,18,0,0,0,0,0,0,0,0,0,0,0,".0000","1.4000",25.2159243,-80.4490643,1996-05-13 11:54:00,2003-03-10 12:07:00,1.02597942924788
"DERM","LBE3",0,0,0,0,0,0,29,0,28,28,26,0,29,0,0,0,0,0,0,0,0,0,0,0,".0000","1.5000",25.2159149,-80.446569,1996-03-18 10:57:00,2004-03-19 12:37:00,1.24954267061356
"DERM","LBE4",0,0,0,0,0,0,19,0,19,19,19,0,19,0,0,0,0,0,0,0,0,0,0,0,".0000","1.4000",25.2136635,-80.4515699,1996-02-14 11:31:00,2003-07-14 11:50:00,1.07941845499563
"DERM","LBE5",0,0,0,0,0,0,22,0,22,22,19,0,22,0,0,0,0,0,0,0,0,0,0,0,".1000","1.3000",25.2136542,-80.4490746,1996-06-17 11:48:00,2004-05-10 13:05:00,1.01315735930116
"DERM","LBE6",0,0,0,0,0,0,23,0,22,23,18,0,23,0,0,0,0,0,0,0,0,0,0,0,".0000","1.3000",25.2136449,-80.4465793,1996-12-12 13:45:00,2004-12-15 11:24:00,0.999007801543214
"DERM","LBE7",0,0,0,0,0,0,23,0,23,23,23,0,23,0,0,0,0,0,0,0,0,0,0,0,".1000","1.5000",25.2113842,-80.4490848,1995-12-12 11:35:00,2002-09-19 11:06:00,1.18157047938399
"DERM","LBE8",0,0,0,0,0,0,27,0,27,27,22,0,27,0,0,0,0,0,0,0,0,0,0,0,".0000","1.6000",25.2113749,-80.4465895,1996-01-15 11:56:00,2004-09-15 12:56:00,1.15364874646312
"DERM","LBE9",0,0,0,0,0,0,15,0,15,15,15,0,15,0,0,0,0,0,0,0,0,0,0,0,".0000","2.4000",25.2113655,-80.4440943,1996-09-16 13:18:00,2002-11-05 13:10:00,0.814928392405157
"DERM","LBF1",0,0,0,0,0,0,25,0,25,25,22,0,25,0,0,0,0,0,0,0,0,0,0,0,".0000","1.6000",25.2159056,-80.4440736,1996-02-14 10:07:00,2004-09-15 12:45:00,1.04819355544444
"DERM","LBF2",0,0,0,0,0,0,12,0,12,12,12,0,12,0,0,0,0,0,0,0,0,0,0,0,".1000","1.5000",25.2158961,-80.4415783,1996-08-14 11:52:00,2003-03-10 12:56:00,0.608992469223858
"DERM","LBF3",0,0,0,0,0,0,23,0,23,23,23,0,23,0,0,0,0,0,0,0,0,0,0,0,".0000","1.4000",25.2158867,-80.4390829,1997-05-12 13:16:00,2002-05-17 13:58:00,1.59582384223809
"DERM","LBF4",0,0,0,0,0,0,33,0,32,32,30,0,33,0,0,0,0,0,0,0,0,0,0,0,".0000","2.4000",25.2136355,-80.4440839,1996-01-15 12:11:00,2004-03-19 12:32:00,1.46784279770904
"DERM","LBF5",0,0,0,0,0,0,18,0,18,18,18,0,18,0,0,0,0,0,0,0,0,0,0,0,".0000","1.5000",25.2136261,-80.4415886,1995-12-12 11:12:00,2003-09-15 11:32:00,0.773284848247235
"DERM","LBF6",0,0,0,0,0,0,26,0,26,26,26,0,26,0,0,0,0,0,0,0,0,0,0,0,".0000","1.5000",25.2136167,-80.4390933,1997-12-08 11:06:00,2003-07-14 13:06:00,1.60817807493171
"DERM","LBF7",0,0,0,0,0,0,23,0,23,23,20,0,23,0,0,0,0,0,0,0,0,0,0,0,".0000","1.6000",25.2113561,-80.441599,1996-05-13 10:56:00,2004-05-10 12:09:00,1.00101036462339
"DERM","LBF8",0,0,0,0,0,0,35,0,35,34,33,0,36,0,0,0,0,0,0,0,0,0,0,0,".1000","1.6000",25.2113467,-80.4391037,1996-09-16 13:33:00,2004-12-15 11:54:00,1.45521249862526
"DERM","LBF9",0,0,0,0,0,0,12,0,12,12,6,0,12,0,0,0,0,0,0,0,0,0,0,0,".1000","1.5000",25.2113372,-80.4366084,2002-01-14 13:57:00,2004-07-13 10:36:00,1.60397792380373
"DERM","LBG1",0,0,0,0,0,0,23,0,23,23,23,0,23,0,0,0,0,0,0,0,0,0,0,0,".0000","1.5000",25.2181377,-80.4340816,1995-12-12 10:53:00,2003-03-10 13:26:00,1.24276671305737
"DERM","LBG2",0,0,0,0,0,0,17,0,17,17,17,0,17,0,0,0,0,0,0,0,0,0,0,0,".1000","1.5000",25.2158772,-80.4365875,1996-11-18 14:15:00,2001-11-15 13:10:00,1.20216909740939
"DERM","LBG3",0,0,0,0,0,0,15,0,15,15,15,0,15,0,0,0,0,0,0,0,0,0,0,0,".1000","1.4000",25.2158677,-80.4340921,1996-07-15 11:18:00,2001-09-04 13:37:00,1.16749456811069
"DERM","LBG4",0,0,0,0,0,0,22,0,22,22,20,0,22,0,0,0,0,0,0,0,0,0,0,0,".0000","1.3000",25.2158581,-80.4315968,1996-06-17 10:15:00,2004-03-19 11:40:00,1.28969769491916
"DERM","LBG5",0,0,0,0,0,0,24,0,24,24,24,0,24,0,0,0,0,0,0,0,0,0,0,0,".0000","2.4000",25.2136072,-80.436598,1996-01-15 12:34:00,2001-06-14 14:00:00,1.47795231836278
"DERM","LBG6",0,0,0,0,0,0,32,0,31,31,26,0,31,0,0,0,0,0,0,0,0,0,0,0,".1000","1.5000",25.2135976,-80.4341026,1996-08-14 11:16:00,2004-12-15 12:15:00,1.31944037425149
"DERM","LBG7",0,0,0,0,0,0,19,0,19,19,19,0,19,0,0,0,0,0,0,0,0,0,0,0,".0000","1.5000",25.2135784,-80.429112,1996-02-14 09:48:00,2003-05-21 10:22:00,0.963711739802123
"DERM","LBG8",0,0,0,0,0,0,32,0,32,32,29,0,32,0,0,0,0,0,0,0,0,0,0,0,".0000","1.5000",25.2113276,-80.4341131,1996-05-13 10:41:00,2004-01-12 14:15:00,1.43483455987207
"DERM","LBG9",0,0,0,0,0,0,11,0,11,11,6,0,11,0,0,0,0,0,0,0,0,0,0,0,".0000","1.5000",25.2113181,-80.4316179,1996-04-15 11:10:00,2004-09-15 13:10:00,0.475109075634807
"DERM","LBH1",0,0,0,0,0,0,26,0,26,26,24,0,26,0,0,0,0,0,0,0,0,0,0,0,".0000","1.4000",25.2114119,-80.4565706,1996-03-20 10:31:00,2004-03-19 12:43:00,1.37542756560761
"DERM","LBH2",0,0,0,0,0,0,19,0,18,18,13,0,19,0,0,0,0,0,0,0,0,0,0,0,".0000","2.2000",25.2114027,-80.4540754,1996-09-16 12:59:00,2004-12-15 10:58:00,0.848878263397768
"DERM","LBH3",0,0,0,0,0,0,25,0,25,25,25,0,25,0,0,0,0,0,0,0,0,0,0,0,".0000","1.6000",25.2113935,-80.4515801,1996-04-15 12:47:00,2003-05-21 12:11:00,1.26824139893325
"DERM","LBH4",0,0,0,0,0,0,17,0,17,17,15,0,17,0,0,0,0,0,0,0,0,0,0,0,".0000","1.3000",25.2091327,-80.4540855,1997-12-08 13:01:00,2004-01-12 13:43:00,1.14856985626499
"DERM","LBH5",0,0,0,0,0,0,24,0,24,24,18,0,24,0,0,0,0,0,0,0,0,0,0,0,".1000","1.5000",25.2091235,-80.4515903,1997-04-14 13:06:00,2004-09-15 11:35:00,1.07785618388887
"DERM","LBH6",0,0,0,0,0,0,34,0,34,34,34,0,34,0,0,0,0,0,0,0,0,0,0,0,".0000","1.4000",25.2091142,-80.449095,1995-12-12 11:53:00,2003-03-10 11:02:00,1.65711103567077
"DERM","LBH7",0,0,0,0,0,0,14,0,14,14,14,0,14,0,0,0,0,0,0,0,0,0,0,0,".0000","1.3000",25.2068534,-80.4516004,1997-07-15 13:24:00,2001-01-18 11:39:00,1.423502569807
"DERM","LBH8",0,0,0,0,0,0,13,0,13,13,13,0,13,0,0,0,0,0,0,0,0,0,0,0,".0000","1.5000",25.2068442,-80.4491053,1996-11-18 11:35:00,2002-07-16 12:03:00,0.88394618207046
"DERM","LBH9",0,0,0,0,0,0,20,0,20,20,20,0,20,0,0,0,0,0,0,0,0,0,0,0,".0000","1.3000",25.2045834,-80.4516106,1996-06-17 13:33:00,2003-09-15 11:01:00,1.10435244540284
"DERM","LBI1",0,0,0,0,0,0,22,0,22,22,22,0,22,0,0,0,0,0,0,0,0,0,0,0,".0000","1.6000",25.2091049,-80.4465998,1995-12-12 12:11:00,2002-09-19 10:49:00,1.18158806505294
"DERM","LBI2",0,0,0,0,0,0,26,0,26,26,27,0,26,0,0,0,0,0,0,0,0,0,0,0,".0000","1.6000",25.2090955,-80.4441046,1996-07-15 13:46:00,2001-09-04 11:20:00,1.75142651848092
"DERM","LBI3",0,0,0,0,0,0,15,0,15,15,15,0,15,0,0,0,0,0,0,0,0,0,0,0,".0000","2.4000",25.2090861,-80.4416093,1997-01-13 11:15:00,2003-09-15 11:16:00,0.749691904507644
"DERM","LBI4",0,0,0,0,0,0,22,0,23,22,21,0,22,0,0,0,0,0,0,0,0,0,0,0,".0000","1.5000",25.2090766,-80.4391141,1996-03-20 10:56:00,2004-03-19 12:20:00,1.00032237174312
"DERM","LBI5",0,0,0,0,0,0,33,0,32,33,27,0,32,0,0,0,0,0,0,0,0,0,0,0,".0000","1.6000",25.2090672,-80.4366189,1996-01-15 12:55:00,2004-12-15 12:05:00,1.23358699198086
"DERM","LBI6",0,0,0,0,0,0,26,0,26,26,26,0,26,0,0,0,0,0,0,0,0,0,0,0,".0000","1.4000",25.2068255,-80.4441149,1996-05-13 13:05:00,2003-05-21 11:37:00,1.28210934131295
"DERM","LBI7",0,0,0,0,0,0,23,0,23,23,21,0,23,0,0,0,0,0,0,0,0,0,0,0,".0000","1.6000",25.2068161,-80.4416197,1996-09-16 13:50:00,2004-07-13 11:16:00,1.02278942304747
"DERM","LBI8",0,0,0,0,0,0,24,0,25,24,19,0,24,0,0,0,0,0,0,0,0,0,0,0,".0000","1.5000",25.2068066,-80.4391245,1996-01-18 09:27:00,2004-09-15 10:54:00,1.03926247588537
"DERM","LBI9",0,0,0,0,0,0,18,0,18,18,18,0,18,0,0,0,0,0,0,0,0,0,0,0,".0000","1.5000",25.2067971,-80.4366293,1996-02-14 12:30:00,2003-03-10 10:43:00,0.849113945712308
"DERM","LBJ1",0,0,0,0,0,0,19,0,19,19,19,0,19,0,0,0,0,0,0,0,0,0,0,0,".0000","1.4000",25.2113889,-80.4291667,1996-09-16 11:21:00,2001-03-19 10:17:00,1.55429731299731
"DERM","LBJ2",0,0,0,0,0,0,30,0,30,30,24,0,30,0,0,0,0,0,0,0,0,0,0,0,".0000","1.4000",25.2090576,-80.4341236,1996-03-20 11:17:00,2004-07-13 10:17:00,1.20268360613004
"DERM","LBJ3",0,0,0,0,0,0,27,0,27,27,27,0,27,0,0,0,0,0,0,0,0,0,0,0,".0000","1.5000",25.2090481,-80.4316284,1996-12-12 11:37:00,2003-03-10 10:16:00,1.44244455353494
"DERM","LBJ4",0,0,0,0,0,0,12,0,12,12,12,0,12,0,0,0,0,0,0,0,0,0,0,0,".1000","1.4000",25.2090384,-80.4291332,1998-08-10 10:07:00,2001-09-04 10:24:00,1.30328689917405
"DERM","LBJ5",0,0,0,0,0,0,27,0,27,27,27,0,27,0,0,0,0,0,0,0,0,0,0,0,".0000","2.1000",25.2090288,-80.426638,1996-01-15 13:13:00,2002-09-19 09:42:00,1.64739294334855
"DERM","LBJ6",0,0,0,0,0,0,13,0,13,13,13,0,13,0,0,0,0,0,0,0,0,0,0,0,".0000","1.5000",25.2067876,-80.4341341,1996-02-14 12:50:00,2003-09-15 10:11:00,0.659322310531331
"DERM","LBJ7",0,0,0,0,0,0,22,0,23,22,20,0,23,0,0,0,0,0,0,0,0,0,0,0,".0000","1.4000",25.206778,-80.431639,1995-12-12 13:35:00,2004-03-19 12:03:00,0.967570138073193
"DERM","LBJ8",0,0,0,0,0,0,27,0,27,25,19,0,28,0,0,0,0,0,0,0,0,0,0,0,".0000","1.4000",25.2067684,-80.4291438,1996-06-17 12:54:00,2004-12-15 10:16:00,1.17712831361083
"DERM","LBJ9",0,0,0,0,0,0,20,0,20,20,20,0,20,0,0,0,0,0,0,0,0,0,0,0,".1000","1.5000",25.204508,-80.4316495,1996-04-15 10:32:00,2003-05-21 10:40:00,0.986398348768971
"DERM","LBK1",0,0,0,0,0,0,25,0,26,25,23,0,25,0,0,0,0,0,0,0,0,0,0,0,".0000","1.5000",25.2068349,-80.4466101,1996-04-15 13:43:00,2004-03-19 12:26:00,1.13551320152478
"DERM","LBK2",0,0,0,0,0,0,11,0,12,11,9,0,11,0,0,0,0,0,0,0,0,0,0,0,".1000","1.4000",25.2045742,-80.4491155,1996-11-18 11:16:00,2004-12-15 10:46:00,0.495425676964486
"DERM","LBK3",0,0,0,0,0,0,20,0,20,20,14,0,20,0,0,0,0,0,0,0,0,0,0,0,".1000","1.5000",25.2045648,-80.4466203,1996-06-17 13:16:00,2004-09-15 11:24:00,0.848876501901702
"DERM","LBK4",0,0,0,0,0,0,32,0,32,32,32,0,32,0,0,0,0,0,0,0,0,0,0,0,".0000","1.4000",25.2045555,-80.4441252,1996-02-14 12:05:00,2003-05-21 11:17:00,1.51443666838382
"DERM","LBK5",0,0,0,0,0,0,19,0,20,20,15,0,20,0,0,0,0,0,0,0,0,0,0,0,".1000","1.5000",25.2045461,-80.4416301,1995-12-12 12:31:00,2004-07-13 11:03:00,0.815306066409316
"DERM","LBK6",0,0,0,0,0,0,19,0,19,19,19,0,19,0,0,0,0,0,0,0,0,0,0,0,".0000","1.3000",25.2023041,-80.4491257,1996-07-15 14:03:00,2003-01-13 12:31:00,1.07746263712208
"DERM","LBK7",0,0,0,0,0,0,15,0,15,15,15,0,15,0,0,0,0,0,0,0,0,0,0,0,".0000","2.2000",25.2022948,-80.4466306,1996-12-12 12:56:00,2003-03-10 11:37:00,0.96162911629741
"DERM","LBK8",0,0,0,0,0,0,37,0,37,37,37,0,37,0,0,0,0,0,0,0,0,0,0,0,".0000","1.6000",25.2022854,-80.4441355,1996-03-20 11:43:00,2002-11-05 13:30:00,1.96121613826736
"DERM","LBK9",0,0,0,0,0,0,20,0,20,20,20,0,20,0,0,0,0,0,0,0,0,0,0,0,".0000","1.4000",25.2000248,-80.4466409,1996-05-13 13:22:00,2003-09-15 10:47:00,1.0899355909944
"DERM","LBL1",0,0,0,0,0,0,26,0,26,26,26,0,26,0,0,0,0,0,0,0,0,0,0,0,".0000","1.7000",25.2045366,-80.4391349,1996-09-16 14:24:00,2003-03-10 11:17:00,1.38944650679087
"DERM","LBL2",0,0,0,0,0,0,24,0,24,24,24,0,24,0,0,0,0,0,0,0,0,0,0,0,".0000","1.6000",25.2045271,-80.4366398,1997-06-16 13:13:00,2002-11-05 10:32:00,1.48484045396944
"DERM","LBL3",0,0,0,0,0,0,15,0,15,15,15,0,15,0,0,0,0,0,0,0,0,0,0,0,".0000","1.4000",25.2045176,-80.4341446,1997-05-12 10:46:00,2001-11-15 10:40:00,1.10816420955757
"DERM","LBL4",0,0,0,0,0,0,32,0,32,32,32,0,32,0,0,0,0,0,0,0,0,0,0,0,".0000","1.5000",25.2022761,-80.4416404,1996-01-15 13:50:00,2003-01-13 12:13:00,1.57254635165148
"DERM","LBL5",0,0,0,0,0,0,26,0,27,25,21,0,25,0,0,0,0,0,0,0,0,0,0,0,".0000","1.5000",25.2022666,-80.4391453,1995-12-12 13:53:00,2004-12-15 10:31:00,0.998903106626561
"DERM","LBL6",0,0,0,0,0,0,23,0,23,23,17,0,23,0,0,0,0,0,0,0,0,0,0,0,".1000","1.4000",25.2022571,-80.4366502,1996-08-14 14:11:00,2004-09-15 11:09:00,0.989209554873568
"DERM","LBL7",0,0,0,0,0,0,22,0,22,22,22,0,22,0,0,0,0,0,0,0,0,0,0,0,".1000","1.4000",25.200006,-80.4416508,1996-03-20 11:59:00,2003-05-21 10:57:00,1.11613753090965
"DERM","LBL8",0,0,0,0,0,0,20,0,20,20,18,0,20,0,0,0,0,0,0,0,0,0,0,0,".1000","1.3000",25.1999966,-80.4391557,1996-02-14 13:19:00,2004-07-13 10:48:00,1.07010488684487
"DERM","LBL9",0,0,0,0,0,0,11,0,11,11,8,0,11,0,0,0,0,0,0,0,0,0,0,0,".0000","2.0000",25.1999871,-80.4366607,1997-01-13 14:31:00,2004-01-12 13:33:00,0.714786219178276
"DERM","LMA1",0,0,0,0,0,0,4,0,4,4,4,0,4,0,0,0,0,0,0,0,0,0,0,0,".1000",".5000",25.1895885,-80.650179,1996-12-19 12:25:00,1998-04-22 11:53:00,1.49393292128704
"DERM","LMA2",0,0,0,0,0,0,14,0,14,14,14,0,14,0,0,0,0,0,0,0,0,0,0,0,".0000",".8000",25.1872282,-80.6527865,1996-02-22 12:07:00,2000-07-26 11:21:00,1.58217855310327
"DERM","LMA3",0,0,0,0,0,0,16,0,16,16,16,0,16,0,0,0,0,0,0,0,0,0,0,0,".0000",".8000",25.1872221,-80.6501858,1996-04-18 10:13:00,2001-01-31 10:52:00,1.6706430837144
"DERM","LMA4",0,0,0,0,0,0,20,0,19,20,16,0,20,0,0,0,0,0,0,0,0,0,0,0,".0000","1.1000",25.1871592,-80.6475851,1996-11-21 11:41:00,2004-12-28 12:37:00,1.23435349691247
"DERM","LMA5",0,0,0,0,0,0,24,0,24,24,20,0,24,0,0,0,0,0,0,0,0,0,0,0,".1000","1.0000",25.1872097,-80.6449844,1996-07-18 11:47:00,2004-09-29 12:17:00,1.46342888544181
"DERM","LMA6",0,0,0,0,0,0,8,0,8,8,8,0,8,0,0,0,0,0,0,0,0,0,0,0,".0000",".9000",25.1848618,-80.6527932,1996-03-25 11:27:00,2000-03-23 12:55:00,1.00132886064478
"DERM","LMA7",0,0,0,0,0,0,26,0,26,26,24,0,26,0,0,0,0,0,0,0,0,0,0,0,".0000","1.0000",25.1848557,-80.6501926,1996-01-18 11:09:00,2004-07-20 11:55:00,1.52871898452071
"DERM","LMA8",0,0,0,0,0,0,20,0,20,20,18,0,20,0,0,0,0,0,0,0,0,0,0,0,".0000","1.1000",25.1848495,-80.6475919,1995-12-19 09:59:00,2004-01-14 12:35:00,1.23893004836435
"DERM","LMA9",0,0,0,0,0,0,10,0,10,10,10,0,10,0,0,0,0,0,0,0,0,0,0,0,".0000",".9000",25.1848433,-80.6449913,1996-08-20 11:21:00,1999-12-01 10:58:00,1.52443601722106
"DERM","LMB1",0,0,0,0,0,0,18,0,18,18,18,0,18,0,0,0,0,0,0,0,0,0,0,0,".0000",".9000",25.1895761,-80.6449776,1996-05-16 13:05:00,2003-07-22 12:01:00,1.25326179966619
"DERM","LMB2",0,0,0,0,0,0,18,0,18,18,16,0,18,0,0,0,0,0,0,0,0,0,0,0,".0000","1.1000",25.1895698,-80.6423768,1996-07-18 12:43:00,2004-03-15 12:12:00,1.17528612845856
"DERM","LMB3",0,0,0,0,0,0,26,0,26,25,21,0,26,0,0,0,0,0,0,0,0,0,0,0,".0000",".9000",25.1895635,-80.6397761,1997-07-22 13:30:00,2004-12-28 12:22:00,1.88276469378968
"DERM","LMB4",0,0,0,0,0,0,14,0,14,14,14,0,14,0,0,0,0,0,0,0,0,0,0,0,".0000",".9000",25.1895572,-80.6371753,1996-06-24 11:04:00,2001-01-31 11:32:00,1.5200478261085
"DERM","LMB5",0,0,0,0,0,0,12,0,12,12,10,0,12,0,0,0,0,0,0,0,0,0,0,0,".0000","1.0000",25.1872034,-80.6398837,1996-02-22 11:03:00,2004-07-20 11:38:00,0.713605553702563
"DERM","LMB6",0,0,0,0,0,0,16,0,16,16,14,0,16,0,0,0,0,0,0,0,0,0,0,0,".1000","1.1000",25.1871971,-80.6397831,1996-11-21 12:13:00,2004-01-14 12:21:00,1.11953784687559
"DERM","LMB7",0,0,0,0,0,0,14,0,14,14,14,0,14,0,0,0,0,0,0,0,0,0,0,0,".1000","1.1000",25.1871908,-80.6371824,1997-01-16 12:34:00,2002-01-24 12:43:00,1.39407921865043
"DERM","LMB8",0,0,0,0,0,0,10,0,10,10,10,0,10,0,0,0,0,0,0,0,0,0,0,0,".1000","1.0000",25.1871844,-80.6345817,1995-12-19 09:30:00,1997-12-10 12:56:00,2.5289310559042
"DERM","LMB9",0,0,0,0,0,0,13,0,13,13,13,0,13,0,0,0,0,0,0,0,0,0,0,0,".0000","1.3000",25.184837,-80.6423906,1996-01-18 10:43:00,2002-11-21 11:08:00,0.876944687981526
"DERM","LMC1",0,0,0,0,0,0,16,0,16,16,16,0,16,0,0,0,0,0,0,0,0,0,0,0,".0000",".7000",25.1942706,-80.6293588,1997-08-14 13:45:00,2002-09-18 12:17:00,1.57017515053632
"DERM","LMC2",0,0,0,0,0,0,22,0,22,22,18,0,22,0,0,0,0,0,0,0,0,0,0,0,".0000",".9000",25.1942641,-80.626758,1997-09-23 13:38:00,2004-09-29 11:38:00,1.56764753698586
"DERM","LMC3",0,0,0,0,0,0,12,0,12,12,10,0,12,0,0,0,0,0,0,0,0,0,0,0,".0000",".9000",25.1919107,-80.6319668,1996-05-16 13:33:00,2004-07-20 11:24:00,0.733701281354688
"DERM","LMC4",0,0,0,0,0,0,8,0,8,8,8,0,8,0,0,0,0,0,0,0,0,0,0,0,".1000","1.0000",25.1919042,-80.629366,1995-12-19 11:07:00,2001-09-20 11:39:00,0.695044983137931
"DERM","LMC5",0,0,0,0,0,0,16,0,16,16,16,0,16,0,0,0,0,0,0,0,0,0,0,0,".0000","1.0000",25.1918977,-80.6267652,1996-06-24 14:24:00,2002-01-24 12:23:00,1.4324119423492
"DERM","LMC6",0,0,0,0,0,0,22,0,22,22,22,0,22,0,0,0,0,0,0,0,0,0,0,0,".0000","1.1000",25.1895508,-80.6345746,1996-01-18 10:16:00,2001-06-07 12:30:00,2.04248090279862
"DERM","LMC7",0,0,0,0,0,0,14,0,14,14,12,0,14,0,0,0,0,0,0,0,0,0,0,0,".1000","1.1000",25.1895443,-80.6319739,1996-08-20 15:22:00,2004-05-20 12:21:00,0.90348535798238
"DERM","LMC8",0,0,0,0,0,0,18,0,18,18,14,0,18,0,0,0,0,0,0,0,0,0,0,0,".0000","1.0000",25.1895378,-80.6293731,1996-04-18 13:51:00,2004-12-28 11:27:00,1.03506092761107
"DERM","LMC9",0,0,0,0,0,0,14,0,14,14,14,0,14,0,0,0,0,0,0,0,0,0,0,0,".0000","1.0000",25.1871779,-80.631981,1997-06-24 12:13:00,2002-11-21 10:52:00,1.29393865589544
"DERM","LMD1",0,0,0,0,0,0,16,0,16,16,14,0,16,0,0,0,0,0,0,0,0,0,0,0,".0000","1.0000",25.1966172,-80.621549,1996-06-24 13:36:00,2004-03-15 12:56:00,1.03581310619861
"DERM","LMD2",0,0,0,0,0,0,20,0,20,20,20,0,20,0,0,0,0,0,0,0,0,0,0,0,".0000","1.0000",25.1966106,-80.6189481,1996-05-16 13:56:00,2001-12-12 12:15:00,1.61461849093661
"DERM","LMD3",0,0,0,0,0,0,29,0,29,29,26,0,29,0,0,0,0,0,0,0,0,0,0,0,".0000","1.2000",25.1942508,-80.6215563,1996-02-22 13:53:00,2004-09-29 10:57:00,1.62752989189055
"DERM","LMD4",0,0,0,0,0,0,14,0,14,14,14,0,14,0,0,0,0,0,0,0,0,0,0,0,".0000","1.0000",25.1942442,-80.6189555,1995-12-19 11:54:00,1999-09-30 12:38:00,1.85133485259599
"DERM","LMD5",0,0,0,0,0,0,18,0,18,18,12,0,18,0,0,0,0,0,0,0,0,0,0,0,".0000",".9000",25.1942374,-80.6163547,1996-01-18 12:46:00,2004-12-28 11:06:00,1.00621973565061
"DERM","LMD6",0,0,0,0,0,0,12,0,12,12,12,0,12,0,0,0,0,0,0,0,0,0,0,0,".0000","1.0000",25.1918911,-80.6241644,1996-03-25 12:19:00,2002-07-23 11:53:00,0.948298192146556
"DERM","LMD7",0,0,0,0,0,0,16,0,16,16,16,0,16,0,0,0,0,0,0,0,0,0,0,0,".0000","1.1000",25.1918844,-80.6215636,1996-11-21 14:23:00,2003-07-22 11:24:00,1.20055432850155
"DERM","LMD8",0,0,0,0,0,0,6,0,6,6,6,0,6,0,0,0,0,0,0,0,0,0,0,0,".1000",".8000",25.1918778,-80.6189629,2002-03-19 11:33:00,2003-07-22 11:07:00,2.2363068933946
"DERM","LMD9",0,0,0,0,0,0,18,0,18,18,16,0,18,0,0,0,0,0,0,0,0,0,0,0,".0000","1.1000",25.1918711,-80.6163621,1996-09-20 14:00:00,2004-05-20 11:03:00,1.17448887611922
"DERM","LME1",0,0,0,0,0,0,21,0,22,21,20,0,21,0,0,0,0,0,0,0,0,0,0,0,".0000",".7000",25.2013093,-80.6059285,1996-03-25 13:53:00,2004-03-15 13:09:00,1.37973631820389
"DERM","LME2",0,0,0,0,0,0,14,0,14,14,14,0,14,0,0,0,0,0,0,0,0,0,0,0,".0000",".7000",25.1989607,-80.6137389,1996-01-18 12:22:00,2002-07-23 10:28:00,1.07520400349745
"DERM","LME3",0,0,0,0,0,0,16,0,16,16,16,0,16,0,0,0,0,0,0,0,0,0,0,0,".0000",".8000",25.1989566,-80.611138,1995-12-19 12:18:00,2003-05-28 09:45:00,1.07549292275416
"DERM","LME4",0,0,0,0,0,0,18,0,18,18,18,0,18,0,0,0,0,0,0,0,0,0,0,0,".0000",".8000",25.1989498,-80.6085371,1996-02-22 14:40:00,2002-09-18 12:50:00,1.36973109676523
"DERM","LME5",0,0,0,0,0,0,10,0,10,10,6,0,10,0,0,0,0,0,0,0,0,0,0,0,".0000",".7000",25.1989429,-80.6059361,1997-10-20 13:49:00,2004-07-20 10:04:00,0.740919175911252
"DERM","LME6",0,0,0,0,0,0,2,0,2,2,2,0,2,0,0,0,0,0,0,0,0,0,0,0,".1000",".6000",25.1966038,-80.6163473,1997-05-20 14:53:00,1997-05-20 14:54:00,NA
"DERM","LME7",0,0,0,0,0,0,12,0,12,12,12,0,12,0,0,0,0,0,0,0,0,0,0,0,".0000",".8000",25.1965971,-80.6137464,1997-01-16 13:27:00,2002-01-24 10:46:00,1.19500196720765
"DERM","LME8",0,0,0,0,0,0,34,0,34,34,34,0,34,0,0,0,0,0,0,0,0,0,0,0,".0000",".9000",25.1965903,-80.6111455,1996-04-18 11:59:00,2003-07-22 10:17:00,2.34229193223131
"DERM","LME9",0,0,0,0,0,0,14,0,14,14,10,0,14,0,0,0,0,0,0,0,0,0,0,0,".0000",".9000",25.1965834,-80.6085446,1998-01-15 11:22:00,2004-09-29 10:28:00,1.04401353634447
"DERM","LMF1",0,0,0,0,0,0,14,0,14,14,12,0,14,0,0,0,0,0,0,0,0,0,0,0,".0000",".9000",25.1825075,-80.6580011,1998-03-24 11:11:00,2004-03-15 11:37:00,1.17119965796588
"DERM","LMF2",0,0,0,0,0,0,16,0,16,16,16,0,16,0,0,0,0,0,0,0,0,0,0,0,".0000","1.0000",25.1825015,-80.6554005,1996-04-18 10:45:00,2001-07-26 13:08:00,1.51784377645742
"DERM","LMF3",0,0,0,0,0,0,14,0,14,14,12,0,14,0,0,0,0,0,0,0,0,0,0,0,".1000","1.0000",25.1824954,-80.6527999,1995-12-19 10:22:00,2004-09-29 12:29:00,0.797218487607853
"DERM","LMF4",0,0,0,0,0,0,12,0,12,12,8,0,12,0,0,0,0,0,0,0,0,0,0,0,".0000",".9000",25.1801471,-80.6606082,1996-05-16 11:54:00,2004-12-28 12:57:00,0.696146614862008
"DERM","LMF5",0,0,0,0,0,0,12,0,12,12,10,0,12,0,0,0,0,0,0,0,0,0,0,0,".1000","1.0000",25.1801411,-80.6580077,1996-10-22 10:21:00,2004-07-20 12:13:00,0.77490796654186
"DERM","LMF6",0,0,0,0,0,0,16,0,16,16,16,0,16,0,0,0,0,0,0,0,0,0,0,0,".0000","1.0000",25.1801351,-80.6554071,1996-06-24 09:48:00,2000-07-26 11:07:00,1.95706137537738
"DERM","LMF7",0,0,0,0,0,0,12,0,12,12,12,0,12,0,0,0,0,0,0,0,0,0,0,0,".0000","1.1000",25.180129,-80.6528066,1997-05-20 11:14:00,2002-05-21 12:44:00,1.1994663565149
"DERM","LMF8",0,0,0,0,0,0,14,0,14,14,14,0,14,0,0,0,0,0,0,0,0,0,0,0,".0000",".8000",25.1777687,-80.6554138,1996-02-22 12:48:00,2003-07-22 12:30:00,0.944500113133142
"DERM","LMF9",0,0,0,0,0,0,28,0,28,28,26,0,28,0,0,0,0,0,0,0,0,0,0,0,".0000","1.1000",25.1777626,-80.6528133,1996-01-18 11:33:00,2004-05-20 13:10:00,1.67927319615489
"DERM","LMG1",0,0,0,0,0,0,14,0,14,14,14,0,14,0,0,0,0,0,0,0,0,0,0,0,".1000","1.2000",25.1824893,-80.6501993,1997-01-16 11:50:00,2003-09-24 11:35:00,1.04699463808114
"DERM","LMG2",0,0,0,0,0,0,22,0,22,22,20,0,22,0,0,0,0,0,0,0,0,0,0,0,".0000","1.2000",25.1824831,-80.6475987,1996-02-22 11:38:00,2004-03-15 11:20:00,1.36473065867297
"DERM","LMG3",0,0,0,0,0,0,6,0,6,6,6,0,6,0,0,0,0,0,0,0,0,0,0,0,".0000","1.1000",25.1824769,-80.6449981,1998-08-18 11:00:00,2002-01-24 13:50:00,0.87302544581353
"DERM","LMG4",0,0,0,0,0,0,15,0,15,15,12,0,15,0,0,0,0,0,0,0,0,0,0,0,".1000","1.1000",25.1824706,-80.6423976,1996-12-19 11:12:00,2004-09-29 12:44:00,0.899926963979652
"DERM","LMG5",0,0,0,0,0,0,12,0,12,12,8,0,12,0,0,0,0,0,0,0,0,0,0,0,".0000",".9000",25.1801229,-80.6502061,1996-04-18 11:13:00,2004-12-28 13:13:00,0.690000787132999
"DERM","LMG6",0,0,0,0,0,0,23,0,22,23,20,0,23,0,0,0,0,0,0,0,0,0,0,0,".0000","1.2000",25.1801167,-80.6476055,1997-04-16 10:20:00,2004-07-20 12:29:00,1.51493751389431
"DERM","LMG7",0,0,0,0,0,0,23,0,23,23,23,0,23,0,0,0,0,0,0,0,0,0,0,0,".0000","1.2000",25.1801105,-80.645005,1996-07-18 10:32:00,2003-01-22 11:03:00,1.68882456635562
"DERM","LMG8",0,0,0,0,0,0,14,0,14,14,14,0,14,0,0,0,0,0,0,0,0,0,0,0,".0000","1.0000",25.1777564,-80.6502128,1996-08-20 12:11:00,2002-11-21 12:06:00,1.11941939004942
"DERM","LMG9",0,0,0,0,0,0,16,0,16,16,14,0,16,0,0,0,0,0,0,0,0,0,0,0,".1000","1.0000",25.1777503,-80.6476123,1995-12-19 10:46:00,2004-05-20 13:22:00,0.950210426190947
"DERM","LMH1",0,0,0,0,0,0,19,0,19,19,17,0,19,0,0,0,0,0,0,0,0,0,0,0,".0000","1.2000",25.1848307,-80.63979,1996-07-18 10:01:00,2004-09-29 12:57:00,1.09753450981411
"DERM","LMH2",0,0,0,0,0,0,16,0,16,16,12,0,16,0,0,0,0,0,0,0,0,0,0,0,".1000","1.2000",25.1848244,-80.6371894,1996-02-22 10:44:00,2004-12-28 11:58:00,0.904069783681417
"DERM","LMH3",0,0,0,0,0,0,16,0,16,16,14,0,16,0,0,0,0,0,0,0,0,0,0,0,".1000","1.1000",25.1848179,-80.6345888,1996-01-18 09:55:00,2004-01-14 12:05:00,1.00133982222963
"DERM","LMH4",0,0,0,0,0,0,10,0,10,10,10,0,10,0,0,0,0,0,0,0,0,0,0,0,".0000","1.0000",25.1848115,-80.6319881,1995-12-19 09:10:00,2002-05-21 11:37:00,0.778750747346642
"DERM","LMH5",0,0,0,0,0,0,18,0,18,18,18,0,18,0,0,0,0,0,0,0,0,0,0,0,".0000","1.1000",25.1824643,-80.639797,1996-05-16 11:09:00,2000-11-21 14:33:00,1.99210168823889
"DERM","LMH6",0,0,0,0,0,0,12,0,12,12,12,0,12,0,0,0,0,0,0,0,0,0,0,0,".0000","1.2000",25.1824579,-80.6371964,1996-09-20 10:18:00,2003-07-22 13:01:00,0.877964991682903
"DERM","LMH7",0,0,0,0,0,0,12,0,12,12,10,0,12,0,0,0,0,0,0,0,0,0,0,0,".0000","1.0000",25.1801042,-80.6424045,1997-01-16 11:07:00,2004-05-20 13:38:00,0.817386903357369
"DERM","LMH8",0,0,0,0,0,0,16,0,16,16,14,0,16,0,0,0,0,0,0,0,0,0,0,0,".0000","1.0000",25.1800979,-80.6398039,1996-03-25 09:51:00,2004-03-15 11:07:00,1.00341587978698
"DERM","LMH9",0,0,0,0,0,0,24,0,24,24,24,0,24,0,0,0,0,0,0,0,0,0,0,0,".0000","1.0000",25.1800916,-80.6372034,1996-06-20 11:54:00,2003-01-22 10:44:00,1.82097570405163
"DERM","LMI1",0,0,0,0,0,0,16,0,16,16,12,0,16,0,0,0,0,0,0,0,0,0,0,0,".0000",".7000",25.184805,-80.6293875,1997-06-24 13:27:00,2004-12-28 11:40:00,1.06489764133048
"DERM","LMI2",0,0,0,0,0,0,19,0,19,19,17,0,19,0,0,0,0,0,0,0,0,0,0,0,".0000","1.2000",25.1824516,-80.6345958,1996-05-16 10:27:00,2004-01-14 11:50:00,1.17441311473132
"DERM","LMI3",0,0,0,0,0,0,16,0,16,16,16,0,16,0,0,0,0,0,0,0,0,0,0,0,".1000","1.1000",25.1824451,-80.6319952,1996-03-25 09:29:00,2001-09-20 13:26:00,1.45723698906677
"DERM","LMI4",0,0,0,0,0,0,4,0,4,4,4,0,4,0,0,0,0,0,0,0,0,0,0,0,".1000",".5000",25.1824386,-80.6293946,1998-01-15 12:45:00,1999-05-27 14:32:00,1.46959919640899
"DERM","LMI5",0,0,0,0,0,0,20,0,20,20,20,0,20,0,0,0,0,0,0,0,0,0,0,0,".0000","1.2000",25.1800851,-80.6346029,1996-02-22 09:59:00,2003-03-19 13:54:00,1.41451168069408
"DERM","LMI6",0,0,0,0,0,0,16,0,16,16,14,0,16,0,0,0,0,0,0,0,0,0,0,0,".0000","1.1000",25.1800787,-80.6320023,1996-06-20 11:14:00,2004-05-20 13:53:00,1.0106843319284
"DERM","LMI7",0,0,0,0,0,0,20,0,20,20,18,0,20,0,0,0,0,0,0,0,0,0,0,0,".0000",".9000",25.1800722,-80.6294018,1995-12-19 08:51:00,2004-03-15 10:46:00,1.21382620887014
"DERM","LMI8",0,0,0,0,0,0,16,0,16,16,14,0,16,0,0,0,0,0,0,0,0,0,0,0,".0000",".9000",25.1777123,-80.6320094,1997-04-16 10:02:00,2004-09-29 13:08:00,1.07303026083657
"DERM","LMI9",0,0,0,0,0,0,16,0,16,16,16,0,16,0,0,0,0,0,0,0,0,0,0,0,".0000","1.1000",25.1777058,-80.629409,1996-11-21 10:22:00,2002-01-24 14:27:00,1.54589258389071
"DERM","LMJ1",0,0,0,0,0,0,14,0,14,13,12,0,14,0,0,0,0,0,0,0,0,0,0,0,".0000",".9000",25.1895313,-80.6267724,1996-12-19 13:41:00,2004-09-29 11:49:00,0.899971840130161
"DERM","LMJ2",0,0,0,0,0,0,20,0,20,20,16,0,20,0,0,0,0,0,0,0,0,0,0,0,".0000","1.0000",25.1895247,-80.6241717,1995-12-19 11:32:00,2004-12-28 11:12:00,1.10782996254997
"DERM","LMJ3",0,0,0,0,0,0,20,0,20,20,18,0,20,0,0,0,0,0,0,0,0,0,0,0,".0000",".9000",25.1895181,-80.621571,1996-06-24 13:59:00,2004-01-14 11:22:00,1.32342184410968
"DERM","LMJ4",0,0,0,0,0,0,8,0,8,8,8,0,8,0,0,0,0,0,0,0,0,0,0,0,".0000","1.0000",25.1895114,-80.6189703,1996-11-21 13:52:00,2001-12-12 10:25:00,0.791074021056051
"DERM","LMJ5",0,0,0,0,0,0,16,0,16,16,16,0,16,0,0,0,0,0,0,0,0,0,0,0,".0000",".9000",25.1871714,-80.6293803,1996-05-16 15:24:00,2002-09-18 11:54:00,1.1040202948876
"DERM","LMJ6",0,0,0,0,0,0,24,0,24,24,24,0,24,0,0,0,0,0,0,0,0,0,0,0,".0000",".9000",25.1871649,-80.6240019,1997-04-16 12:38:00,2003-03-19 11:48:00,2.02638481765323
"DERM","LMJ7",0,0,0,0,0,0,12,0,12,12,10,0,12,0,0,0,0,0,0,0,0,0,0,0,".1000","1.0000",25.1871583,-80.624179,1996-02-22 16:15:00,2004-05-20 11:52:00,0.728117269943244
"DERM","LMJ8",0,0,0,0,0,0,16,0,16,16,16,0,16,0,0,0,0,0,0,0,0,0,0,0,".0000",".8000",25.1871517,-80.6215783,1996-09-20 13:31:00,2003-01-22 14:31:00,1.26218030632998
"DERM","LMJ9",0,0,0,0,0,0,15,0,15,15,13,0,15,0,0,0,0,0,0,0,0,0,0,0,".1000","1.2000",25.187145,-80.6189776,1996-01-18 13:22:00,2004-03-15 14:15:00,0.858247200985218
"DERM","LMK1",0,0,0,0,0,0,14,0,14,14,14,0,14,0,0,0,0,0,0,0,0,0,0,0,".1000",".9000",25.1942307,-80.6137539,1996-06-24 13:07:00,2000-01-20 13:03:00,1.95919957258317
"DERM","LMK2",0,0,0,0,0,0,10,0,10,10,10,0,10,0,0,0,0,0,0,0,0,0,0,0,".0000","1.0000",25.1942239,-80.611153,1997-11-17 14:07:00,2003-03-19 10:54:00,0.937564507026386
"DERM","LMK3",0,0,0,0,0,0,24,0,24,24,24,0,24,0,0,0,0,0,0,0,0,0,0,0,".0000",".9000",25.194217,-80.6085522,1996-02-22 15:10:00,2003-09-24 10:15:00,1.58185639150414
"DERM","LMK4",0,0,0,0,0,0,17,0,17,17,16,0,17,0,0,0,0,0,0,0,0,0,0,0,".0000",".9000",25.1918643,-80.6137613,1996-07-18 14:39:00,2004-05-20 10:44:00,1.14824917495152
"DERM","LMK5",0,0,0,0,0,0,15,0,15,15,14,0,15,0,0,0,0,0,0,0,0,0,0,0,".0000","1.1000",25.1918575,-80.6111606,1995-12-19 12:41:00,2004-03-15 13:42:00,0.971073068881965
"DERM","LMK6",0,0,0,0,0,0,16,0,16,16,14,0,16,0,0,0,0,0,0,0,0,0,0,0,".0000",".9000",25.1918506,-80.6085598,1996-08-20 13:26:00,2004-09-29 11:01:00,0.986529148549811
"DERM","LMK7",0,0,0,0,0,0,16,0,16,16,14,0,16,0,0,0,0,0,0,0,0,0,0,0,".0000",".7000",25.1918437,-80.605959,1997-01-16 13:48:00,2004-12-28 10:08:00,1.00659792827923
"DERM","LMK8",0,0,0,0,0,0,8,0,8,8,6,0,8,0,0,0,0,0,0,0,0,0,0,0,".1000",".9000",25.1894911,-80.6111681,1997-06-26 10:47:00,2004-07-20 10:39:00,0.566060885231575
"DERM","LMK9",0,0,0,0,0,0,22,0,22,22,20,0,22,0,0,0,0,0,0,0,0,0,0,0,".0000",".9000",25.1894842,-80.6085673,1996-01-18 13:46:00,2004-01-14 10:35:00,1.37694744235052
"DERM","LML1",0,0,0,0,0,0,21,0,22,22,20,0,22,0,0,0,0,0,0,0,0,0,0,0,".0000",".9000",25.1895047,-80.6163695,1996-01-18 13:07:00,2004-07-20 10:52:00,1.29358379699967
"DERM","LML2",0,0,0,0,0,0,22,0,22,22,20,0,22,0,0,0,0,0,0,0,0,0,0,0,".0000",".9000",25.1894979,-80.6137688,1996-05-16 15:03:00,2004-01-14 10:51:00,1.43551311711165
"DERM","LML3",0,0,0,0,0,0,10,0,10,10,10,0,10,0,0,0,0,0,0,0,0,0,0,0,".0000",".9000",25.1871383,-80.6163769,1996-03-25 12:58:00,2001-07-26 10:25:00,0.937070068596608
"DERM","LML4",0,0,0,0,0,0,12,0,12,12,12,0,12,0,0,0,0,0,0,0,0,0,0,0,".0000","1.0000",25.1871315,-80.6137763,1996-07-18 14:04:00,2003-03-19 11:30:00,0.900039529456861
"DERM","LML5",0,0,0,0,0,0,10,0,10,10,10,0,10,0,0,0,0,0,0,0,0,0,0,0,".0000",".8000",25.1871247,-80.6111756,1996-12-19 15:53:00,2003-07-22 10:53:00,0.759105630509708
"DERM","LML6",0,0,0,0,0,0,20,0,20,20,18,0,20,0,0,0,0,0,0,0,0,0,0,0,".0000","1.0000",25.1847786,-80.618985,1996-04-18 13:27:00,2004-05-20 11:28:00,1.23649362981032
"DERM","LML7",0,0,0,0,0,0,8,0,8,8,8,0,8,0,0,0,0,0,0,0,0,0,0,0,".1000",".8000",25.1847719,-80.6163844,1997-10-20 14:39:00,2001-12-12 10:37:00,0.965100522129732
"DERM","LML8",0,0,0,0,0,0,21,0,21,21,16,0,21,0,0,0,0,0,0,0,0,0,0,0,".0000","1.2000",25.1847651,-80.6137837,1995-12-19 13:11:00,2004-09-29 10:40:00,1.13895211468171
"DERM","LML9",0,0,0,0,0,0,20,0,20,20,18,0,20,0,0,0,0,0,0,0,0,0,0,0,".0000",".6000",25.1847583,-80.6111831,1996-02-22 15:36:00,2004-12-28 10:27:00,1.13018023448081
"DERM","LN01",0,0,0,0,28,36,85,9,85,85,88,0,85,29,10,9,0,28,0,2,0,0,0,0,".0000","NULL",25.7616498,-80.4978794,1994-03-29 11:00:00,1996-12-03 10:50:00,11.1812016808509
"DERM","LN04",0,0,0,0,32,40,86,10,90,89,90,0,88,31,10,10,0,30,0,1,0,0,0,0,".1000","NULL",25.5645341,-80.5439479,1994-03-29 10:00:00,1996-12-03 12:09:00,11.5527704737875
"DERM","LN06",0,0,0,0,32,40,81,12,86,86,86,0,86,31,12,11,0,31,0,2,0,0,0,0,".1000","NULL",25.4841053,-80.5629406,1994-03-29 09:00:00,1996-12-03 11:04:00,11.5528114026262
"DERM","LR01",0,3,0,0,333,322,1076,50,1078,1068,1042,401,1076,334,94,83,94,325,7,0,0,0,0,0,".0000","NULL",25.8450886447062,-80.1734998411589,1994-01-03 10:51:00,2025-12-01 10:00:00,11.1878718350174
"DERM","LR03",0,0,0,0,179,165,550,0,548,544,511,3,550,180,9,8,13,175,0,0,0,0,0,0,".0000","3.5000",25.8468406,-80.1828607,1994-01-03 11:17:00,2009-09-14 10:10:00,11.850174666369
"DERM","LR05",0,0,0,0,267,254,823,50,847,838,818,388,841,268,128,115,99,267,0,0,0,0,0,0,".0000","NULL",25.8714828,-80.2341987,2000-08-07 09:33:00,2025-12-01 08:55:36,11.0598342433733
"DERM","LR06",0,0,0,0,332,435,1049,100,1073,1065,1042,395,1066,333,176,156,99,327,0,0,0,0,0,0,".0000","NULL",25.8538675754236,-80.1927810126255,1994-01-03 10:38:00,2025-12-01 08:30:29,11.3132777200691
"DERM","LR07",0,0,0,0,32,0,96,11,96,96,96,96,96,32,10,29,32,32,0,0,0,0,0,0,".1000","1.9560",25.87106999,-80.25103,2023-05-01 08:30:00,2025-12-01 08:34:23,12.36821412845
"DERM","LR08",0,0,0,0,258,241,808,53,835,823,806,380,825,260,145,139,96,261,0,0,0,0,0,0,".0000","NULL",25.8703617,-80.2907737,2000-08-07 09:05:00,2025-12-01 08:55:23,10.8228152132979
"DERM","LR09",0,0,0,0,33,45,95,11,99,99,97,0,98,34,12,12,0,33,0,2,0,0,0,0,".1000","NULL",25.8696092,-80.314503,1994-03-17 11:00:00,2003-06-02 09:21:00,3.69166284239608
"DERM","LR10",0,0,0,0,326,427,1053,103,1073,1064,1050,373,1067,330,177,160,101,326,0,1,0,0,0,0,".0000","NULL",25.8695563,-80.3387186,1994-01-03 10:24:00,2025-12-01 09:24:07,11.125200570457
"DERM","LS06",0,0,0,0,33,38,85,13,88,88,88,0,88,33,11,11,0,33,0,2,0,0,0,0,".0000","NULL",25.4206679,-80.5587279,1994-03-29 08:00:00,1996-12-03 10:20:00,11.5526804313631
"DERM","LSA1",0,0,0,0,0,0,24,0,24,24,22,0,24,0,0,0,0,0,0,0,0,0,0,0,".0000","1.0000",25.2253919,-80.4921452,1995-12-11 11:53:00,2004-09-16 12:18:00,1.36882455830255
"DERM","LSA2",0,0,0,0,0,0,14,0,14,14,12,0,14,0,0,0,0,0,0,0,0,0,0,0,".0000","1.0000",25.2253835,-80.489695,1996-06-18 15:06:00,2004-01-26 11:30:00,0.920406069442194
"DERM","LSA3",0,0,0,0,0,0,19,0,19,19,17,0,19,0,0,0,0,0,0,0,0,0,0,0,".1000","1.1000",25.225375,-80.4872448,1996-02-15 09:00:00,2004-07-27 11:21:00,1.06552533786407
"DERM","LSA4",0,0,0,0,0,0,15,0,15,15,14,0,15,0,0,0,0,0,0,0,0,0,0,0,".0000","1.0000",25.2231632,-80.4921544,1997-01-14 14:54:00,2004-05-17 09:48:00,1.09038496522579
"DERM","LSA5",0,0,0,0,0,0,16,0,16,16,16,0,16,0,0,0,0,0,0,0,0,0,0,0,".0000","1.0000",25.2231547,-80.4897043,1996-01-16 08:50:00,2003-07-21 12:05:00,1.06520443075708
"DERM","LSA6",0,0,0,0,0,0,14,0,14,14,14,0,14,0,0,0,0,0,0,0,0,0,0,0,".1000","1.0000",25.2231463,-80.4872541,1996-12-13 13:13:00,2003-01-15 12:53:00,1.14962498516802
"DERM","LSA7",0,0,0,0,0,0,15,0,15,15,15,0,15,0,0,0,0,0,0,0,0,0,0,0,".0000","1.2000",25.2209344,-80.4921637,1996-07-17 11:34:00,2002-05-23 14:36:00,1.19690951495145
"DERM","LSA8",0,0,0,0,0,0,10,0,10,10,8,0,10,0,0,0,0,0,0,0,0,0,0,0,".0000","1.1000",25.220926,-80.4897136,1996-04-16 09:13:00,2004-03-19 10:41:00,0.63103366856647
"DERM","LSA9",0,0,0,0,0,0,18,0,17,18,16,0,18,0,0,0,0,0,0,0,0,0,0,0,".0000","1.1000",25.2209175,-80.4872635,1996-11-20 09:51:00,2005-01-03 11:49:00,1.10828023688189
"DERM","LSB1",0,0,0,0,0,0,12,0,12,12,10,0,11,0,0,0,0,0,0,0,0,0,0,0,".0000","1.1000",25.2187057,-80.492173,1998-03-17 14:53:00,2004-03-19 10:53:00,0.998936412671883
"DERM","LSB2",0,0,0,0,0,0,12,0,12,12,12,0,12,0,0,0,0,0,0,0,0,0,0,0,".1000","1.1000",25.2186972,-80.4897229,1996-07-17 11:51:00,2001-03-20 14:42:00,1.28374197752793
"DERM","LSB3",0,0,0,0,0,0,20,0,20,20,18,0,20,0,0,0,0,0,0,0,0,0,0,0,".0000","1.1000",25.2186888,-80.4872728,1996-02-15 09:24:00,2005-01-03 12:00:00,1.12554023620167
"DERM","LSB4",0,0,0,0,0,0,14,0,14,14,10,0,14,0,0,0,0,0,0,0,0,0,0,0,".1000","1.1000",25.2186802,-80.4848228,1998-04-14 14:30:00,2004-09-16 12:33:00,1.08940712157164
"DERM","LSB5",0,0,0,0,0,0,19,0,19,19,17,0,19,0,0,0,0,0,0,0,0,0,0,0,".0000","1.2000",25.2164769,-80.4921823,1996-08-15 14:31:00,2004-07-27 11:36:00,1.13241047858388
"DERM","LSB6",0,0,0,0,0,0,18,0,18,18,18,0,18,0,0,0,0,0,0,0,0,0,0,0,".1000","1.0000",25.2164685,-80.4897322,1996-01-16 09:13:00,2000-11-27 15:23:00,1.84962000586109
"DERM","LSB7",0,0,0,0,0,0,22,0,22,22,20,0,22,0,0,0,0,0,0,0,0,0,0,0,".0000","1.1000",25.21646,-80.4872822,1995-12-11 12:24:00,2004-05-17 10:04:00,1.30450546328573
"DERM","LSB8",0,0,0,0,0,0,20,0,20,20,20,0,20,0,0,0,0,0,0,0,0,0,0,0,".0000","1.1000",25.2142397,-80.4897415,1996-10-16 12:30:00,2003-07-21 12:26:00,1.47934552826777
"DERM","LSB9",0,0,0,0,0,0,8,0,8,8,8,0,8,0,0,0,0,0,0,0,0,0,0,0,".0000","1.0000",25.2142312,-80.4872916,1996-03-21 12:07:00,2002-09-25 14:54:00,0.614093645311181
"DERM","LSC1",0,0,0,0,0,0,19,0,19,19,19,0,19,0,0,0,0,0,0,0,0,0,0,0,".0000","1.2000",25.2253493,-80.4798942,1995-12-11 12:56:00,2002-11-26 14:51:00,1.29313403968481
"DERM","LSC2",0,0,0,0,0,0,16,0,16,16,14,0,16,0,0,0,0,0,0,0,0,0,0,0,".0000","1.1000",25.2231377,-80.484804,1996-05-14 14:19:00,2004-03-19 10:31:00,1.01959575575529
"DERM","LSC3",0,0,0,0,0,0,11,0,11,10,9,0,11,0,0,0,0,0,0,0,0,0,0,0,".0000","1.2000",25.2231292,-80.4823538,1997-07-21 14:28:00,2005-01-03 11:38:00,0.670704803682781
"DERM","LSC4",0,0,0,0,0,0,20,0,20,20,18,0,20,0,0,0,0,0,0,0,0,0,0,0,".0000","1.2000",25.2231206,-80.4799037,1996-03-21 12:48:00,2004-09-16 12:04:00,1.06007171592396
"DERM","LSC5",0,0,0,0,0,0,20,0,21,21,19,0,20,0,0,0,0,0,0,0,0,0,0,0,".0000","1.2000",25.2231119,-80.4774535,1996-07-17 11:09:00,2004-01-26 11:19:00,1.32866161265305
"DERM","LSC6",0,0,0,0,0,0,10,0,10,10,8,0,10,0,0,0,0,0,0,0,0,0,0,0,".0000","1.2000",25.220909,-80.4848134,1996-02-15 09:44:00,2004-07-27 11:56:00,0.591959720267631
"DERM","LSC7",0,0,0,0,0,0,23,0,23,23,23,0,23,0,0,0,0,0,0,0,0,0,0,0,".0000","1.2000",25.2209004,-80.4823633,1996-01-16 09:34:00,2002-07-18 13:47:00,1.53778097702129
"DERM","LSC8",0,0,0,0,0,0,14,0,13,13,12,0,14,0,0,0,0,0,0,0,0,0,0,0,".0000","1.1000",25.2208918,-80.4799132,1997-04-15 14:09:00,2004-05-17 10:16:00,0.987605175745126
"DERM","LSC9",0,0,0,0,0,0,18,0,18,18,18,0,18,0,0,0,0,0,0,0,0,0,0,0,".0000","1.1000",25.2208831,-80.4774631,1997-05-22 10:28:00,2003-07-21 12:45:00,1.46028923576395
"DERM","LSD1",0,0,0,0,0,0,15,0,15,15,15,0,15,0,0,0,0,0,0,0,0,0,0,0,".0000","1.2000",25.2275692,-80.4774344,1996-03-21 13:03:00,2003-07-21 11:26:00,0.954747689643467
"DERM","LSD2",0,0,0,0,0,0,16,0,16,16,14,0,16,0,0,0,0,0,0,0,0,0,0,0,".0000","1.1000",25.2275607,-80.4749842,1996-02-15 10:00:00,2004-03-19 10:18:00,0.988828304448797
"DERM","LSD3",0,0,0,0,0,0,16,0,16,16,16,0,16,0,0,0,0,0,0,0,0,0,0,0,".0000","1.1000",25.2253407,-80.477444,1996-09-17 14:16:00,2003-03-11 11:49:00,1.2350490608305
"DERM","LSD4",0,0,0,0,0,0,15,0,14,14,13,0,15,0,0,0,0,0,0,0,0,0,0,0,".1000","1.2000",25.225332,-80.4749938,1996-05-14 14:02:00,2005-01-03 11:29:00,0.810150848709656
"DERM","LSD5",0,0,0,0,0,0,22,0,22,22,20,0,22,0,0,0,0,0,0,0,0,0,0,0,".1000","1.3000",25.2253232,-80.4725436,1996-11-20 10:37:00,2004-09-16 11:50:00,1.27841623780156
"DERM","LSD6",0,0,0,0,0,0,23,0,23,23,19,0,23,0,0,0,0,0,0,0,0,0,0,0,".0000","1.3000",25.2253145,-80.4700934,1997-06-17 13:47:00,2004-07-27 11:08:00,1.4064902964845
"DERM","LSD7",0,0,0,0,0,0,13,0,13,13,13,0,13,0,0,0,0,0,0,0,0,0,0,0,".0000","2.0000",25.2231032,-80.4750034,1995-12-11 13:22:00,2003-09-22 11:34:00,0.771132243109864
"DERM","LSD8",0,0,0,0,0,0,13,0,13,13,11,0,13,0,0,0,0,0,0,0,0,0,0,0,".1000","1.2000",25.2230945,-80.4725532,1997-10-15 14:49:00,2004-05-17 10:27:00,0.910916764856491
"DERM","LSD9",0,0,0,0,0,0,25,0,25,25,25,0,25,0,0,0,0,0,0,0,0,0,0,0,".0000","1.2000",25.2208745,-80.4750129,1996-07-17 12:19:00,2003-07-21 12:59:00,1.5694165644904
"DERM","LSE1",0,0,0,0,0,0,17,0,18,17,18,0,18,0,0,0,0,0,0,0,0,0,0,0,".1000","1.2000",25.2342029,-80.4627036,1996-06-18 13:20:00,2003-03-11 11:35:00,1.18929048396328
"DERM","LSE2",0,0,0,0,0,0,19,0,18,18,15,0,19,0,0,0,0,0,0,0,0,0,0,0,".0000","1.2000",25.231983,-80.4651638,1996-07-17 10:49:00,2005-01-03 11:05:00,1.06314301012286
"DERM","LSE3",0,0,0,0,0,0,12,0,12,12,10,0,12,0,0,0,0,0,0,0,0,0,0,0,".0000","1.3000",25.2319741,-80.4627134,1998-02-11 13:12:00,2004-09-16 11:38:00,0.758115188075873
"DERM","LSE4",0,0,0,0,0,0,28,0,28,28,26,0,28,0,0,0,0,0,0,0,0,0,0,0,".0000","1.2000",25.2297543,-80.4651735,1996-11-19 13:45:00,2004-01-26 10:41:00,1.67043195277548
"DERM","LSE5",0,0,0,0,0,0,20,0,20,20,18,0,20,0,0,0,0,0,0,0,0,0,0,0,".0000","1.4000",25.2297398,-80.4627232,1996-03-21 13:37:00,2004-07-27 11:01:00,1.07782516865353
"DERM","LSE6",0,0,0,0,0,0,14,0,14,14,14,0,14,0,0,0,0,0,0,0,0,0,0,0,".0000","2.0000",25.2275432,-80.4700837,1997-01-14 13:21:00,2001-03-20 13:45:00,1.436091785804
"DERM","LSE7",0,0,0,0,0,0,19,0,19,19,17,0,19,0,0,0,0,0,0,0,0,0,0,0,".0000","1.3000",25.2275344,-80.4676335,1996-08-15 12:07:00,2004-05-17 10:34:00,1.16077859002493
"DERM","LSE8",0,0,0,0,0,0,20,0,20,20,20,0,20,0,0,0,0,0,0,0,0,0,0,0,".0000","1.3000",25.2275256,-80.4651833,1996-09-17 13:30:00,2002-05-23 13:25:00,1.23276484109618
"DERM","LSE9",0,0,0,0,0,0,14,0,14,14,14,0,14,0,0,0,0,0,0,0,0,0,0,0,".0000","1.2000",25.2275167,-80.462733,1995-12-11 14:10:00,2001-01-30 13:51:00,1.36215661848686
"DERM","LSF1",0,0,0,0,0,0,20,0,20,20,20,0,20,0,0,0,0,0,0,0,0,0,0,0,".0000","1.4000",25.2253057,-80.4676432,1995-12-11 13:48:00,2002-05-23 13:49:00,1.24076396533264
"DERM","LSF2",0,0,0,0,0,0,11,0,11,11,9,0,11,0,0,0,0,0,0,0,0,0,0,0,".0000","1.3000",25.2252968,-80.465193,1999-03-11 13:38:00,2004-09-16 12:48:00,0.905893578689558
"DERM","LSF3",0,0,0,0,0,0,17,0,17,16,15,0,17,0,0,0,0,0,0,0,0,0,0,0,".0000","1.5000",25.2252879,-80.4627428,1996-09-17 13:49:00,2004-05-17 10:42:00,0.913493614610856
"DERM","LSF4",0,0,0,0,0,0,20,0,20,20,20,0,20,0,0,0,0,0,0,0,0,0,0,0,".0000","1.3000",25.2230852,-80.4701031,1996-12-13 12:24:00,2002-09-25 13:33:00,1.38349133887627
"DERM","LSF5",0,0,0,0,0,0,27,0,27,27,27,0,27,0,0,0,0,0,0,0,0,0,0,0,".0000","2.0000",25.2230769,-80.4676529,1996-02-15 10:17:00,2003-03-11 12:42:00,1.69811275067027
"DERM","LSF6",0,0,0,0,0,0,20,0,20,19,16,0,19,0,0,0,0,0,0,0,0,0,0,0,".1000","1.2000",25.2230681,-80.4560361,1996-05-14 13:48:00,2005-01-03 12:14:00,1.04160899680628
"DERM","LSF7",0,0,0,0,0,0,13,0,13,13,13,0,13,0,0,0,0,0,0,0,0,0,0,0,".0000","1.2000",25.220857,-80.4701127,1996-11-19 14:02:00,2003-01-15 13:34:00,0.974874980383628
"DERM","LSF8",0,0,0,0,0,0,19,0,19,19,19,0,19,0,0,0,0,0,0,0,0,0,0,0,".0000","1.2000",25.2208482,-80.4676626,1996-06-18 13:43:00,2001-11-28 13:58:00,1.65270627667653
"DERM","LSF9",0,0,0,0,0,0,17,0,17,17,13,0,17,0,0,0,0,0,0,0,0,0,0,0,".1000","1.3000",25.2208393,-80.4652125,1996-07-17 12:42:00,2004-07-27 12:11:00,0.996596676163635
"DERM","LSG1",0,0,0,0,0,0,11,0,11,11,11,0,11,0,0,0,0,0,0,0,0,0,0,0,".0000","1.3000",25.2341939,-80.4602533,1996-06-18 13:00:00,2002-07-18 12:51:00,0.822267059508835
"DERM","LSG2",0,0,0,0,0,0,20,0,20,20,18,0,20,0,0,0,0,0,0,0,0,0,0,0,".1000","1.5000",25.234185,-80.4578029,1996-07-17 10:28:00,2004-07-27 10:46:00,0.996585110056659
"DERM","LSG3",0,0,0,0,0,0,28,0,28,28,25,0,28,0,0,0,0,0,0,0,0,0,0,0,".0000","1.5000",25.2341759,-80.4553525,1996-02-15 11:31:00,2004-01-26 10:25:00,1.25863462695396
"DERM","LSG4",0,0,0,0,0,0,10,0,10,10,10,0,10,0,0,0,0,0,0,0,0,0,0,0,".1000","1.3000",25.2319577,-80.4602631,1997-09-22 12:46:00,2001-09-05 12:18:00,1.0117864775803
"DERM","LSG5",0,0,0,0,0,0,20,0,20,20,16,0,20,0,0,0,0,0,0,0,0,0,0,0,".0000","1.4000",25.2319562,-80.4578128,1996-12-13 11:57:00,2004-09-16 11:23:00,1.0310601074364
"DERM","LSG6",0,0,0,0,0,0,14,0,14,14,14,0,14,0,0,0,0,0,0,0,0,0,0,0,".1000","1.3000",25.2319472,-80.4553624,1996-09-17 12:01:00,2003-01-15 12:09:00,0.790240419634551
"DERM","LSG7",0,0,0,0,0,0,37,0,37,37,37,0,37,0,0,0,0,0,0,0,0,0,0,0,".0000","2.0000",25.2297365,-80.4602729,1995-12-11 14:50:00,2002-01-15 12:48:00,2.62425789535724
"DERM","LSG8",0,0,0,0,0,0,17,0,17,17,17,0,17,0,0,0,0,0,0,0,0,0,0,0,".0000","1.3000",25.2297275,-80.4578227,1996-05-14 13:06:00,2003-03-11 11:20:00,1.02601345344716
"DERM","LSG9",0,0,0,0,0,0,25,0,24,25,21,0,25,0,0,0,0,0,0,0,0,0,0,0,".0000","1.5000",25.2297185,-80.4553724,1997-04-15 12:43:00,2005-01-03 12:40:00,1.16569235054104
"DERM","LSH1",0,0,0,0,0,0,31,0,30,31,26,0,31,0,0,0,0,0,0,0,0,0,0,0,".0000","1.5000",25.2275077,-80.4602828,1996-10-16 10:56:00,2004-07-27 12:22:00,1.41417301740401
"DERM","LSH2",0,0,0,0,0,0,5,0,5,5,5,0,5,0,0,0,0,0,0,0,0,0,0,0,".0000","1.2000",25.2274988,-80.4578326,1997-07-21 13:16:00,2001-03-20 13:05:00,0.545967242588268
"DERM","LSH3",0,0,0,0,0,0,5,0,5,5,5,0,5,0,0,0,0,0,0,0,0,0,0,0,".2000","1.1000",25.2274897,-80.4553823,1996-07-17 13:04:00,2003-01-15 13:50:00,0.307834035572167
"DERM","LSH4",0,0,0,0,0,0,36,0,37,37,33,0,36,0,0,0,0,0,0,0,0,0,0,0,".0000","2.0000",25.2274807,-80.4529321,1995-12-11 15:26:00,2004-09-16 13:00:00,1.71109415550756
"DERM","LSH5",0,0,0,0,0,0,17,0,17,17,17,0,17,0,0,0,0,0,0,0,0,0,0,0,".0000","1.3000",25.225279,-80.4602926,1996-02-15 10:56:00,2002-09-25 13:02:00,1.05909582813382
"DERM","LSH6",0,0,0,0,0,0,19,0,19,19,19,0,19,0,0,0,0,0,0,0,0,0,0,0,".0000","1.4000",25.22527,-80.4578424,1996-05-14 13:33:00,2002-03-21 11:45:00,1.36738537852288
"DERM","LSH7",0,0,0,0,0,0,22,0,22,22,20,0,22,0,0,0,0,0,0,0,0,0,0,0,".0000","1.2000",25.225261,-80.4553923,1996-03-21 14:14:00,2005-01-03 12:25:00,1.25166502931122
"DERM","LSH8",0,0,0,0,0,0,18,0,18,18,16,0,18,0,0,0,0,0,0,0,0,0,0,0,".0000","1.2000",25.2230592,-80.4627526,1996-08-15 12:24:00,2004-03-19 10:05:00,1.18549023899688
"DERM","LSH9",0,0,0,0,0,0,17,0,17,17,17,0,17,0,0,0,0,0,0,0,0,0,0,0,".0000","1.3000",25.2230502,-80.4603025,1997-06-17 13:04:00,2002-01-15 13:17:00,1.52823443122484
"DERM","LSI1",0,0,0,0,0,0,26,0,26,26,22,0,26,0,0,0,0,0,0,0,0,0,0,0,".1000","1.5000",25.2386153,-80.4504317,1996-02-15 11:46:00,2004-09-16 11:09:00,1.16470979801378
"DERM","LSI2",0,0,0,0,0,0,11,0,11,11,11,0,11,0,0,0,0,0,0,0,0,0,0,0,".0000","1.2000",25.2386061,-80.4479813,1995-12-11 16:20:00,2002-03-21 10:47:00,0.796873593812639
"DERM","LSI3",0,0,0,0,0,0,25,0,25,25,25,0,25,0,0,0,0,0,0,0,0,0,0,0,".0000","2.1000",25.2364047,-80.4553426,1996-03-21 14:32:00,2002-05-23 11:53:00,1.94463829657435
"DERM","LSI4",0,0,0,0,0,0,20,0,20,20,20,0,20,0,0,0,0,0,0,0,0,0,0,0,".0000","1.5000",25.2363956,-80.4528922,1996-09-17 11:45:00,2003-07-21 11:07:00,1.02352962762595
"DERM","LSI5",0,0,0,0,0,0,24,0,24,24,21,0,24,0,0,0,0,0,0,0,0,0,0,0,".0000","1.4000",25.2363865,-80.4504418,1997-11-12 12:37:00,2004-03-16 12:46:00,1.26165462636381
"DERM","LSI6",0,0,0,0,0,0,3,0,3,3,3,0,3,0,0,0,0,0,0,0,0,0,0,0,".1000","1.4000",25.2363774,-80.4479914,2000-09-07 11:35:00,2000-09-07 11:37:00,NA
"DERM","LSI7",0,0,0,0,0,0,28,0,29,28,27,0,28,0,0,0,0,0,0,0,0,0,0,0,".0000","1.5000",25.2341669,-80.4529021,1996-08-15 11:22:00,2004-07-27 12:54:00,1.38396885283077
"DERM","LSI8",0,0,0,0,0,0,26,0,27,27,24,0,26,0,0,0,0,0,0,0,0,0,0,0,".0000","1.5000",25.2341578,-80.4504518,1996-07-16 11:48:00,2004-01-26 10:11:00,1.19539291745278
"DERM","LSI9",0,0,0,0,0,0,27,0,27,27,24,0,26,0,0,0,0,0,0,0,0,0,0,0,".0000","1.6000",25.2341487,-80.4480014,1996-01-16 11:19:00,2005-01-03 13:19:00,1.00371491819547
"DERM","LSJ1",0,0,0,0,0,0,12,0,12,12,12,0,12,0,0,0,0,0,0,0,0,0,0,0,".0000","1.5000",25.2319382,-80.4529121,2001-07-25 12:05:00,2003-03-11 11:08:00,2.45975987457077
"DERM","LSJ2",0,0,0,0,0,0,36,0,36,36,33,0,36,0,0,0,0,0,0,0,0,0,0,0,".0000","1.6000",25.2319291,-80.4504618,1996-01-16 11:42:00,2004-03-16 13:02:00,1.59227415839186
"DERM","LSJ3",0,0,0,0,0,0,13,0,13,13,13,0,13,0,0,0,0,0,0,0,0,0,0,0,".0000","1.4000",25.2319199,-80.4480115,1995-12-11 15:57:00,1998-03-17 12:03:00,2.20871694861445
"DERM","LSJ4",0,0,0,0,0,0,28,0,29,29,24,0,28,0,0,0,0,0,0,0,0,0,0,0,".0000","1.4000",25.2297094,-80.4529221,1996-05-14 12:55:00,2004-07-27 12:42:00,1.34104209166555
"DERM","LSJ5",0,0,0,0,0,0,22,0,21,21,20,0,22,0,0,0,0,0,0,0,0,0,0,0,".0000","1.4000",25.2297003,-80.4504718,1996-11-19 12:42:00,2005-01-03 12:53:00,0.984830629251179
"DERM","LSJ6",0,0,0,0,0,0,30,0,30,30,30,0,30,0,0,0,0,0,0,0,0,0,0,0,".0000","2.3000",25.2296912,-80.4480216,1996-03-21 14:55:00,2002-05-23 12:39:00,1.62052042996971
"DERM","LSJ7",0,0,0,0,0,0,9,0,9,9,5,0,9,0,0,0,0,0,0,0,0,0,0,0,".0000","1.3000",25.2274716,-80.4504819,1998-08-11 11:31:00,2004-09-16 13:11:00,0.65572462458157
"DERM","LSJ8",0,0,0,0,0,0,17,0,17,17,17,0,17,0,0,0,0,0,0,0,0,0,0,0,".0000","1.3000",25.2274624,-80.4452539,1997-12-19 11:57:00,2002-11-26 12:50:00,1.4180242977415
"DERM","LSJ9",0,0,0,0,0,0,19,0,19,19,19,0,19,0,0,0,0,0,0,0,0,0,0,0,".0000","1.2000",25.2274533,-80.4455814,1997-10-15 12:11:00,2001-01-30 12:49:00,2.73248370140583
"DERM","LSK1",0,0,0,0,0,0,16,0,16,16,16,0,16,0,0,0,0,0,0,0,0,0,0,0,".0000","1.0000",25.2430452,-80.4430601,1996-06-18 10:42:00,2003-01-15 11:55:00,1.21646058792935
"DERM","LSK2",0,0,0,0,0,0,15,0,15,15,15,0,15,0,0,0,0,0,0,0,0,0,0,0,".0000","1.2000",25.2408165,-80.4430702,1996-09-17 10:47:00,2003-07-21 13:51:00,1.02346646266204
"DERM","LSK3",0,0,0,0,0,0,14,0,14,14,11,0,14,0,0,0,0,0,0,0,0,0,0,0,".1000","1.4000",25.2385969,-80.4455308,1997-04-15 11:28:00,2004-03-16 11:58:00,0.722688937071815
"DERM","LSK4",0,0,0,0,0,0,16,0,16,16,16,0,16,0,0,0,0,0,0,0,0,0,0,0,".0000","1.3000",25.2385877,-80.4430804,1996-07-17 10:07:00,2000-01-11 11:08:00,2.00837778702703
"DERM","LSK5",0,0,0,0,0,0,39,0,39,39,37,0,39,0,0,0,0,0,0,0,0,0,0,0,".0000","1.3000",25.2385692,-80.4381795,1995-12-11 16:40:00,2004-01-26 09:29:00,1.96920127792537
"DERM","LSK6",0,0,0,0,0,0,15,0,14,15,6,0,15,0,0,0,0,0,0,0,0,0,0,0,".0000","1.4000",25.2363682,-80.4455409,1997-05-14 11:37:00,2005-01-03 13:29:00,0.654317129583554
"DERM","LSK7",0,0,0,0,0,0,20,0,20,20,17,0,20,0,0,0,0,0,0,0,0,0,0,0,".0000","1.4000",25.236359,-80.4430906,1996-02-15 12:04:00,2004-09-16 13:47:00,0.815271583365866
"DERM","LSK8",0,0,0,0,0,0,28,0,28,28,28,0,28,0,0,0,0,0,0,0,0,0,0,0,".0000","2.3000",25.2363497,-80.4406401,1996-04-16 12:42:00,2002-11-26 11:45:00,1.51244715018621
"DERM","LSK9",0,0,0,0,0,0,18,0,18,18,18,0,18,0,0,0,0,0,0,0,0,0,0,0,".0000","1.5000",25.2363404,-80.4381898,1996-01-16 12:17:00,2003-03-11 13:20:00,0.979206112498115
"DERM","LSL1",0,0,0,0,0,0,34,0,34,34,32,0,34,0,0,0,0,0,0,0,0,0,0,0,".0000","1.6000",25.2341395,-80.4455511,1996-09-17 11:04:00,2004-09-16 13:28:00,1.50046215466776
"DERM","LSL2",0,0,0,0,0,0,14,0,14,14,14,0,14,0,0,0,0,0,0,0,0,0,0,0,".0000","1.4000",25.2341303,-80.4431007,1997-04-15 11:47:00,2003-01-15 14:14:00,0.869186706579583
"DERM","LSL3",0,0,0,0,0,0,11,0,11,11,11,0,11,0,0,0,0,0,0,0,0,0,0,0,".1000","1.4000",25.234121,-80.4406504,1996-06-18 11:01:00,2002-09-25 11:40:00,0.637983721080446
"DERM","LSL4",0,0,0,0,0,0,14,0,14,14,14,0,14,0,0,0,0,0,0,0,0,0,0,0,".0000","1.3000",25.2341117,-80.4382,1995-12-11 17:02:00,2003-03-11 13:09:00,0.827969010194816
"DERM","LSL5",0,0,0,0,0,0,29,0,29,29,29,0,29,0,0,0,0,0,0,0,0,0,0,0,".0000","2.4000",25.2319108,-80.4455612,1996-05-14 12:21:00,2002-07-18 11:49:00,1.61903190535762
"DERM","LSL6",0,0,0,0,0,0,19,0,19,19,19,0,19,0,0,0,0,0,0,0,0,0,0,0,".0000","1.3000",25.2319015,-80.4431109,1996-07-16 11:06:00,2003-07-21 13:38:00,0.998299345551726
"DERM","LSL7",0,0,0,0,0,0,18,0,18,18,13,0,18,0,0,0,0,0,0,0,0,0,0,0,".0000","1.3000",25.2318923,-80.4406606,1996-04-16 12:28:00,2004-07-27 13:20:00,0.845476014855055
"DERM","LSL8",0,0,0,0,0,0,16,0,16,16,16,0,16,0,0,0,0,0,0,0,0,0,0,0,".1000","1.5000",25.229682,-80.4455713,1996-01-16 11:58:00,2003-09-22 10:54:00,0.781017359901163
"DERM","LSL9",0,0,0,0,0,0,38,0,37,38,32,0,38,0,0,0,0,0,0,0,0,0,0,0,".0000","1.5000",25.2296728,-80.443121,1996-02-15 12:23:00,2005-01-03 13:03:00,1.68835226543173
"DERM","M1",0,0,0,0,0,0,35,0,35,35,30,0,35,0,0,0,0,0,0,0,0,0,0,0,".0000","1.6000",25.2649167,-80.4087,1998-05-29 09:59:00,2004-12-20 12:04:00,1.98084190734992
"DERM","M2",0,0,0,0,0,0,38,0,38,38,33,0,39,0,0,0,0,0,0,0,0,0,0,0,".0000","1.8000",25.2231832,-80.4236166,1998-05-29 11:02:00,2004-12-20 11:22:00,1.980902164151
"DERM","M3",0,0,0,0,0,0,35,0,35,35,33,0,36,0,0,0,0,0,0,0,0,0,0,0,".0000","2.4000",25.2293167,-80.4030333,1998-05-28 10:15:00,2004-05-12 11:47:00,2.01418718557845
"DERM","MBA1",0,0,0,0,0,0,16,0,17,15,14,0,16,0,0,0,0,0,0,0,0,0,0,0,".0000","1.1000",25.2655284,-80.410305,1998-07-24 09:58:00,2004-01-20 12:12:00,1.45656254175647
"DERM","MBA2",0,0,0,0,0,0,11,0,11,11,9,0,11,0,0,0,0,0,0,0,0,0,0,0,".0000","1.2000",25.25635,-80.4073548,1997-12-15 13:52:00,2004-07-14 10:37:00,0.760030345724504
"DERM","MBA3",0,0,0,0,0,0,16,0,16,16,14,0,16,0,0,0,0,0,0,0,0,0,0,0,".0000","1.2000",25.2655048,-80.4044045,1998-03-20 10:26:00,2004-12-20 12:13:00,1.03634900426084
"DERM","MBA4",0,0,0,0,0,0,18,0,18,18,18,0,18,0,0,0,0,0,0,0,0,0,0,0,".0000","1.6000",25.2628575,-80.4132681,1998-02-12 10:08:00,2002-07-22 09:57:00,1.35194961591172
"DERM","MBA5",0,0,0,0,0,0,18,0,18,18,18,0,18,0,0,0,0,0,0,0,0,0,0,0,".0000","1.9000",25.2628457,-80.410318,1999-03-10 09:58:00,2003-07-18 10:38:00,1.37741152644168
"DERM","MBA6",0,0,0,0,0,0,26,0,26,26,26,0,26,0,0,0,0,0,0,0,0,0,0,0,".0000","1.7000",25.2628339,-80.4073678,1997-11-19 09:54:00,2003-03-18 09:05:00,1.69013239663219
"DERM","MBA7",0,0,0,0,0,0,14,0,14,14,14,0,14,0,0,0,0,0,0,0,0,0,0,0,".0000","1.4000",25.262822,-80.4044176,1998-01-22 10:05:00,2003-09-16 11:08:00,0.885221168964546
"DERM","MBA8",0,0,0,0,0,0,3,0,3,3,3,0,3,0,0,0,0,0,0,0,0,0,0,0,".1000","1.7000",25.260163,-80.4103309,1997-10-22 09:18:00,1997-10-22 09:20:00,NA
"DERM","MBA9",0,0,0,0,0,0,14,0,14,15,6,0,14,0,0,0,0,0,0,0,0,0,0,0,".1000","1.6000",25.2601512,-80.4073808,1999-08-12 09:44:00,2004-09-21 12:02:00,0.978123333251507
"DERM","MBB1",0,0,0,0,0,0,13,0,13,13,13,0,13,0,0,0,0,0,0,0,0,0,0,0,".1000","1.3000",25.2599319,-80.4221314,1998-09-22 09:40:00,2002-11-19 11:15:00,1.20221901707692
"DERM","MBB2",0,0,0,0,0,0,15,0,15,15,15,0,15,0,0,0,0,0,0,0,0,0,0,0,".0000","1.5000",25.2601981,-80.4191813,1998-02-12 10:23:00,2003-09-16 10:53:00,0.894334656233102
"DERM","MBB3",0,0,0,0,0,0,10,0,10,10,10,0,10,0,0,0,0,0,0,0,0,0,0,0,".0000","1.6000",25.2601865,-80.4162312,1999-03-10 10:20:00,2002-03-14 10:32:00,1.32817175627457
"DERM","MBB4",0,0,0,0,0,0,30,0,30,30,27,0,30,0,0,0,0,0,0,0,0,0,0,0,".0000","1.6000",25.2601748,-80.4132811,1997-10-22 09:40:00,2004-05-14 10:04:00,1.52440508900188
"DERM","MBB5",0,0,0,0,0,0,15,0,15,15,12,0,15,0,0,0,0,0,0,0,0,0,0,0,".1000","1.8000",25.25,-80.4191941,1998-07-24 10:13:00,2004-03-10 12:19:00,0.888216090025351
"DERM","MBB6",0,0,0,0,0,0,29,0,29,28,21,0,28,0,0,0,0,0,0,0,0,0,0,0,".0000","1.6000",25.2575037,-80.416244,1998-01-22 09:47:00,2004-09-21 12:10:00,1.50055504788304
"DERM","MBB7",0,0,0,0,0,0,24,0,24,24,21,0,24,0,0,0,0,0,0,0,0,0,0,0,".0000","2.0000",25.257492,-80.4132939,1997-11-19 10:15:00,2004-12-20 11:47:00,1.12902931513583
"DERM","MBB8",0,0,0,0,0,0,6,0,6,6,6,0,6,0,0,0,0,0,0,0,0,0,0,0,".1000","1.7000",25.254821,-80.4162568,1999-06-23 10:38:00,2003-01-16 11:10:00,0.560619755781431
"DERM","MBB9",0,0,0,0,0,0,9,0,9,9,9,0,9,0,0,0,0,0,0,0,0,0,0,0,".1000","1.6000",25.2548093,-80.4133068,1997-12-15 13:04:00,2003-07-18 11:15:00,0.536889093347207
"DERM","MBC1",0,0,0,0,0,0,11,0,11,11,9,0,11,0,0,0,0,0,0,0,0,0,0,0,".0000","1.5000",25.2601393,-80.4044307,1998-01-22 10:20:00,2004-07-14 10:33:00,0.617756627074186
"DERM","MBC2",0,0,0,0,0,0,21,0,21,21,21,0,21,0,0,0,0,0,0,0,0,0,0,0,".1000","1.8000",25.2574803,-80.4103439,1998-11-19 10:20:00,2003-07-18 10:55:00,1.50218183821144
"DERM","MBC3",0,0,0,0,0,0,6,0,6,6,6,0,6,0,0,0,0,0,0,0,0,0,0,0,".1000","1.6000",25.2574684,-80.4073938,1999-11-16 10:20:00,2001-01-25 11:16:00,1.67530928688827
"DERM","MBC4",0,0,0,0,0,0,24,0,24,24,24,0,24,0,0,0,0,0,0,0,0,0,0,0,".0000","1.6000",25.2574566,-80.4044438,1997-12-15 13:21:00,2003-09-16 11:29:00,1.39081778901329
"DERM","MBC5",0,0,0,0,0,0,30,0,30,30,27,0,30,0,0,0,0,0,0,0,0,0,0,0,".0000","2.1000",25.2547857,-80.4074069,1998-07-24 10:31:00,2004-05-14 11:01:00,1.72204814898486
"DERM","MBC6",0,0,0,0,0,0,9,0,9,9,9,0,9,0,0,0,0,0,0,0,0,0,0,0,".1000","1.5000",25.2547739,-80.4044457,1998-04-15 10:55:00,1999-06-23 11:24:00,2.52465243388284
"DERM","MBC7",0,0,0,0,0,0,15,0,15,15,13,0,15,0,0,0,0,0,0,0,0,0,0,0,".0000","1.3000",25.2547619,-80.4015069,1998-05-29 10:27:00,2004-03-10 10:57:00,1.03763180997662
"DERM","MBC8",0,0,0,0,0,0,27,0,27,27,21,0,27,0,0,0,0,0,0,0,0,0,0,0,".0000","1.7000",25.2520911,-80.40447,1997-10-22 10:29:00,2004-09-21 11:16:00,1.30134898076612
"DERM","MBC9",0,0,0,0,0,0,9,0,9,9,6,0,9,0,0,0,0,0,0,0,0,0,0,0,".1000","1.4000",25.2520792,-80.4015201,2000-11-29 11:30:00,2004-12-20 12:28:00,0.739352375525856
"DERM","MBD1",0,0,0,0,0,0,10,0,10,9,10,0,10,0,0,0,0,0,0,0,0,0,0,0,".0000",".5000",25.2575499,-80.4280442,1999-04-20 12:22:00,2003-07-18 11:37:00,1.17824956148309
"DERM","MBD2",0,0,0,0,0,0,15,0,15,15,15,0,15,0,0,0,0,0,0,0,0,0,0,0,".0000","1.6000",25.2548442,-80.4221568,1997-12-15 14:29:00,2001-03-21 10:37:00,1.83875523817071
"DERM","MBD3",0,0,0,0,0,0,15,0,15,15,15,0,15,0,0,0,0,0,0,0,0,0,0,0,".0000","1.6000",25.2548326,-80.4192068,1998-03-20 10:50:00,2003-09-16 10:36:00,0.910398230854392
"DERM","MBD4",0,0,0,0,0,0,27,0,27,27,24,0,27,0,0,0,0,0,0,0,0,0,0,0,".0000","1.6000",25.252173,-80.4251194,1998-01-22 09:27:00,2004-05-14 09:43:00,1.4267509319496
"DERM","MBD5",0,0,0,0,0,0,6,0,6,6,6,0,6,0,0,0,0,0,0,0,0,0,0,0,".0000","1.6000",25.2521615,-80.4221695,2000-05-15 11:51:00,2002-09-17 11:13:00,0.854412335663381
"DERM","MBD6",0,0,0,0,0,0,21,0,21,21,21,0,21,0,0,0,0,0,0,0,0,0,0,0,".0000","1.5000",25.2521499,-80.4192196,1998-02-12 11:15:00,2003-03-18 09:51:00,1.3746398856595
"DERM","MBD7",0,0,0,0,0,0,15,0,15,16,8,0,15,0,0,0,0,0,0,0,0,0,0,0,".0000","1.5000",25.2495017,-80.4280819,1997-10-22 12:23:00,2004-09-21 12:28:00,0.867576004585636
"DERM","MBD8",0,0,0,0,0,0,24,0,23,23,21,0,24,0,0,0,0,0,0,0,0,0,0,0,".1000","1.7000",25.2494903,-80.4251321,1998-04-15 12:20:00,2004-12-20 11:08:00,1.19707490935906
"DERM","MBD9",0,0,0,0,0,0,14,0,14,14,12,0,14,0,0,0,0,0,0,0,0,0,0,0,".1000","1.5000",25.2494788,-80.4221822,1998-10-19 11:14:00,2004-07-14 10:53:00,0.871724445178119
"DERM","MBE1",0,0,0,0,0,0,23,0,24,24,15,0,23,0,0,0,0,0,0,0,0,0,0,0,".0000","1.8000",25.2521383,-80.4162696,1998-09-22 10:39:00,2004-09-21 11:34:00,1.3336143602649
"DERM","MBE2",0,0,0,0,0,0,24,0,24,24,21,0,24,0,0,0,0,0,0,0,0,0,0,0,".1000","1.6000",25.2521383,-80.4162696,1998-04-15 11:56:00,2004-12-20 11:35:00,1.1970575407985
"DERM","MBE3",0,0,0,0,0,0,23,0,23,23,21,0,23,0,0,0,0,0,0,0,0,0,0,0,".1000","1.7000",25.2521266,-80.4133197,1997-10-22 10:00:00,2004-07-14 10:45:00,1.189240063593
"DERM","MBE4",0,0,0,0,0,0,12,0,12,12,12,0,12,0,0,0,0,0,0,0,0,0,0,0,".1000","1.6000",25.2521148,-80.4103698,1997-12-15 12:25:00,2001-03-21 11:05:00,1.22572826846889
"DERM","MBE5",0,0,0,0,0,0,15,0,15,15,15,0,15,0,0,0,0,0,0,0,0,0,0,0,".1000","1.6000",25.252103,-80.4074199,1998-08-20 10:48:00,2000-01-19 11:18:00,3.53225611476004
"DERM","MBE6",0,0,0,0,0,0,11,0,11,11,11,0,11,0,0,0,0,0,0,0,0,0,0,0,".0000","1.9000",25.2494672,-80.4192323,1998-02-12 11:31:00,2003-09-16 10:20:00,0.715492300560908
"DERM","MBE7",0,0,0,0,0,0,9,0,9,9,6,0,9,0,0,0,0,0,0,0,0,0,0,0,".1000","1.5000",25.2494555,-80.4162825,2002-01-22 12:40:00,2004-05-14 09:05:00,1.30005231913851
"DERM","MBE8",0,0,0,0,0,0,15,0,15,15,15,0,15,0,0,0,0,0,0,0,0,0,0,0,".0000","1.8000",25.2494438,-80.4133326,1999-09-27 11:53:00,2001-12-10 12:12:00,2.26859635668497
"DERM","MBE9",0,0,0,0,0,0,21,0,21,21,21,0,21,0,0,0,0,0,0,0,0,0,0,0,".0000","1.7000",25.2494321,-80.4103828,1998-03-20 11:54:00,2003-03-18 10:05:00,1.40178514657231
"DERM","MBF1",0,0,0,0,0,0,18,0,18,18,9,0,18,0,0,0,0,0,0,0,0,0,0,0,".0000","1.7000",25.2494203,-80.4074329,1998-02-12 10:55:00,2004-12-20 12:44:00,0.875522863676882
"DERM","MBF2",0,0,0,0,0,0,9,0,9,8,6,0,9,0,0,0,0,0,0,0,0,0,0,0,".2000","2.0000",25.2494084,-80.4044831,1998-08-20 11:04:00,2004-07-14 10:29:00,0.508474412414422
"DERM","MBF3",0,0,0,0,0,0,23,0,23,23,23,0,23,0,0,0,0,0,0,0,0,0,0,0,".0000","1.5000",25.2493965,-80.4015332,1997-10-22 11:16:00,2003-05-20 11:47:00,1.43515181943544
"DERM","MBF4",0,0,0,0,0,0,3,0,3,3,3,0,3,0,0,0,0,0,0,0,0,0,0,0,".1000","1.9000",25.2467494,-80.4103957,1998-01-22 11:15:00,1998-01-22 11:16:00,NA
"DERM","MBF5",0,0,0,0,0,0,18,0,18,18,18,0,18,0,0,0,0,0,0,0,0,0,0,0,".1000","1.6000",25.2467376,-80.4074459,1998-05-29 12:23:00,2003-09-16 11:44:00,1.13198897625763
"DERM","MBF6",0,0,0,0,0,0,21,0,21,21,18,0,21,0,0,0,0,0,0,0,0,0,0,0,".0000","1.8000",25.2467257,-80.4044961,1997-12-15 12:08:00,2004-05-14 11:19:00,1.09171099423532
"DERM","MBF7",0,0,0,0,0,0,24,0,23,24,24,0,24,0,0,0,0,0,0,0,0,0,0,0,".0000","1.6000",25.2467138,-80.4015463,1997-11-19 12:21:00,2003-07-18 13:40:00,1.41360544171978
"DERM","MBF8",0,0,0,0,0,0,17,0,16,16,17,0,17,0,0,0,0,0,0,0,0,0,0,0,".0000","1.6000",25.244043,-80.4045092,1998-09-22 11:56:00,2000-11-29 11:57:00,2.74280112049687
"DERM","MBF9",0,0,0,0,0,0,21,0,21,21,18,0,21,0,0,0,0,0,0,0,0,0,0,0,".1000","1.5000",25.244031,-80.4015595,1999-02-16 11:14:00,2004-09-21 10:57:00,1.25086338901039
"DERM","MBG1",0,0,0,0,0,0,6,0,6,6,3,0,6,0,0,0,0,0,0,0,0,0,0,0,".1000","1.4000",25.246819,-80.4280945,1997-12-15 15:00:00,2004-05-14 09:24:00,0.311943973922822
"DERM","MBG2",0,0,0,0,0,0,18,0,18,18,18,0,18,0,0,0,0,0,0,0,0,0,0,0,".1000","1.5000",25.2468075,-80.4251447,1998-04-15 12:40:00,2003-07-18 12:14:00,1.14141698381133
"DERM","MBG3",0,0,0,0,0,0,10,0,10,10,10,0,10,0,0,0,0,0,0,0,0,0,0,0,".1000","1.1000",25.2441477,-80.4310568,1997-10-22 13:06:00,2003-03-18 10:19:00,0.925675292762675
"DERM","MBG4",0,0,0,0,0,0,6,0,6,6,3,0,6,0,0,0,0,0,0,0,0,0,0,0,".1000","1.4000",25.2441363,-80.4281071,1999-02-16 12:17:00,2004-09-21 12:41:00,0.357384561443563
"DERM","MBG5",0,0,0,0,0,0,26,0,26,25,17,0,25,0,0,0,0,0,0,0,0,0,0,0,".0000","1.5000",25.2441248,-80.4251573,1997-11-19 11:15:00,2004-12-20 10:54:00,1.27019649292846
"DERM","MBG6",0,0,0,0,0,0,17,0,17,17,15,0,17,0,0,0,0,0,0,0,0,0,0,0,".0000","1.5000",25.2441133,-80.4222076,1998-02-12 12:24:00,2004-07-14 10:57:00,0.934964371770817
"DERM","MBG7",0,0,0,0,0,0,12,0,12,12,12,0,12,0,0,0,0,0,0,0,0,0,0,0,".0000","1.3000",25.2414535,-80.4281196,1999-07-15 12:34:00,2003-05-20 10:22:00,1.29990687411397
"DERM","MBG8",0,0,0,0,0,0,13,0,13,13,13,0,13,0,0,0,0,0,0,0,0,0,0,0,".1000","1.3000",25.2414421,-80.4251699,1999-03-10 12:51:00,2001-12-10 11:40:00,1.81544683063078
"DERM","MBG9",0,0,0,0,0,0,34,0,34,34,34,0,34,0,0,0,0,0,0,0,0,0,0,0,".0000","1.8000",25.2414306,-80.4222203,1998-01-22 09:06:00,2003-09-16 10:04:00,2.12453438122943
"DERM","MBH1",0,0,0,0,0,0,35,0,35,35,35,0,35,0,0,0,0,0,0,0,0,0,0,0,".0000","1.6000",25.246796,-80.4221949,1998-02-12 12:08:00,2002-11-19 13:39:00,2.51742729039687
"DERM","MBH2",0,0,0,0,0,0,21,0,21,21,21,0,21,0,0,0,0,0,0,0,0,0,0,0,".0000","1.6000",25.2467844,-80.4192451,1998-03-20 12:20:00,2003-05-20 10:33:00,1.354981813819
"DERM","MBH3",0,0,0,0,0,0,12,0,12,12,12,0,12,0,0,0,0,0,0,0,0,0,0,0,".1000","1.9000",25.2467728,-80.4162864,1997-10-22 11:51:00,1999-07-15 12:12:00,2.31531891431458
"DERM","MBH4",0,0,0,0,0,0,12,0,12,12,12,0,12,0,0,0,0,0,0,0,0,0,0,0,".1000","1.8000",25.2467611,-80.4133455,1998-01-22 10:55:00,2003-09-16 12:11:00,0.70817383623783
"DERM","MBH5",0,0,0,0,0,0,6,0,6,6,6,0,6,0,0,0,0,0,0,0,0,0,0,0,".0000","1.5000",25.2441017,-80.4192578,2001-07-18 12:25:00,2001-12-10 11:28:00,5.03930670729078
"DERM","MBH6",0,0,0,0,0,0,21,0,21,21,18,0,21,0,0,0,0,0,0,0,0,0,0,0,".0000","1.6000",25.2440901,-80.4163081,1998-04-15 13:04:00,2004-05-14 08:45:00,1.15126387555148
"DERM","MBH7",0,0,0,0,0,0,12,0,12,12,12,0,12,0,0,0,0,0,0,0,0,0,0,0,".1000","1.8000",25.2440784,-80.4133584,1997-11-19 12:04:00,2003-03-18 10:33:00,0.751181218755679
"DERM","MBH8",0,0,0,0,0,0,21,0,21,21,12,0,21,0,0,0,0,0,0,0,0,0,0,0,".1000","1.7000",25.241419,-80.4192706,1997-12-15 15:26:00,2004-12-20 10:31:00,0.998030623599717
"DERM","MBH9",0,0,0,0,0,0,14,0,14,15,9,0,14,0,0,0,0,0,0,0,0,0,0,0,".1000","1.8000",25.2414074,-80.4163209,1999-11-16 11:56:00,2004-07-14 11:02:00,1.07302599205329
"DERM","MBI1",0,0,0,0,0,0,18,0,18,18,15,0,18,0,0,0,0,0,0,0,0,0,0,0,".0000","1.7000",25.2440666,-80.4104087,1999-01-20 11:44:00,2004-05-14 11:35:00,1.12906082258122
"DERM","MBI2",0,0,0,0,0,0,9,0,9,9,9,0,9,0,0,0,0,0,0,0,0,0,0,0,".1000","1.6000",25.2440548,-80.4074589,1999-09-27 11:39:00,2000-11-29 12:17:00,2.55403869873324
"DERM","MBI3",0,0,0,0,0,0,24,0,24,24,21,0,24,0,0,0,0,0,0,0,0,0,0,0,".1000","1.9000",25.2413957,-80.4133713,1998-05-29 12:42:00,2004-09-21 10:38:00,1.26662725213699
"DERM","MBI4",0,0,0,0,0,0,30,0,30,30,21,0,30,0,0,0,0,0,0,0,0,0,0,0,".0000","1.8000",25.2413839,-80.4104216,1998-01-22 11:33:00,2004-12-20 13:07:00,1.44707034012041
"DERM","MBI5",0,0,0,0,0,0,12,0,12,12,9,0,12,0,0,0,0,0,0,0,0,0,0,0,".1000","1.7000",25.2387129,-80.4133841,1998-04-15 13:30:00,2004-07-14 10:16:00,0.640265669594137
"DERM","MBI6",0,0,0,0,0,0,4,0,4,4,4,0,4,0,0,0,0,0,0,0,0,0,0,0,".0000",".9000",25.2386788,-80.4104345,1997-12-15 11:33:00,2003-05-20 10:04:00,0.36857859747981
"DERM","MBI7",0,0,0,0,0,0,17,0,17,17,17,0,17,0,0,0,0,0,0,0,0,0,0,0,".0000","1.4000",25.2386894,-80.4074849,1997-10-23 09:43:00,2003-01-16 12:46:00,1.52894071016122
"DERM","MBI8",0,0,0,0,0,0,11,0,11,11,11,0,11,0,0,0,0,0,0,0,0,0,0,0,".0000","1.5000",25.2360302,-80.413397,2000-05-15 13:26:00,2002-07-22 12:25:00,1.83092426063414
"DERM","MBI9",0,0,0,0,0,0,21,0,21,21,21,0,21,0,0,0,0,0,0,0,0,0,0,0,".0000","1.7000",25.2360185,-80.4104475,1998-02-12 12:40:00,2002-05-24 13:06:00,1.63682486953754
"DERM","MBJ1",0,0,0,0,0,0,18,0,18,18,15,0,18,0,0,0,0,0,0,0,0,0,0,0,".0000","1.7000",25.2387363,-80.4192833,1997-10-23 09:26:00,2004-09-21 13:08:00,0.867867803450944
"DERM","MBJ2",0,0,0,0,0,0,36,0,36,36,27,0,36,0,0,0,0,0,0,0,0,0,0,0,".0000","1.9000",25.2387246,-80.4163338,1998-09-22 12:39:00,2004-12-20 13:18:00,1.92150283178356
"DERM","MBJ3",0,0,0,0,0,0,9,0,9,9,7,0,9,0,0,0,0,0,0,0,0,0,0,0,".1000","1.2000",25.2360651,-80.4222456,1998-11-19 13:09:00,2004-07-14 11:05:00,0.707878370248543
"DERM","MBJ4",0,0,0,0,0,0,5,0,5,5,5,0,5,0,0,0,0,0,0,0,0,0,0,0,".1000","1.4000",25.2360535,-80.4192961,1999-07-15 12:50:00,2000-03-15 12:46:00,2.99388654242421
"DERM","MBJ5",0,0,0,0,0,0,21,0,21,21,21,0,21,0,0,0,0,0,0,0,0,0,0,0,".0000","1.4000",25.2333939,-80.4252078,1997-12-15 10:16:00,2003-05-20 09:21:00,1.47429682641182
"DERM","MBJ6",0,0,0,0,0,0,14,0,14,14,14,0,14,0,0,0,0,0,0,0,0,0,0,0,".1000","1.3000",25.2333824,-80.4222583,1997-11-19 13:33:00,2002-11-19 14:01:00,1.2001515135381
"DERM","MBJ7",0,0,0,0,0,0,5,0,5,5,5,0,5,0,0,0,0,0,0,0,0,0,0,0,".1000","1.2000",25.2333708,-80.4193088,1998-07-24 12:38:00,2001-09-19 12:57:00,0.633557363887736
"DERM","MBJ8",0,0,0,0,0,0,23,0,23,22,20,0,22,0,0,0,0,0,0,0,0,0,0,0,".0000","1.8000",25.2306881,-80.4193216,1998-01-22 08:47:00,2004-05-14 11:54:00,1.26815768907701
"DERM","MBJ9",0,0,0,0,0,0,6,0,6,6,6,0,6,0,0,0,0,0,0,0,0,0,0,0,".0000","1.0000",25.2306765,-80.4163722,1999-01-20 13:34:00,2003-09-16 09:45:00,0.644619124909969
"DERM","MBK1",0,0,0,0,0,0,13,0,13,13,11,0,13,0,0,0,0,0,0,0,0,0,0,0,".1000","1.4000",25.2334053,-80.4281573,1998-04-15 14:20:00,2004-09-21 13:43:00,0.776805597442904
"DERM","MBK2",0,0,0,0,0,0,16,0,16,15,11,0,16,0,0,0,0,0,0,0,0,0,0,0,".1000","1.3000",25.2307226,-80.4281698,1997-11-19 13:12:00,2004-12-20 13:28:00,0.98792079718016
"DERM","MBK3",0,0,0,0,0,0,14,0,15,15,10,0,14,0,0,0,0,0,0,0,0,0,0,0,".0000","1.5000",25.2307112,-80.4252204,1999-03-10 13:28:00,2004-07-14 11:15:00,1.12217288537355
"DERM","MBK4",0,0,0,0,0,0,21,0,21,21,21,0,21,0,0,0,0,0,0,0,0,0,0,0,".0000","1.7000",25.2306996,-80.422271,1998-03-20 14:19:00,2003-05-20 09:50:00,1.35506260372152
"DERM","MBK5",0,0,0,0,0,0,14,0,14,14,14,0,14,0,0,0,0,0,0,0,0,0,0,0,".1000","1.3000",25.2280399,-80.4281824,1999-11-16 13:04:00,2002-01-22 14:47:00,2.28832872297196
"DERM","MBK6",0,0,0,0,0,0,12,0,12,12,12,0,12,0,0,0,0,0,0,0,0,0,0,0,".1000","1.7000",25.2280284,-80.425233,1998-09-22 12:55:00,2003-01-16 13:47:00,0.926421398791333
"DERM","MBK7",0,0,0,0,0,0,21,0,21,21,21,0,21,0,0,0,0,0,0,0,0,0,0,0,".0000","1.6000",25.2280169,-80.4222837,1997-12-15 10:41:00,2001-07-18 13:06:00,1.95007905253485
"DERM","MBK8",0,0,0,0,0,0,20,0,20,20,17,0,20,0,0,0,0,0,0,0,0,0,0,0,".0000","1.9000",25.2253571,-80.4281949,1998-01-22 08:09:00,2004-05-14 12:29:00,1.26812978824721
"DERM","MBK9",0,0,0,0,0,0,9,0,9,9,9,0,9,0,0,0,0,0,0,0,0,0,0,0,".0000","1.5000",25.2253457,-80.4252456,1997-10-23 10:31:00,2002-11-19 14:08:00,0.591290283777216
"DERM","MBL1",0,0,0,0,0,0,18,0,18,18,15,0,18,0,0,0,0,0,0,0,0,0,0,0,".1000","1.5000",25.2280054,-80.4193343,1998-04-15 14:40:00,2004-05-14 12:11:00,0.986763666199617
"DERM","MBL2",0,0,0,0,0,0,5,0,5,5,5,0,5,0,0,0,0,0,0,0,0,0,0,0,".1000","1.4000",25.2279937,-80.4330516,1997-11-19 13:56:00,2001-09-19 13:21:00,0.521794773222749
"DERM","MBL3",0,0,0,0,0,0,9,0,9,8,6,0,8,0,0,0,0,0,0,0,0,0,0,0,".0000","1.5000",25.2253342,-80.4222963,2002-03-14 13:35:00,2004-12-20 13:18:00,1.08276954811863
"DERM","MBL4",0,0,0,0,0,0,20,0,20,20,17,0,20,0,0,0,0,0,0,0,0,0,0,0,".0000","1.5000",25.2253226,-80.4193471,1998-05-29 13:35:00,2004-01-20 14:17:00,1.23991941594748
"DERM","MBL5",0,0,0,0,0,0,32,0,32,32,24,0,32,0,0,0,0,0,0,0,0,0,0,0,".0000","1.4000",25.225311,-80.4330644,1997-12-15 11:03:00,2004-09-21 13:25:00,1.92073648626252
"DERM","MBL6",0,0,0,0,0,0,12,0,12,12,12,0,12,0,0,0,0,0,0,0,0,0,0,0,".1000","1.6000",25.222663,-80.4252583,1998-11-19 13:53:00,2002-11-19 14:22:00,0.999986215871806
"DERM","MBL7",0,0,0,0,0,0,25,0,26,25,26,0,26,0,0,0,0,0,0,0,0,0,0,0,".0000","1.4000",25.2226514,-80.422309,1997-10-23 10:51:00,2003-05-20 09:37:00,1.61539705821127
"DERM","MBL8",0,0,0,0,0,0,10,0,10,10,10,0,10,0,0,0,0,0,0,0,0,0,0,0,".1000","1.7000",25.2226399,-80.4193598,1998-07-24 13:18:00,2002-09-17 12:25:00,0.963743714460966
"DERM","MBL9",0,0,0,0,0,0,10,0,10,10,10,0,10,0,0,0,0,0,0,0,0,0,0,0,".0000","1.8000",25.2226283,-80.4330773,1998-01-22 08:34:00,2001-07-18 12:50:00,1.14752238493359
"DERM","MI01",0,3,0,0,197,225,677,41,675,676,643,113,677,198,34,8,25,188,0,0,0,0,0,0,".0000","NULL",25.4893683449726,-80.3381535800959,1997-01-08 12:34:00,2018-09-12 11:42:00,10.4265348634279
"DERM","MI02",0,0,0,0,293,384,957,90,971,966,929,394,962,292,169,152,100,286,0,0,0,0,0,0,".0000","NULL",25.4894068496256,-80.3472754379554,1997-01-08 10:51:00,2025-12-03 09:35:00,11.0724312597875
"DERM","MI03",0,0,0,0,346,437,1062,103,1081,1071,1040,396,1066,343,185,155,107,339,0,0,0,0,0,0,".0000","NULL",25.48941999264,-80.3635276954792,1994-01-05 11:13:00,2025-12-03 09:59:13,11.187887022713
"DERM","MR01",0,6,0,0,353,350,1075,58,1078,1070,1038,399,1076,446,109,112,104,349,7,0,0,0,0,0,".0000","NULL",25.770035,-80.1915094,1994-01-04 10:57:00,2025-12-02 10:17:54,11.2818795653684
"DERM","MR02",0,0,0,0,188,144,582,4,582,578,546,96,582,189,12,32,44,182,0,0,0,0,0,0,".0000","6.1370",25.7689853,-80.1978204,1994-01-04 11:10:00,2025-12-02 10:33:12,6.11101726044111
"DERM","MR03",0,0,0,0,332,325,1075,7,1078,1071,1037,399,1075,389,93,104,97,330,0,0,0,0,0,0,".0000","NULL",25.778711,-80.2072338,1994-01-04 11:23:00,2025-12-02 10:48:09,11.2505381620463
"DERM","MR04",0,0,0,0,208,164,654,4,653,649,615,99,654,207,12,32,44,202,0,0,0,0,0,0,".0000","6.1030",25.7827789485776,-80.2148393090779,1994-01-04 11:55:00,2025-12-02 10:57:34,6.86315089932988
"DERM","MR05",0,0,0,0,253,257,858,2,862,854,857,392,858,253,85,74,82,254,0,0,0,0,0,0,".0000","NULL",25.7859554803164,-80.2267012380104,1994-01-04 12:15:00,2025-12-02 11:09:47,8.96284049088259
"DERM","MR06",0,0,0,0,277,218,814,11,817,813,779,149,817,348,12,31,62,270,0,0,0,0,0,0,".0000","5.8490",25.7954165,-80.2443892,1994-01-04 12:25:00,2025-12-02 11:28:12,8.52409577247723
"DERM","MR07",0,0,0,0,321,310,1056,49,1062,1055,1024,391,1058,323,88,80,93,316,0,0,0,0,0,0,".0000","NULL",25.806793611258,-80.2595132556366,1994-01-04 13:07:00,2025-12-02 11:42:22,11.0938783373792
"DERM","MR08",0,0,0,0,336,434,1052,101,1085,1076,1045,397,1070,339,186,166,103,332,0,0,0,0,0,0,".0000","NULL",25.8103253445998,-80.2642400537166,1994-01-04 12:40:00,2025-12-02 10:05:22,11.3132959991343
"DERM","MR09",0,0,0,0,1,2,3,1,3,3,3,0,3,1,1,1,0,0,0,2,0,0,0,0,".1000","NULL",25.8087461,-80.2622009,1994-03-22 08:30:00,1994-03-22 09:10:00,NA
"DERM","MR10",0,0,0,0,30,38,80,9,86,86,86,0,86,30,11,9,0,29,0,2,0,0,0,0,".1000","NULL",25.8185457,-80.2897171,1994-03-22 10:00:00,1996-12-03 15:30:00,11.0992466288223
"DERM","MR11",0,0,0,0,31,0,93,11,93,93,93,93,93,31,11,30,31,31,0,0,0,0,0,0,".1000","3.3750",25.84160299,-80.306345,2023-05-02 10:45:00,2025-12-02 10:55:55,11.9816499120531
"DERM","MR12",0,0,0,0,22,43,69,8,69,69,74,46,69,23,11,2,1,23,0,0,0,0,0,0,".1000","NULL",25.8477942,-80.3143952,2012-10-02 10:50:00,2014-09-09 12:50:00,11.8808485562758
"DERM","MR15",0,0,0,0,332,445,1027,97,1063,1054,1033,381,1044,349,188,166,97,344,0,1,0,0,0,0,".0000","NULL",25.895954012295,-80.3794459350282,1994-01-04 13:29:00,2025-12-02 10:21:30,10.9685910083187
"DERM","MR16",0,0,0,0,2,2,9,1,9,9,9,0,9,2,1,1,0,1,0,2,0,0,0,0,".0000","NULL",25.9421087,-80.4400637,1994-03-22 12:30:00,1996-06-04 11:07:00,1.36127759320241
"DERM","MW01",0,3,0,0,265,264,870,50,868,865,834,195,870,266,49,32,53,259,0,0,0,0,0,0,".0000","NULL",25.4707250386331,-80.3698690003709,1994-01-05 12:00:00,2025-07-09 09:51:37,9.23605956219547
"DERM","MW02",0,0,0,0,31,0,93,11,93,93,93,93,93,31,11,28,31,31,7,0,0,0,0,0,".1000","5.3600",25.47039656,-80.34659179,2023-05-03 09:35:00,2025-12-03 09:20:33,11.9818732643068
"DERM","MW03",0,0,0,0,0,0,3,0,3,3,3,0,3,0,0,0,0,0,0,0,0,0,0,0,".1000","3.8000",25.4703495,-80.3717183,1994-03-24 08:30:00,1994-03-24 08:30:00,NA
"DERM","MW04",0,0,0,0,330,398,1083,98,1094,1087,1055,398,1086,328,175,156,99,322,0,0,0,0,0,0,".0000","NULL",25.4712872,-80.3792762,1994-01-05 10:30:00,2025-12-03 09:02:40,11.2505733441818
"DERM","MW05",0,0,0,0,313,373,1005,100,1030,1025,996,399,1025,312,171,162,94,303,0,0,0,0,0,0,".0000","NULL",25.5214298182745,-80.443492010379,1994-03-24 12:00:00,2025-12-03 09:36:03,10.9793640455365
"DERM","MW07",0,0,0,0,1,1,12,0,12,12,12,0,12,1,1,1,0,0,0,0,0,0,0,0,".1000","2.8000",25.4736586,-80.4113935,1994-03-24 09:30:00,2007-02-07 10:25:00,0.310650251942635
"DERM","MW13",0,0,0,0,354,470,1085,110,1116,1104,1100,401,1104,369,192,160,103,358,0,1,0,0,0,0,".0000","NULL",25.5173814867821,-80.5426461960359,1994-01-05 11:33:00,2025-12-03 09:13:49,11.3759630669038
"DERM","NNH",0,0,0,0,0,0,65,0,65,65,65,0,65,0,0,0,0,0,0,0,0,0,0,0,".0000","4.2000",25.6769452,-80.163283,1994-07-14 10:23:00,1998-12-10 10:58:00,4.99091844282889
"DERM","NO03",0,0,0,0,37,62,147,15,147,147,147,0,147,36,26,25,0,30,0,0,0,0,0,0,".0000","2.9000",25.4629671,-80.3671137,1997-01-08 11:12:00,2001-01-10 10:39:00,12.2334452151649
"DERM","NO03A",0,0,0,0,1,2,0,0,0,0,0,0,0,1,0,0,0,1,0,0,0,0,0,0,"1.0000","1.0000",25.46298,-80.36715,2006-02-08 10:12:00,2006-02-08 10:12:00,NA
"DERM","NO04",0,0,0,0,21,42,66,8,66,66,66,48,66,21,11,1,1,22,0,0,0,0,0,0,".1000","NULL",25.4628793,-80.3795134,2012-10-03 11:40:00,2014-09-10 11:25:00,11.3657968793741
"DERM","NO07",0,0,0,0,162,256,504,49,517,517,484,0,513,160,87,86,13,154,0,0,0,0,0,0,".0000","NULL",25.4626839,-80.4121686,1994-03-28 10:30:00,2010-03-03 11:31:00,11.1727146780189
"DERM","NO07A",0,0,0,0,159,149,495,56,521,513,527,421,508,150,85,78,85,158,0,0,0,0,0,0,".1000","NULL",25.4628912,-80.4038901,2010-04-07 12:25:00,2025-12-03 08:47:58,10.4104422166093
"DERM","OC01",0,0,0,0,32,0,96,11,96,96,96,96,96,32,10,28,32,32,0,0,0,0,0,0,".1000","2.4740",25.89776828,-80.24577639,2023-05-01 09:35:00,2025-12-01 10:20:49,12.3678375565177
"DERM","OL01",0,0,0,0,32,0,88,11,88,88,88,88,88,32,11,30,32,32,0,0,0,0,0,0,".1000","1.3290",25.93834799,-80.149601,2023-05-01 09:59:00,2025-12-01 10:05:00,12.3681994347468
"DERM","OL02",0,0,0,0,65,44,417,15,421,417,420,387,417,65,30,39,44,65,0,0,0,0,0,0,".1000","NULL",25.9473792895608,-80.1551064281448,2012-10-01 09:48:00,2025-12-01 10:17:39,10.4812402138392
"DERM","OL03",0,0,0,0,350,479,804,108,814,810,788,360,803,357,190,162,112,348,0,2,0,0,0,0,".0000","NULL",25.9637064,-80.1502022,1994-03-15 11:45:00,2025-12-01 10:34:17,11.0988039579509
"DERM","OL06",0,0,0,0,36,42,23,9,33,33,33,0,25,34,10,8,0,35,0,0,0,0,0,0,".0000","NULL",25.938785,-80.1504176,1994-03-15 09:45:00,1996-12-05 10:54:00,11.0009767769707
"DERM","OSC1",0,0,0,0,32,0,86,11,86,86,86,86,86,32,10,29,32,32,0,0,0,0,0,0,".1000","1.8110",25.89379183,-80.24288255,2023-05-01 09:20:00,2025-12-01 10:05:36,12.3678395256596
"DERM","OSC2",0,0,0,0,32,0,89,11,89,89,89,89,89,32,10,30,32,32,0,0,0,0,0,0,".1000","1.0770",25.89000799,-80.243468,2023-05-01 09:10:00,2025-12-01 09:35:00,12.3680267484798
"DERM","OSC3",0,0,0,0,32,0,96,11,96,96,96,96,96,32,10,30,32,32,0,0,0,0,0,0,".1000","2.2500",25.87967799,-80.236215,2023-05-01 08:49:00,2025-12-01 09:15:00,12.3680176598625
"DERM","PR01",0,3,0,0,258,258,847,48,846,843,814,176,846,271,47,29,50,248,0,0,0,0,0,0,".0000","NULL",25.5195379695021,-80.3319449605659,1994-01-05 12:25:00,2025-07-09 11:23:25,8.98211106454566
"DERM","PR02",0,0,0,0,29,0,90,10,90,90,90,87,90,29,10,27,29,29,7,0,0,0,0,0,".1000","4.9260",25.5192408,-80.3470538,1994-03-15 09:00:00,2025-12-03 10:26:01,0.945748619613724
"DERM","PR03",0,0,0,0,352,414,1089,108,1123,1119,1093,439,1113,344,201,165,109,342,0,0,0,0,0,0,".0000","NULL",25.5195180786069,-80.3639944458744,1994-01-05 11:31:00,2025-12-03 10:13:37,11.2505666741951
"DERM","PR04A",0,0,0,0,324,386,1028,99,1056,1051,1019,398,1041,321,175,169,97,317,0,0,0,0,0,0,".0000","NULL",25.5369070718487,-80.3895395121748,1994-03-15 10:30:00,2025-12-03 09:57:33,11.2229633097152
"DERM","PR07",0,0,0,0,30,38,80,9,86,86,86,0,85,30,9,9,0,32,0,0,0,0,0,0,".0000","NULL",25.5844898,-80.4715621,1994-03-15 12:00:00,2009-12-09 10:10:00,2.0334299463212
"DERM","PR08",0,0,0,0,330,431,1059,102,1092,1078,1065,387,1080,333,178,160,96,325,0,0,0,0,0,0,".0000","NULL",25.5870676,-80.5112166,1994-01-05 12:02:00,2025-12-03 11:33:11,11.3132111879162
"DERM","PR09",0,0,0,0,1,1,3,1,3,3,3,0,3,1,1,1,0,0,0,1,0,0,0,0,".1000","NULL",25.5870173,-80.5272385,1994-03-15 13:00:00,1994-03-15 13:00:00,NA
"DERM","SK01",0,3,0,0,327,319,1072,52,1074,1061,1034,392,1074,329,94,80,95,325,7,0,0,0,0,0,".0000","NULL",25.929376722949,-80.150406245571,1994-01-03 14:19:00,2025-12-01 12:12:19,11.1879222867682
"DERM","SK02",0,0,0,0,333,441,1072,100,1090,1082,1048,399,1078,334,183,162,100,329,0,0,0,0,0,0,".0000","NULL",25.9312135809005,-80.1524022859218,1994-01-03 13:55:00,2025-12-01 11:28:07,11.281952019324
"DERM","SK05",0,0,0,0,121,85,381,17,392,384,387,285,385,126,65,72,67,122,0,0,0,0,0,0,".0000","NULL",25.9596526,-80.2054001,1994-03-07 12:00:00,2025-12-01 10:51:34,4.19068747020889
"DERM","SK07",0,0,0,0,30,38,81,10,85,85,85,0,85,30,10,10,0,30,0,2,0,0,0,0,".1000","NULL",25.9618705,-80.26231,1994-03-08 10:00:00,1996-12-02 11:00:00,11.3222782384067
"DERM","SK09",0,0,0,0,335,425,1060,102,1086,1075,1053,397,1081,342,182,157,104,333,0,3,0,0,0,0,".0000","NULL",25.9642326282353,-80.3109502668235,1994-01-03 12:31:00,2025-12-01 11:04:03,11.250573087214
"DERM","SK10",0,0,0,0,66,0,236,0,242,235,236,236,236,71,45,60,69,70,0,0,0,0,0,0,".1000","3.4570",25.95683299,-80.430633,2018-04-03 09:25:00,2025-12-01 09:54:07,10.5698593349135
"DERM","SP01",0,3,0,0,337,325,1076,50,1082,1074,1041,397,1077,343,96,81,99,340,7,0,0,0,0,0,".0000","NULL",25.6581925732364,-80.2665255419628,1994-01-06 09:29:00,2025-12-04 09:12:26,11.2505259058888
"DERM","SP03",0,0,0,0,33,1,99,12,99,99,99,96,99,33,12,29,32,32,0,2,0,0,0,0,".1000","NULL",25.6891110465637,-80.2847299952124,1994-03-29 09:00:00,2025-12-04 10:30:00,1.04149182638563
"DERM","SP04",0,0,0,0,329,429,1041,103,1076,1064,1043,401,1058,331,181,160,101,324,0,0,0,0,0,0,".0000","NULL",25.6740799,-80.2840729,1994-01-06 12:45:00,2025-12-04 10:15:26,11.2506150625026
"DERM","SP05",0,0,0,0,32,0,96,11,96,96,96,96,96,32,11,29,32,32,0,0,0,0,0,0,".1000","3.8440",25.6919628,-80.30679828,2023-05-04 09:55:00,2025-12-04 10:46:10,12.3677889340581
"DERM","SP08",0,0,0,0,332,438,1045,103,1075,1070,1069,371,1064,339,180,160,95,325,0,2,0,0,0,0,".0000","NULL",25.7153942518545,-80.3829729970892,1994-01-06 11:05:00,2025-12-04 10:39:02,11.2505322071369
"DERM","SP15",0,0,0,0,1,1,1,1,1,1,1,0,1,1,1,1,0,0,0,1,0,0,0,0,".1000","NULL",25.8269242,-80.3862557,1994-03-29 12:15:00,1994-03-29 12:15:00,NA
"DERM","TCA1",0,0,0,0,0,0,14,0,14,14,14,0,14,0,0,0,0,0,0,0,0,0,0,0,".0000","1.1000",25.2184049,-80.5213583,1998-01-13 14:27:00,2001-12-11 12:52:00,1.79052389694708
"DERM","TCA2",0,0,0,0,0,0,22,0,22,22,22,0,22,0,0,0,0,0,0,0,0,0,0,0,".0000",".7000",25.2183931,-80.5177285,1996-01-19 12:44:00,2003-07-23 12:14:00,1.46527371500209
"DERM","TCA3",0,0,0,0,0,0,10,0,10,10,8,0,10,0,0,0,0,0,0,0,0,0,0,0,".0000",".8000",25.2151148,-80.5250008,1997-05-21 13:12:00,2004-03-11 13:17:00,0.73461281144854
"DERM","TCA4",0,0,0,0,0,0,14,0,14,14,14,0,14,0,0,0,0,0,0,0,0,0,0,0,".1000","1.0000",25.2151031,-80.5213712,1995-12-18 12:49:00,2003-09-23 12:18:00,0.901540693994259
"DERM","TCA5",0,0,0,0,0,0,22,0,22,21,16,0,22,0,0,0,0,0,0,0,0,0,0,0,".0000","1.0000",25.2150913,-80.5177415,1996-04-19 14:09:00,2004-05-13 11:47:00,1.36384402246247
"DERM","TCA6",0,0,0,0,0,0,14,0,14,14,10,0,14,0,0,0,0,0,0,0,0,0,0,0,".0000",".9000",25.2150794,-80.5141119,1996-08-19 15:26:00,2004-09-22 12:42:00,0.864969049514199
"DERM","TCA7",0,0,0,0,0,0,16,0,16,16,16,0,16,0,0,0,0,0,0,0,0,0,0,0,".0000","1.1000",25.2118012,-80.5213841,1996-02-23 15:17:00,2002-03-20 12:35:00,1.31806417781687
"DERM","TCA8",0,0,0,0,0,0,16,0,16,16,16,0,16,0,0,0,0,0,0,0,0,0,0,0,".0000","1.1000",25.2117894,-80.5177546,1996-07-22 16:38:00,2002-07-24 13:15:00,1.33250699793553
"DERM","TCA9",0,0,0,0,0,0,16,0,16,16,16,0,16,0,0,0,0,0,0,0,0,0,0,0,".0000","1.0000",25.2117775,-80.514125,1998-02-24 14:12:00,2003-03-17 13:49:00,1.58203858617859
"DERM","TCB1",0,0,0,0,0,0,6,0,6,6,6,0,6,0,0,0,0,0,0,0,0,0,0,0,".0000",".4000",25.2118475,-80.5359023,1996-08-19 13:52:00,2000-11-20 13:40:00,0.705119611323527
"DERM","TCB2",0,0,0,0,0,0,18,0,18,18,18,0,18,0,0,0,0,0,0,0,0,0,0,0,".0000",".5000",25.211836,-80.5322727,1996-06-21 11:30:00,2000-03-20 12:57:00,2.4028544061011
"DERM","TCB3",0,0,0,0,0,0,16,0,16,16,16,0,16,0,0,0,0,0,0,0,0,0,0,0,".0000",".8000",25.2118245,-80.5286432,1995-12-18 13:14:00,2003-07-23 12:03:00,1.05337128228417
"DERM","TCB4",0,0,0,0,0,0,22,0,22,22,20,0,22,0,0,0,0,0,0,0,0,0,0,0,".0000",".9000",25.2118129,-80.5250136,1996-04-19 13:48:00,2004-03-11 13:40:00,1.3936031017133
"DERM","TCB5",0,0,0,0,0,0,10,0,10,10,10,0,10,0,0,0,0,0,0,0,0,0,0,0,".1000",".8000",25.2085456,-80.5359148,1996-03-26 12:51:00,2001-05-30 14:11:00,0.965730485619437
"DERM","TCB6",0,0,0,0,0,0,29,0,29,28,24,0,28,0,0,0,0,0,0,0,0,0,0,0,".0000",".8000",25.2085341,-80.5322854,1996-01-19 11:41:00,2004-05-13 10:58:00,1.80401839644181
"DERM","TCB7",0,0,0,0,0,0,14,0,14,13,10,0,14,0,0,0,0,0,0,0,0,0,0,0,".1000","1.0000",25.208511,-80.5250265,1996-10-24 14:18:00,2004-09-22 12:32:00,0.884711115767558
"DERM","TCB8",0,0,0,0,0,0,14,0,14,14,14,0,14,0,0,0,0,0,0,0,0,0,0,0,".0000","1.0000",25.2052437,-80.5359273,1996-02-23 14:45:00,2002-09-23 12:20:00,1.06358448296532
"DERM","TCB9",0,0,0,0,0,0,12,0,12,12,12,0,12,0,0,0,0,0,0,0,0,0,0,0,".0000","1.0000",25.2052323,-80.532298,1998-07-22 12:59:00,2003-03-17 13:22:00,1.28986427192538
"DERM","TCC1",0,0,0,0,0,0,16,0,16,16,16,0,16,0,0,0,0,0,0,0,0,0,0,0,".0000",".8000",25.2117655,-80.5104955,1996-03-26 14:07:00,2000-01-13 13:39:00,2.10521681179491
"DERM","TCC2",0,0,0,0,0,0,8,0,8,8,8,0,8,0,0,0,0,0,0,0,0,0,0,0,".0000","1.0000",25.2084993,-80.521397,1996-08-19 15:04:00,2002-11-22 11:56:00,0.639144113654785
"DERM","TCC3",0,0,0,0,0,0,12,0,12,12,12,0,12,0,0,0,0,0,0,0,0,0,0,0,".1000","1.0000",25.2084875,-80.5177676,1998-03-26 13:18:00,2003-03-17 13:38:00,1.20609975157653
"DERM","TCC4",0,0,0,0,0,0,20,0,20,20,20,0,20,0,0,0,0,0,0,0,0,0,0,0,".0000","1.0000",25.2084756,-80.5141382,1996-07-22 16:53:00,2003-01-14 15:29:00,1.54313055173167
"DERM","TCC5",0,0,0,0,0,0,10,0,10,10,10,0,10,0,0,0,0,0,0,0,0,0,0,0,".1000",".8000",25.2084636,-80.5105087,1997-08-19 14:39:00,2003-07-23 12:30:00,0.843958227629956
"DERM","TCC6",0,0,0,0,0,0,23,0,24,23,21,0,24,0,0,0,0,0,0,0,0,0,0,0,".0000","1.2000",25.2051856,-80.5177806,1996-01-19 12:06:00,2004-03-11 13:53:00,1.22811322944324
"DERM","TCC7",0,0,0,0,0,0,10,0,10,10,11,0,10,0,0,0,0,0,0,0,0,0,0,0,".0000",".9000",25.2051737,-80.5141513,1996-06-21 12:46:00,2002-09-23 13:03:00,0.959076007691426
"DERM","TCC8",0,0,0,0,0,0,29,0,28,28,23,0,29,0,0,0,0,0,0,0,0,0,0,0,".0000","1.1000",25.2051618,-80.5105219,1996-05-17 12:50:00,2004-05-13 11:33:00,1.75243101658011
"DERM","TCC9",0,0,0,0,0,0,18,0,18,18,14,0,18,0,0,0,0,0,0,0,0,0,0,0,".0000","1.0000",25.2051497,-80.5068926,1995-12-18 13:42:00,2004-09-22 12:53:00,1.02695562168625
"DERM","TCD1",0,0,0,0,0,0,18,0,18,17,12,0,18,0,0,0,0,0,0,0,0,0,0,0,".1000","1.0000",25.2052207,-80.5286686,1996-05-17 12:09:00,2004-07-19 13:14:00,1.10123962856508
"DERM","TCD2",0,0,0,0,0,0,28,0,28,29,27,0,28,0,0,0,0,0,0,0,0,0,0,0,".0000","1.1000",25.2052091,-80.5250393,1996-03-26 13:18:00,2004-05-13 11:18:00,1.72176548163529
"DERM","TCD3",0,0,0,0,0,0,11,0,11,11,11,0,11,0,0,0,0,0,0,0,0,0,0,0,".0000","1.2000",25.2051974,-80.52141,1996-02-23 15:04:00,2002-05-28 12:46:00,0.798918006551018
"DERM","TCD4",0,0,0,0,0,0,12,0,12,12,12,0,12,0,0,0,0,0,0,0,0,0,0,0,".0000","1.2000",25.2019304,-80.5323106,1996-10-24 14:02:00,2003-01-14 14:18:00,0.964139589677911
"DERM","TCD5",0,0,0,0,0,0,14,0,14,14,14,0,14,0,0,0,0,0,0,0,0,0,0,0,".1000","1.2000",25.2019188,-80.5286814,1996-04-19 13:26:00,2003-03-17 13:08:00,0.868613102522307
"DERM","TCD6",0,0,0,0,0,0,8,0,8,8,6,0,8,0,0,0,0,0,0,0,0,0,0,0,".1000","1.2000",25.2019072,-80.5250521,1996-06-21 12:04:00,2004-09-22 12:19:00,0.484575440245162
"DERM","TCD7",0,0,0,0,0,0,26,0,26,26,26,0,26,0,0,0,0,0,0,0,0,0,0,0,".0000","1.2000",25.2018955,-80.5214229,1995-12-18 12:30:00,2003-07-23 12:43:00,1.58002369715111
"DERM","TCD8",0,0,0,0,0,0,22,0,22,22,20,0,22,0,0,0,0,0,0,0,0,0,0,0,".0000","1.1000",25.2018837,-80.5177936,1996-07-22 16:21:00,2004-03-11 14:09:00,1.4406174458943
"DERM","TCD9",0,0,0,0,0,0,11,0,11,11,11,0,11,0,0,0,0,0,0,0,0,0,0,0,".0000","1.2000",25.2018718,-80.5141644,1996-01-19 12:27:00,2002-11-22 13:12:00,0.730783178481662
"DERM","TM02",0,0,0,0,333,318,1056,52,1067,1062,1026,394,1063,334,93,78,99,329,0,0,0,0,0,0,".0000","NULL",25.7879380550096,-80.2559536129833,1994-01-04 12:42:00,2025-12-02 09:30:00,11.1566269884397
"DERM","TM03",0,0,0,0,178,276,536,49,543,541,510,0,547,176,96,84,13,171,0,0,0,0,0,0,".0000","NULL",25.7933861,-80.2648038,1994-01-04 12:10:00,2009-09-15 09:20:00,11.7228996953491
"DERM","TM03A",0,0,0,0,186,191,524,51,546,538,541,403,534,183,126,87,94,187,0,0,0,0,0,0,".1000","NULL",25.7937979,-80.2625108,2009-03-03 09:20:00,2025-12-02 09:45:00,10.7461283810512
"DERM","TM05",0,0,0,0,223,214,706,55,733,728,705,382,722,227,93,87,95,225,0,0,0,0,0,0,".0000","NULL",25.7626647364119,-80.3202660671203,2003-07-08 11:05:00,2025-12-02 08:30:00,10.9357725912759
"DERM","TM06",0,0,0,0,32,0,96,11,96,96,96,96,96,32,11,31,32,32,0,0,0,0,0,0,".1000","3.1250",25.76202873,-80.34838973,2023-05-02 08:30:00,2025-12-02 08:45:00,12.3681176353876
"DERM","TM07",0,0,0,0,5,12,15,2,15,15,15,0,15,6,5,4,0,6,0,0,0,0,0,0,".0000","2.5000",25.7615318,-80.4738156,2003-06-03 09:56:00,2003-11-04 11:16:00,11.8544897223224
"DERM","TM07A",0,0,0,0,32,0,96,11,96,96,96,96,96,32,11,30,32,32,0,0,0,0,0,0,".1000","2.8520",25.76129099,-80.392942,2023-05-02 09:20:00,2025-12-02 09:05:20,12.3683872744072
"DERM","TM08",0,0,0,0,337,439,1041,99,1060,1059,1042,369,1056,359,184,159,103,340,0,0,0,0,0,0,".0000","NULL",25.761678446341,-80.4812195929933,1994-01-04 12:24:00,2025-12-02 09:45:00,10.9058948256159
"DERM","WC02",0,0,0,0,351,337,1070,23,1074,1065,1045,390,1072,419,87,99,96,334,0,0,0,0,0,0,".0000","NULL",25.7841699081614,-80.2102850440338,1994-01-04 11:39:00,2025-12-02 08:34:21,11.5640268421729
"DERM","WC03",0,0,0,0,331,238,1038,8,1047,1037,1009,387,1049,387,61,75,96,332,0,0,0,0,0,0,".0000","NULL",25.7876107597181,-80.2149472113319,1994-01-04 11:10:00,2025-12-02 08:43:06,11.219274519247
"DERM","WC04",0,0,0,0,337,327,758,64,760,758,746,329,762,393,86,95,94,322,0,0,0,0,0,0,".0000","NULL",25.7944852526891,-80.2215155266867,1994-01-04 11:25:00,2025-12-02 09:01:24,11.4386435595843
"FKNMS","200",191,0,0,82,197,177,202,0,201,0,200,200,0,0,0,212,198,200,97,176,193,191,189,0,"NULL","NULL",25.59,-80.1,1995-03-29,2020-11-13,3.97986326247196
"FKNMS","200-W",0,0,0,0,154,0,82,0,82,0,86,0,0,133,0,151,166,149,76,0,131,0,0,0,".6600","7.7400",25.58999999,-80.1,2014-02-04 14:04:00,2025-08-18 11:08:22,4.07482720077472
"FKNMS","201",197,0,0,85,201,172,202,0,201,0,201,201,0,0,0,214,201,200,97,180,197,197,195,0,"NULL","NULL",25.51,-80.165,1995-03-29,2020-11-13,3.97986326247196
"FKNMS","201-W",0,0,0,0,84,0,81,0,81,0,85,0,0,84,0,84,84,80,40,0,84,0,0,0,".4800","4.3600",25.50999999,-80.165,2014-02-04 13:40:00,2025-08-18 10:43:19,4.07482790604762
"FKNMS","202",130,0,0,49,130,117,129,0,129,0,129,129,0,0,0,143,130,130,60,110,127,130,130,0,"NULL","NULL",25.4938,-80.1501,1995-03-29,2011-07-18,3.9867758186398
"FKNMS","203",131,0,0,81,140,121,200,0,199,0,199,199,0,0,0,150,140,150,97,133,135,132,131,0,"NULL","NULL",25.48053,-80.11768,1995-03-29,2020-11-13,3.97986326247196
"FKNMS","203-W",0,0,0,0,84,0,82,0,82,0,86,0,0,84,0,84,84,82,40,0,84,0,0,0,".6500","8.4210",25.48052999,-80.11768,2014-02-04 14:42:00,2025-08-18 11:34:33,4.07483513790757
"FKNMS","204",197,0,0,84,202,177,202,0,201,0,201,201,0,0,0,221,202,200,97,187,202,197,194,0,"NULL","NULL",25.43082,-80.19553,1995-03-29,2020-11-13,3.97986326247196
"FKNMS","204-W",0,0,0,0,84,0,81,0,81,0,85,0,0,84,0,84,84,81,40,0,84,0,0,0,".4000","4.6700",25.43081999,-80.19553,2014-02-04 13:18:00,2025-08-18 10:20:01,4.07482877924297
"FKNMS","205",128,0,0,49,129,116,128,0,128,0,128,128,0,0,0,139,130,130,60,108,127,127,127,0,"NULL","NULL",25.42798,-80.182,1995-03-29,2011-07-18,3.9867758186398
"FKNMS","206",197,0,0,84,203,178,200,0,199,0,199,199,0,0,0,221,204,201,101,174,197,196,193,0,"NULL","NULL",25.41497,-80.143,1995-03-29,2020-11-13,3.97986326247196
"FKNMS","206-W",0,0,0,0,84,0,82,0,82,0,86,0,0,84,0,84,84,80,39,0,84,0,0,0,".6500","9.8990",25.41496999,-80.143,2014-02-04 15:05:00,2025-08-18 11:51:39,4.07483910088815
"FKNMS","207",101,0,0,84,104,88,202,0,201,0,199,199,0,0,0,106,103,119,97,96,100,101,98,0,"NULL","NULL",25.36443,-80.21508,1995-03-29,2020-11-13,3.97986326247196
"FKNMS","207-W",0,0,0,0,42,0,82,0,82,0,86,0,0,42,0,42,42,41,40,0,42,0,0,0,".6500","4.6900",25.36442999,-80.21508,2014-02-04 12:49:00,2025-08-18 09:47:06,4.07483141002609
"FKNMS","208",128,0,0,49,128,121,124,0,125,0,123,123,0,0,0,141,130,130,62,119,128,128,128,0,"NULL","NULL",25.35918,-80.20052,1995-03-29,2011-07-18,3.9867758186398
"FKNMS","209",102,0,0,74,103,93,200,0,200,2,201,201,0,0,0,106,102,112,98,101,102,102,101,0,"NULL","NULL",24.5857,-81.72272,1995-04-06,2020-12-16,3.96926273172811
"FKNMS","209-W",0,0,0,0,42,0,82,0,82,0,86,0,0,42,0,42,42,41,39,0,42,0,0,0,".6500","6.9000",24.58569999,-81.72272,2014-02-20 12:25:00,2025-09-11 13:36:53,4.06693839909438
"FKNMS","210",195,0,0,86,200,181,199,0,198,0,195,195,0,0,0,222,204,202,101,171,194,192,192,0,"NULL","NULL",25.325,-80.1636,1995-03-29,2020-11-13,3.97986326247196
"FKNMS","210-W",0,0,0,0,84,0,82,0,82,0,86,0,0,84,0,84,84,82,40,0,84,0,0,0,".6500","7.8460",25.32499999,-80.1636,2014-02-04 15:33:00,2025-08-18 12:13:29,4.07484324299474
"FKNMS","211",200,0,0,85,201,178,200,0,199,0,199,199,0,0,0,223,202,200,98,196,203,198,194,0,"NULL","NULL",25.30788,-80.26165,1995-03-28,2020-11-13,3.97943815424055
"FKNMS","211-W",0,0,0,0,84,0,82,0,82,0,86,0,0,84,0,84,84,82,40,0,84,0,0,0,".6500","4.4100",25.30787999,-80.26165,2014-02-04 12:13:00,2025-08-22 10:52:00,4.070898503211
"FKNMS","212",200,0,0,85,200,179,200,0,199,0,197,197,0,0,0,219,204,201,97,170,201,197,194,0,"NULL","NULL",25.29452,-80.24542,1995-03-28,2020-11-13,3.97943815424055
"FKNMS","212-W",0,0,0,0,84,0,82,0,82,0,86,0,0,84,0,84,84,82,40,0,84,0,0,0,".6500","7.4100",25.29451999,-80.24542,2014-02-04 12:02:00,2025-08-22 10:40:07,4.07089909539226
"FKNMS","213",197,0,0,87,202,176,202,0,200,0,199,199,0,0,0,217,204,202,99,191,198,196,194,0,"NULL","NULL",25.26312,-80.18773,1995-03-28,2020-11-13,3.97943815424055
"FKNMS","213-W",0,0,0,0,148,0,80,0,80,0,84,0,0,113,0,142,168,132,76,0,124,0,0,0,".0010","9.9950",25.26311999,-80.18773,2014-02-04 16:03:00,2025-08-18 12:31:32,4.07485126974958
"FKNMS","214",136,0,0,75,136,123,192,0,193,0,191,191,0,0,0,149,140,148,99,134,138,132,132,0,"NULL","NULL",25.2462,-80.29918,1995-03-28,2020-11-13,3.97943815424055
"FKNMS","214-W",0,0,0,0,84,0,82,0,82,0,86,0,0,84,0,84,84,82,40,0,84,0,0,0,".6500","4.2780",25.24619999,-80.29918,2014-02-04 11:39:00,2025-08-22 11:10:09,4.07086354247576
"FKNMS","215",143,0,0,83,140,126,196,0,195,0,193,193,0,0,0,155,144,152,97,126,142,138,137,0,"NULL","NULL",25.23667,-80.28897,1995-03-28,2020-11-13,3.97943815424055
"FKNMS","215-W",0,0,0,0,84,0,82,0,82,0,86,0,0,84,0,84,84,82,39,0,84,0,0,0,".6250","4.7140",25.23666999,-80.28897,2014-02-04 11:28:00,2025-08-22 11:26:01,4.07084553161865
"FKNMS","216",119,0,0,78,131,114,185,0,184,0,184,184,0,0,0,147,132,141,88,127,129,119,119,0,"NULL","NULL",25.22,-80.217,1997-10-22,2020-11-13,4.03279710316989
"FKNMS","216-W",0,0,0,0,84,0,82,0,82,0,86,0,0,84,0,84,84,80,40,0,84,0,0,0,".6500","9.5900",25.21999999,-80.217,2014-02-05 11:56:00,2025-08-18 12:49:51,4.07564045299831
"FKNMS","216i",15,0,0,7,15,9,17,0,17,0,16,16,0,0,0,16,14,16,9,9,15,15,15,0,"NULL","NULL",25.2045,-80.24425,1995-03-28,1997-07-29,3.84923887587822
"FKNMS","217",136,0,0,87,137,122,200,0,199,0,199,199,0,0,0,152,139,148,97,131,136,133,133,0,"NULL","NULL",25.17332,-80.33985,1995-03-28,2020-11-13,3.97943815424055
"FKNMS","217-W",0,0,0,0,84,0,82,0,82,0,86,0,0,84,0,84,84,78,40,0,84,0,0,0,".6500","4.7700",25.17331999,-80.33985,2014-02-04 10:55:00,2025-08-22 11:47:19,4.07080913050939
"FKNMS","218",133,0,0,85,137,122,198,0,197,0,195,195,0,0,0,154,140,152,97,126,133,130,129,0,"NULL","NULL",25.15897,-80.29455,1995-03-28,2020-11-13,3.94042405468917
"FKNMS","218-W",0,0,0,0,80,0,78,0,78,0,82,0,0,80,0,80,80,78,38,0,80,0,0,0,".6500","7.4600",25.15896999,-80.29455,2014-02-05 11:31:00,2025-08-18 13:21:26,3.90217254109935
"FKNMS","219",175,0,0,78,184,165,183,0,182,0,182,182,0,0,0,204,184,179,89,169,175,175,175,0,"NULL","NULL",25.142,-80.258,1997-10-11,2020-11-13,4.02753734882618
"FKNMS","219-W",0,0,0,0,84,0,82,0,82,0,86,0,0,84,0,84,84,80,40,0,84,0,0,0,".6500","9.5340",25.14199999,-80.258,2014-02-05 12:29:00,2025-08-18 13:09:56,4.07564913245481
"FKNMS","219i",18,0,0,8,18,17,17,0,17,0,17,17,0,0,0,19,18,18,9,14,18,18,18,0,"NULL","NULL",25.12587,-80.26477,1995-03-28,1997-07-30,3.84473684210526
"FKNMS","220",201,0,0,85,199,178,198,0,197,0,197,197,0,0,0,227,203,200,96,176,196,196,196,0,"NULL","NULL",25.11355,-80.37342,1995-03-28,2020-11-14,3.97901313681512
"FKNMS","220-W",0,0,0,0,84,0,82,0,82,0,86,0,0,84,0,84,84,81,40,0,84,0,0,0,".6500","5.1390",25.11354999,-80.37342,2014-02-05 11:04:00,2025-08-22 12:03:16,4.07177002288954
"FKNMS","221",130,0,0,49,130,118,129,0,129,0,129,129,0,0,0,143,129,130,58,110,127,130,130,0,"NULL","NULL",25.11025,-80.36088,1995-03-28,2011-07-18,3.98610644728005
"FKNMS","222",193,0,0,88,201,175,202,0,201,0,201,201,0,0,0,227,203,200,95,182,195,192,191,0,"NULL","NULL",25.07237,-80.31277,1995-03-28,2020-11-15,3.9785882101666
"FKNMS","222-W",0,0,0,0,82,0,80,0,80,0,84,0,0,82,0,82,82,79,39,0,82,0,0,0,".6500","6.8900",25.07236999,-80.31277,2014-02-05 13:40:00,2025-08-18 13:47:55,3.98895490740306
"FKNMS","223",137,0,0,88,130,117,203,0,202,0,201,201,0,0,0,151,141,152,96,121,136,129,129,0,"NULL","NULL",25.06018,-80.42312,1995-03-28,2020-11-14,3.97901313681512
"FKNMS","223-W",0,0,0,0,84,0,82,0,82,0,86,0,0,84,0,84,84,81,40,0,84,0,0,0,".6460","4.0660",25.06017999,-80.42312,2014-02-05 10:35:00,2025-08-19 13:36:57,4.07458703037058
"FKNMS","224",132,0,0,86,138,125,201,0,198,0,199,199,0,0,0,155,142,154,97,122,131,131,130,0,"NULL","NULL",25.03082,-80.39527,1995-03-28,2020-11-15,3.9785882101666
"FKNMS","224-W",0,0,0,0,125,0,82,0,82,0,86,0,0,119,0,147,165,148,72,0,115,0,0,0,".6500","8.6040",25.03081999,-80.39527,2014-02-05 10:18:00,2025-08-18 14:22:14,4.07551252769704
"FKNMS","225",176,0,0,80,180,160,185,0,184,0,184,184,0,0,0,202,185,182,88,163,170,173,172,0,"NULL","NULL",25.017,-80.3674,1997-10-11,2020-11-15,4.02658250355619
"FKNMS","225-W",0,0,0,0,84,0,82,0,82,0,86,0,0,84,0,84,84,82,40,0,84,0,0,0,".2000","9.9300",25.01699999,-80.3674,2014-02-05 14:13:00,2025-08-18 14:07:36,4.07568026680935
"FKNMS","225i",18,0,0,9,18,16,18,0,18,0,18,18,0,0,0,19,18,18,9,14,18,18,18,0,"NULL","NULL",25.00667,-80.37,1995-03-28,1997-07-30,3.84473684210526
"FKNMS","226",138,0,0,82,140,118,199,0,199,0,197,197,0,0,0,150,140,152,92,133,136,138,138,0,"NULL","NULL",25.0084,-80.50148,1995-03-28,2020-11-14,3.97901313681512
"FKNMS","226-W",0,0,0,0,84,0,82,0,82,0,86,0,0,84,0,84,84,82,40,0,84,0,0,0,".6220","2.6900",25.00839999,-80.50148,2014-02-05 09:44:00,2025-08-19 13:05:21,4.0745740011942
"FKNMS","227",194,0,0,87,197,170,200,0,200,0,200,200,0,0,0,218,204,201,95,172,192,191,188,0,"NULL","NULL",25.00167,-80.4749,1995-03-28,2020-11-14,3.97901313681512
"FKNMS","227-W",0,0,0,0,82,0,80,0,80,0,84,0,0,82,0,82,82,80,39,0,82,0,0,0,".6600","9.5400",25.00166999,-80.4749,2014-02-05 09:58:00,2025-08-19 13:17:10,3.98788237247818
"FKNMS","228",196,0,0,89,199,171,204,0,204,0,202,202,0,0,0,217,204,201,96,173,190,193,192,0,"NULL","NULL",24.97667,-80.45,1995-03-28,2020-11-15,3.9785882101666
"FKNMS","228-W",0,0,0,0,84,0,82,0,82,0,86,0,0,84,0,84,84,80,40,0,84,0,0,0,".6000","7.8500",24.97666999,-80.45,2014-02-07 09:29:00,2025-08-19 08:39:33,4.07667774738691
"FKNMS","229",102,0,0,85,101,89,202,0,203,0,201,201,0,0,0,107,103,119,95,99,101,100,100,0,"NULL","NULL",24.95012,-80.56218,1995-03-27,2020-11-15,3.97816337426588
"FKNMS","229-W",0,0,0,0,42,0,82,0,82,0,86,0,0,42,0,42,42,43,40,0,42,0,0,0,".6520","3.1540",24.95011999,-80.56218,2014-02-07 14:04:00,2025-08-19 12:08:27,4.07672218680715
"FKNMS","230",197,0,0,88,203,179,198,0,198,0,198,198,0,0,0,227,204,200,95,192,199,196,196,0,"NULL","NULL",24.93965,-80.55162,1995-03-27,2020-11-15,3.97816337426588
"FKNMS","230-W",0,0,0,0,84,0,82,0,82,0,86,0,0,84,0,84,84,82,40,0,84,0,0,0,".6460","6.9000",24.93964999,-80.55162,2014-02-07 13:48:00,2025-08-19 12:15:29,4.07670670125118
"FKNMS","231",177,0,0,80,185,165,184,0,184,0,182,182,0,0,0,202,186,180,87,171,174,177,177,0,"NULL","NULL",24.925,-80.503,1997-10-23,2020-11-15,4.03231837606838
"FKNMS","231-W",0,0,0,0,81,0,80,0,80,0,84,0,0,81,0,82,82,79,39,0,81,0,0,0,".6390","9.2800",24.92499999,-80.503,2014-02-07 10:15:00,2025-08-19 09:14:06,3.98994745702395
"FKNMS","231i",18,0,0,9,18,15,16,0,16,0,15,15,0,0,0,18,18,18,9,15,17,18,18,0,"NULL","NULL",24.9175,-80.51533,1995-03-27,1997-07-30,3.8402453271028
"FKNMS","232",139,0,0,80,138,118,201,0,201,0,201,201,0,0,0,150,140,149,97,128,138,137,137,0,"NULL","NULL",24.92703,-80.59852,1995-03-27,2020-11-15,3.97816337426588
"FKNMS","232-W",0,0,0,0,84,0,82,0,82,0,86,0,0,84,0,84,84,81,40,0,84,0,0,0,".6000","3.7300",24.92702999,-80.59852,2014-02-07 13:14:00,2025-08-19 11:55:07,4.07669753547102
"FKNMS","233",130,0,0,50,130,117,126,0,126,0,126,126,0,0,0,141,130,130,61,102,126,130,129,0,"NULL","NULL",24.90185,-80.58238,1995-03-27,2011-07-15,3.98744541484716
"FKNMS","234",129,0,0,51,129,126,126,0,126,0,126,126,0,0,0,145,130,126,59,102,124,129,127,0,"NULL","NULL",24.86277,-80.56697,1995-03-27,2011-07-15,3.98744541484716
"FKNMS","235",138,0,0,87,140,117,197,0,197,0,197,197,0,0,0,155,140,147,100,135,137,138,138,0,"NULL","NULL",24.87123,-80.66865,1995-03-27,2020-11-15,3.97816337426588
"FKNMS","235-W",0,0,0,0,84,0,82,0,82,0,86,0,0,84,0,84,84,81,40,0,84,0,0,0,".6500","4.7200",24.87122999,-80.66865,2014-02-07 12:20:00,2025-08-19 11:02:57,4.16343452212293
"FKNMS","236",126,0,0,48,127,119,124,0,124,0,124,124,0,0,0,141,130,129,58,98,125,126,126,0,"NULL","NULL",24.8597,-80.6624,1995-03-27,2011-07-15,3.98744541484716
"FKNMS","237",196,0,0,87,198,178,200,0,200,0,199,199,0,0,0,229,204,200,98,159,187,194,193,0,"NULL","NULL",24.83265,-80.64907,1995-03-27,2020-11-15,3.97816337426588
"FKNMS","237-W",0,0,0,0,136,0,84,0,82,0,86,0,0,125,0,148,164,139,72,0,112,0,0,0,".6200","9.9970",24.83264999,-80.64907,2014-02-07 10:58:00,2025-08-19 09:58:38,4.16342238062163
"FKNMS","238",104,0,0,86,104,93,196,0,196,0,196,196,0,0,0,110,104,119,99,104,104,104,103,0,"NULL","NULL",24.83442,-80.74683,1995-03-24,2020-11-15,3.97688941076003
"FKNMS","238-W",0,0,0,0,42,0,82,0,82,0,86,0,0,42,0,42,42,42,40,0,42,0,0,0,".6500","4.4400",24.83441999,-80.74683,2014-02-07 12:00:00,2025-08-19 10:39:02,4.16343721134345
"FKNMS","239",198,0,0,89,195,182,203,0,203,0,202,202,0,0,0,225,202,198,96,159,190,191,190,0,"NULL","NULL",24.80223,-80.7162,1995-03-24,2020-11-15,3.97688941076003
"FKNMS","239-W",0,0,0,0,84,0,82,0,82,0,86,0,0,84,0,84,84,82,40,0,84,0,0,0,".6330","7.8100",24.80222999,-80.7162,2014-02-07 11:21:00,2025-08-19 10:21:12,4.1634226781505
"FKNMS","240",130,0,0,51,130,119,129,0,129,0,128,128,0,0,0,148,130,129,57,102,129,130,130,0,"NULL","NULL",24.78453,-80.7057,1995-03-24,2011-07-15,3.98543730065469
"FKNMS","241",103,0,0,80,100,93,196,0,197,0,195,195,0,0,0,109,103,117,100,95,103,100,100,0,"NULL","NULL",24.80247,-80.8089,1995-03-24,2020-12-13,3.96503831417625
"FKNMS","241-W",0,0,0,0,41,0,80,0,80,0,84,0,0,41,0,41,41,42,39,0,41,0,0,0,".6330","7.3070",24.80246999,-80.8089,2014-02-10 13:05:00,2025-09-10 10:02:19,4.05845505189405
"FKNMS","242",202,0,0,87,203,179,200,0,200,0,200,200,0,0,0,224,204,202,97,181,203,202,201,0,"NULL","NULL",24.7915,-80.81225,1995-03-24,2020-12-13,3.96503831417625
"FKNMS","242-W",0,0,0,0,84,0,82,0,82,0,86,0,0,84,0,84,84,81,40,0,84,0,0,0,".6340","5.4900",24.79149999,-80.81225,2014-02-10 13:13:00,2025-09-10 10:20:19,4.23114832033028
"FKNMS","243",178,0,0,79,177,163,186,0,186,0,186,186,0,0,0,205,186,184,87,162,175,171,168,0,"NULL","NULL",24.745,-80.78333,1997-10-23,2020-12-13,4.01896000946522
"FKNMS","243-W",0,0,0,0,82,0,79,0,80,0,84,0,0,82,0,82,82,80,39,0,82,0,0,0,".6130","9.3600",24.74499999,-80.78333,2014-02-10 13:31:00,2025-09-10 10:42:32,4.05844557932732
"FKNMS","243i",18,0,0,9,17,12,18,0,18,0,16,16,0,0,0,18,18,18,9,9,17,17,17,0,"NULL","NULL",24.72935,-80.79348,1995-03-24,1997-07-30,3.82683352735739
"FKNMS","244",194,0,0,82,190,163,187,0,187,0,187,187,0,0,0,213,196,192,94,183,192,188,187,0,"NULL","NULL",24.79333,-80.86333,1996-03-16,2020-12-13,3.96044478867006
"FKNMS","244-W",0,0,0,0,80,0,82,0,82,0,86,0,0,80,0,80,80,80,39,0,80,0,0,0,".5900","8.2610",24.79332999,-80.86333,2014-02-07 12:44:00,2025-09-10 14:28:31,3.969102744739
"FKNMS","244i",9,0,0,6,8,7,10,0,10,0,8,10,0,0,0,10,9,10,6,7,9,8,8,0,"NULL","NULL",24.77095,-80.89945,1995-03-24,1995-12-08,4.23069498069498
"FKNMS","245",120,0,0,47,120,110,122,0,122,0,122,122,0,0,0,134,120,122,59,102,119,119,119,0,"NULL","NULL",24.76167,-80.86167,1996-03-16,2011-07-15,3.97932666547598
"FKNMS","246",191,0,0,88,189,175,200,0,200,0,200,200,0,0,0,221,202,198,95,171,187,185,185,0,"NULL","NULL",24.71317,-80.85813,1995-03-24,2020-12-13,3.92616538952746
"FKNMS","246-W",0,0,0,0,83,0,81,0,81,0,85,0,0,83,0,83,83,81,40,0,83,0,0,0,".6220","9.9820",24.71316999,-80.85813,2014-02-10 14:03:00,2025-09-10 11:01:52,4.14480410464005
"FKNMS","247",134,0,0,86,137,118,196,0,196,0,196,196,0,0,0,146,138,149,97,130,133,133,133,0,"NULL","NULL",24.71318,-81.01115,1995-03-24,2020-12-13,3.88729246487867
"FKNMS","247-W",0,0,0,0,83,0,81,0,81,0,85,0,0,83,0,83,83,81,40,0,83,0,0,0,".6300","9.2760",24.71317999,-81.01115,2014-02-10 12:11:00,2025-09-10 13:56:10,4.1446092929564
"FKNMS","248",169,0,0,76,175,156,180,0,180,0,180,180,0,0,0,199,181,177,88,150,170,168,167,0,"NULL","NULL",24.69167,-80.96667,1997-10-23,2020-12-13,3.93253076194983
"FKNMS","248-W",0,0,0,0,83,0,81,0,81,0,85,0,0,83,0,83,83,81,40,0,83,0,0,0,".6520","9.2500",24.69166999,-80.96667,2014-02-10 14:30:00,2025-09-10 11:29:26,4.14480371903591
"FKNMS","248i",18,0,0,9,16,14,16,0,16,0,15,15,0,0,0,18,18,18,9,10,17,16,16,0,"NULL","NULL",24.68392,-80.9831,1995-03-24,1997-08-08,3.78715437788018
"FKNMS","249",166,0,0,76,170,153,180,0,180,0,180,180,0,0,0,196,180,180,87,152,168,163,161,0,"NULL","NULL",24.675,-80.9583,1998-01-27,2020-12-13,3.9777106270943
"FKNMS","249-W",0,0,0,0,125,0,83,0,83,0,87,0,0,107,0,151,161,143,74,0,105,0,0,0,".6500","9.1500",24.67499999,-80.9583,2014-02-10 14:45:00,2025-09-10 11:42:21,4.14480513669855
"FKNMS","249i",20,0,0,10,17,20,18,0,18,0,18,18,0,0,0,22,20,20,10,11,20,17,17,0,"NULL","NULL",24.6656,-80.97762,1995-03-24,1997-10-23,3.86917372881356
"FKNMS","250",134,0,0,86,137,119,198,0,200,0,200,200,0,0,0,151,139,149,99,130,135,133,132,0,"NULL","NULL",24.69193,-81.18245,1995-03-24,2020-12-13,3.92616538952746
"FKNMS","250-W",0,0,0,0,83,0,81,0,81,0,85,0,0,83,0,83,83,81,40,0,83,0,0,0,".6500","5.4120",24.69192999,-81.18245,2014-02-10 16:04:00,2025-09-10 13:09:25,4.23114964017074
"FKNMS","251",126,0,0,52,126,115,124,0,124,0,123,123,0,0,0,137,127,126,63,108,127,124,124,0,"NULL","NULL",24.64502,-81.16508,1995-03-24,2011-07-14,3.92478173270651
"FKNMS","252",190,0,0,89,193,168,198,0,198,0,196,196,0,0,0,220,202,200,95,172,190,186,185,0,"NULL","NULL",24.60693,-81.15442,1995-03-24,2020-12-13,3.92616538952746
"FKNMS","252-W",0,0,0,0,83,0,81,0,81,0,85,0,0,83,0,83,83,81,40,0,83,0,0,0,".6420","8.3700",24.60692999,-81.15442,2014-02-10 15:41:00,2025-09-10 12:43:16,4.14480179101627
"FKNMS","253",102,0,0,68,104,93,186,0,185,0,185,185,0,0,0,108,103,113,97,101,103,102,101,0,"NULL","NULL",24.64537,-81.30723,1995-03-23,2020-12-14,3.88646520536284
"FKNMS","253-W",0,0,0,0,42,0,82,0,82,0,86,0,0,42,0,42,42,41,40,0,42,0,0,0,".6010","20.5550",24.64536999,-81.30723,2014-02-24 14:31:00,2025-08-25 14:14:40,4.08733246689213
"FKNMS","254",98,0,0,83,101,91,193,0,192,0,189,189,0,0,0,102,100,115,99,95,100,98,97,0,"NULL","NULL",24.65792,-81.26502,1995-03-23,2020-12-13,3.84801000319251
"FKNMS","254-W",0,0,0,0,42,0,82,0,82,0,86,0,0,42,0,42,42,43,40,0,42,0,0,0,".6600","4.0200",24.65791999,-81.26502,2014-02-24 10:24:00,2025-08-25 10:47:04,4.08730583986088
"FKNMS","255",188,0,0,87,187,174,195,0,194,0,194,194,0,0,0,220,198,199,96,158,184,183,183,0,"NULL","NULL",24.62168,-81.24308,1995-03-23,2020-12-13,3.88687879110354
"FKNMS","255-W",0,0,0,0,84,0,82,0,82,0,86,0,0,84,0,84,84,82,40,0,84,0,0,0,".6500","9.9700",24.62167999,-81.24308,2014-02-24 09:41:00,2025-08-25 10:58:16,4.08726921136446
"FKNMS","256",191,0,0,86,191,172,195,0,194,0,194,194,0,0,0,218,200,198,93,162,186,185,184,0,"NULL","NULL",24.58497,-81.23408,1995-03-24,2020-12-13,3.88729246487867
"FKNMS","256-W",0,0,0,0,84,0,80,0,80,0,84,0,0,84,0,84,84,80,40,0,83,0,0,0,".1000","31.2300",24.58496999,-81.23408,2014-02-24 10:56:00,2025-08-25 11:12:43,4.17427417659557
"FKNMS","257",63,0,0,33,64,59,117,0,117,0,116,116,0,0,0,69,64,75,61,63,63,63,63,0,"NULL","NULL",24.63333,-81.33732,1995-03-23,2011-07-14,3.92412288064462
"FKNMS","258",124,0,0,52,128,113,124,0,124,0,124,124,0,0,0,139,127,128,63,112,124,124,123,0,"NULL","NULL",24.59323,-81.32422,1995-03-23,2011-07-14,3.92412288064462
"FKNMS","259",197,0,0,88,195,181,197,0,196,0,196,196,0,0,0,215,200,197,95,169,186,193,191,0,"NULL","NULL",24.57037,-81.32167,1995-03-23,2020-12-14,3.88646520536284
"FKNMS","259-W",0,0,0,0,139,0,84,0,84,0,88,0,0,121,0,151,166,140,74,0,115,0,0,0,".6300","9.7900",24.57036999,-81.32167,2014-02-24 11:17:00,2025-08-25 11:32:26,4.0873109985395
"FKNMS","260",100,0,0,79,100,90,195,0,194,0,194,194,0,0,0,108,101,114,98,100,100,100,99,0,"NULL","NULL",24.6255,-81.41662,1995-03-23,2020-12-14,3.88646520536284
"FKNMS","260-W",0,0,0,0,42,0,82,0,82,0,86,0,0,42,0,42,42,42,40,0,42,0,0,0,".6500","8.1430",24.62549999,-81.41662,2014-02-24 13:53:00,2025-08-25 13:36:15,4.08733274848273
"FKNMS","261",122,0,0,48,122,110,120,0,120,0,120,120,0,0,0,132,122,120,59,110,119,122,119,0,"NULL","NULL",24.58333,-81.5,1996-05-28,2011-07-14,4.03262443438914
"FKNMS","261i",4,0,0,2,4,3,4,0,4,0,4,4,0,0,0,4,4,4,2,4,4,4,4,0,"NULL","NULL",24.60065,-81.41487,1995-03-23,1995-07-28,5.75196850393701
"FKNMS","262",128,0,0,52,125,115,128,0,128,0,128,128,0,0,0,141,128,128,62,113,124,125,123,0,"NULL","NULL",24.58618,-81.41887,1995-03-23,2011-07-14,3.98543730065469
"FKNMS","263",193,0,0,85,189,174,193,0,192,0,192,192,0,0,0,216,198,195,96,158,186,188,187,0,"NULL","NULL",24.54843,-81.39742,1995-03-23,2020-12-14,3.92532985741647
"FKNMS","263-W",0,0,0,0,84,0,82,0,82,0,86,0,0,84,0,84,84,80,40,0,84,0,0,0,".6130","9.9900",24.54842999,-81.39742,2014-02-24 11:41:00,2025-08-25 11:52:12,4.08731385947169
"FKNMS","264",187,0,0,87,192,166,198,0,198,0,198,198,0,0,0,221,198,191,94,170,184,183,183,0,"NULL","NULL",24.94677,-80.45947,1995-03-28,2020-11-15,3.86157090986758
"FKNMS","264-W",0,0,0,0,84,0,82,0,82,0,86,0,0,84,0,83,84,79,40,0,84,0,0,0,".6520","9.9200",24.94676999,-80.45947,2014-02-07 09:58:00,2025-08-19 08:55:38,4.076686431262
"FKNMS","265",65,0,0,45,65,60,126,0,126,0,126,126,0,0,0,68,64,74,60,60,63,65,64,0,"NULL","NULL",24.81667,-81.08333,1995-08-15,2011-07-19,4.01856627127385
"FKNMS","266",101,0,0,82,100,85,187,0,186,0,185,185,0,0,0,103,101,114,96,95,97,100,99,0,"NULL","NULL",24.61105,-81.50527,1995-03-23,2020-12-14,3.84760055330921
"FKNMS","266-W",0,0,0,0,42,0,82,0,82,0,86,0,0,42,0,42,42,42,40,0,42,0,0,0,".6190","9.7600",24.61104999,-81.50527,2014-02-24 12:34:00,2025-08-25 13:16:53,4.08729244763154
"FKNMS","267",191,0,0,86,189,172,197,0,196,0,196,196,0,0,0,221,196,196,97,168,187,188,188,0,"NULL","NULL",24.53008,-81.4873,1995-03-23,2020-12-14,3.88646520536284
"FKNMS","267-W",0,0,0,0,134,0,86,0,86,0,90,0,0,123,0,153,166,148,76,0,117,0,0,0,".6500","9.9300",24.53007999,-81.4873,2014-02-24 12:11:00,2025-08-25 12:12:23,4.08732049369599
"FKNMS","268",138,0,0,83,139,125,192,0,191,0,191,191,0,0,0,153,140,151,98,135,141,135,134,0,"NULL","NULL",24.58782,-81.57698,1995-03-23,2020-12-14,3.88646520536284
"FKNMS","268-W",0,0,0,0,84,0,82,0,82,0,86,0,0,84,0,84,84,81,40,0,84,0,0,0,".6500","8.0100",24.58781999,-81.57698,2014-02-24 13:16:00,2025-08-25 12:57:23,4.08733401000906
"FKNMS","269",197,0,0,87,194,172,195,0,194,0,194,194,0,0,0,221,200,200,96,172,194,195,194,0,"NULL","NULL",24.55943,-81.55955,1995-03-23,2020-12-14,3.88646520536284
"FKNMS","269-W",0,0,0,0,84,0,82,0,82,0,86,0,0,84,0,84,84,82,40,0,84,0,0,0,".6180","8.7500",24.55942999,-81.55955,2014-02-24 13:06:00,2025-08-25 12:47:45,4.08733376220919
"FKNMS","270",197,0,0,87,188,177,197,0,196,0,196,196,0,0,0,220,200,196,100,173,191,190,189,0,"NULL","NULL",24.52162,-81.56432,1995-03-23,2020-12-14,3.92532985741647
"FKNMS","270-W",0,0,0,0,84,0,82,0,82,0,86,0,0,84,0,84,84,82,40,0,84,0,0,0,".6350","9.9820",24.52161999,-81.56432,2014-02-24 12:32:00,2025-08-25 12:35:25,4.08731911954249
"FKNMS","271",200,0,0,88,200,179,196,0,196,0,195,195,0,0,0,223,202,198,100,197,202,198,198,0,"NULL","NULL",24.55667,-81.66667,1995-03-22,2020-12-14,3.92491222470476
"FKNMS","271-W",0,0,0,0,84,0,82,0,82,0,86,0,0,84,0,84,84,82,40,0,84,0,0,0,".6530","8.6700",24.55666999,-81.66667,2014-02-25 13:42:00,2025-08-26 11:33:27,4.08740830627278
"FKNMS","272",195,0,0,90,195,186,200,0,200,0,200,200,0,0,0,222,202,201,99,167,194,190,190,0,"NULL","NULL",24.50548,-81.65433,1995-03-22,2020-12-14,3.96377274178104
"FKNMS","272-W",0,0,0,0,82,0,80,0,80,0,84,0,0,82,0,82,82,80,39,0,82,0,0,0,".6500","9.6000",24.50547999,-81.65433,2014-02-25 13:26:00,2025-08-26 11:49:18,4.00042110461654
"FKNMS","273",181,0,0,79,182,176,182,0,182,0,182,182,0,0,0,204,184,180,90,164,180,179,179,0,"NULL","NULL",24.4929,-81.6571,1997-10-29,2020-12-14,3.97809873327809
"FKNMS","273-W",0,0,0,0,84,0,82,0,82,0,86,0,0,84,0,84,84,80,39,0,84,0,0,0,".6500","9.7570",24.49289999,-81.6571,2014-02-25 13:12:00,2025-08-26 12:02:41,4.08736827426326
"FKNMS","273i",18,0,0,9,18,14,18,0,18,0,16,16,0,0,0,19,17,18,9,10,18,18,18,0,"NULL","NULL",24.49103,-81.65048,1995-03-22,1997-08-07,3.78279631760644
"FKNMS","274",127,0,0,50,128,120,123,0,123,0,122,122,0,0,0,143,125,128,62,116,128,127,127,0,"NULL","NULL",24.54167,-81.75,1995-03-22,2011-07-14,3.92346424974824
"FKNMS","275",199,0,0,88,198,186,197,0,197,0,197,197,0,0,0,224,202,200,100,173,195,196,195,0,"NULL","NULL",24.52143,-81.74422,1995-03-22,2020-12-16,3.92407722582704
"FKNMS","275-W",0,0,0,0,84,0,82,0,82,0,86,0,0,84,0,84,84,82,39,0,84,0,0,0,".6370","9.9900",24.52142999,-81.74422,2014-02-25 14:02:00,2025-08-26 11:09:15,4.08743817872774
"FKNMS","276",197,0,0,88,198,181,199,0,199,0,198,198,0,0,0,222,200,198,100,169,192,194,194,0,"NULL","NULL",24.47538,-81.73742,1995-03-22,2020-12-15,3.92449468085106
"FKNMS","276-W",0,0,0,0,84,0,82,0,82,0,86,0,0,84,0,84,84,82,40,0,84,0,0,0,".6390","9.9550",24.47537999,-81.73742,2014-02-25 12:40:00,2025-08-26 12:29:56,4.08732823177428
"FKNMS","277",127,0,0,53,128,118,124,0,126,0,124,124,0,0,0,143,127,128,64,115,127,127,126,0,"NULL","NULL",24.51762,-81.8211,1995-03-22,2011-07-14,3.92346424974824
"FKNMS","278",198,0,0,89,198,175,197,0,197,0,197,197,0,0,0,223,200,200,101,176,197,194,194,0,"NULL","NULL",24.49862,-81.81895,1995-03-22,2020-12-16,3.92407722582704
"FKNMS","278-W",0,0,0,0,140,0,84,0,84,0,88,0,0,125,0,157,166,159,76,0,133,0,0,0,".6310","9.7100",24.49861999,-81.81895,2014-02-25 11:37:00,2025-08-26 13:12:41,4.08725676548421
"FKNMS","279",126,0,0,52,128,118,124,0,124,0,124,124,0,0,0,139,126,124,64,100,128,126,126,0,"NULL","NULL",24.45803,-81.81297,1995-03-22,2011-07-14,3.92346424974824
"FKNMS","280",199,0,0,88,200,178,197,0,198,0,198,198,0,0,0,231,201,198,100,175,198,197,196,0,"NULL","NULL",24.45363,-81.84365,1995-03-22,2020-12-16,3.92407722582704
"FKNMS","280-W",0,0,0,0,84,0,82,0,82,0,86,0,0,84,0,84,84,82,41,0,84,0,0,0,".6500","32.7600",24.45362999,-81.84365,2014-02-25 12:10:00,2025-08-26 12:53:13,4.0872922223635
"FKNMS","281",193,0,0,83,192,180,187,0,188,0,188,188,0,0,0,221,197,195,99,173,192,190,190,0,"NULL","NULL",24.495,-81.89167,1995-12-09,2020-12-15,3.95707485226527
"FKNMS","281-W",0,0,0,0,84,0,81,0,80,0,84,0,0,84,0,83,84,82,40,0,84,0,0,0,".6500","8.6500",24.49499999,-81.89167,2014-02-11 09:29:00,2025-09-03 08:21:12,4.06606855614903
"FKNMS","282",100,0,0,75,101,93,197,0,199,0,199,199,0,0,0,111,103,111,94,90,102,98,98,0,"NULL","NULL",24.86667,-80.885,1995-03-26,2020-11-16,3.93832070033095
"FKNMS","282-W",0,0,0,0,41,0,80,0,80,0,82,0,0,41,0,41,41,40,39,0,41,0,0,0,".6540","2.5600",24.86666999,-80.885,2014-02-12 12:55:00,2025-09-15 11:33:11,3.96922407746727
"FKNMS","283",63,0,0,43,63,58,126,0,126,0,126,126,0,0,0,68,64,75,62,52,62,63,63,0,"NULL","NULL",24.9,-81,1995-03-26,2011-07-19,3.92280583990602
"FKNMS","284",98,0,0,67,98,93,201,0,201,0,201,201,0,0,0,105,102,113,96,84,100,96,96,0,"NULL","NULL",24.87667,-80.95833,1995-03-26,2020-11-16,3.97731397459165
"FKNMS","284-W",0,0,0,0,42,0,81,0,81,0,85,0,0,42,0,42,42,40,40,0,42,0,0,0,".6150","2.1300",24.87666999,-80.95833,2014-02-12 12:40:00,2025-09-15 11:52:02,4.05548903592979
"FKNMS","285",99,0,0,79,100,92,199,0,199,0,199,199,0,0,0,107,101,111,96,96,100,98,98,0,"NULL","NULL",24.80998,-80.92028,1995-03-26,2020-11-16,3.93832070033095
"FKNMS","285-W",0,0,0,0,42,0,82,0,82,0,86,0,0,42,0,42,42,41,40,0,42,0,0,0,".6500","3.0500",24.80997999,-80.92028,2014-02-12 13:12:00,2025-09-15 17:36:54,4.05528088761793
"FKNMS","286",65,0,0,41,65,57,126,0,126,0,126,126,0,0,0,69,64,74,61,62,63,65,63,0,"NULL","NULL",24.78333,-80.92395,1995-03-26,2011-07-19,3.92280583990602
"FKNMS","287",100,0,0,76,101,93,197,0,197,0,197,197,0,0,0,107,102,113,96,94,101,99,99,0,"NULL","NULL",24.84667,-81.00833,1995-03-26,2020-11-16,3.97731397459165
"FKNMS","287-W",0,0,0,0,42,0,82,0,82,0,86,0,0,42,0,42,42,41,40,0,42,0,0,0,".5400","3.1900",24.84666999,-81.00833,2014-02-12 12:26:00,2025-09-15 12:04:11,4.05547163767372
"FKNMS","288",98,0,0,83,99,91,197,0,197,0,197,197,0,0,0,110,103,114,101,82,96,97,97,0,"NULL","NULL",24.88333,-81.08333,1995-03-26,2020-11-16,3.97731397459165
"FKNMS","288-W",0,0,0,0,41,0,82,0,82,0,84,0,0,41,0,41,41,41,39,0,41,0,0,0,".6500","3.6010",24.88332999,-81.08333,2014-02-12 12:01:00,2025-09-15 12:29:20,3.96915235134712
"FKNMS","289",101,0,0,78,101,93,196,0,196,0,196,196,0,0,0,105,101,112,96,98,100,101,101,0,"NULL","NULL",24.77775,-81.033,1995-03-26,2020-11-16,3.93832070033095
"FKNMS","289-W",0,0,0,0,41,0,80,0,80,0,82,0,0,41,0,41,41,40,39,0,41,0,0,0,".6600","2.9200",24.77774999,-81.033,2014-05-24 19:50:00,2025-09-15 17:18:15,3.97789670825022
"FKNMS","290",94,0,0,80,98,85,195,0,195,0,195,195,0,0,0,101,100,111,100,82,96,93,93,0,"NULL","NULL",24.86267,-81.21623,1995-03-26,2020-11-16,3.89932742607025
"FKNMS","290-W",0,0,0,0,42,0,82,0,82,0,86,0,0,42,0,42,42,41,40,0,42,0,0,0,".6330","3.7000",24.86266999,-81.21623,2014-02-12 11:36:00,2025-09-15 12:56:23,4.05540364286184
"FKNMS","291",98,0,0,83,99,91,201,0,201,0,199,199,0,0,0,112,102,118,98,83,99,96,96,0,"NULL","NULL",24.81682,-81.14678,1995-03-26,2020-11-16,3.97731397459165
"FKNMS","291-W",0,0,0,0,60,0,82,0,82,0,84,0,0,56,0,74,80,73,74,0,63,0,0,0,".6440","3.8930",24.81681999,-81.14678,2014-02-12 11:14:00,2025-09-15 12:36:43,4.05540209049549
"FKNMS","292",101,0,0,81,101,88,199,0,199,0,199,199,0,0,0,107,102,114,96,94,99,100,100,0,"NULL","NULL",24.76312,-81.11248,1995-03-26,2020-11-16,3.97731397459165
"FKNMS","292-W",0,0,0,0,42,0,82,0,82,0,84,0,0,42,0,42,42,41,40,0,42,0,0,0,".6350","3.0200",24.76311999,-81.11248,2014-02-12 10:43:00,2025-09-15 16:50:19,4.05521275506736
"FKNMS","293",65,0,0,41,65,56,121,0,121,0,121,121,0,0,0,71,65,76,63,62,65,65,65,0,"NULL","NULL",24.73753,-81.1093,1995-03-26,2011-07-19,3.98409968115456
"FKNMS","294",99,0,0,78,102,90,199,0,199,0,199,199,0,0,0,107,102,115,98,99,101,99,99,0,"NULL","NULL",24.7555,-81.17218,1995-03-26,2020-11-16,3.97731397459165
"FKNMS","294-W",0,0,0,0,42,0,82,0,82,0,86,0,0,42,0,42,42,42,40,0,42,0,0,0,".6500","3.3500",24.75549999,-81.17218,2014-02-12 10:57:00,2025-09-15 16:29:15,4.05523608286274
"FKNMS","295",96,0,0,80,95,90,197,0,197,0,197,197,0,0,0,105,100,113,99,87,95,93,93,0,"NULL","NULL",24.85163,-81.35123,1995-04-05,2020-12-11,3.89309315710936
"FKNMS","295-W",0,0,0,0,41,0,82,0,82,0,86,0,0,41,0,42,42,42,40,0,41,0,0,0,".0120","3.5900",24.85162999,-81.35123,2014-02-19 12:22:00,2025-09-15 13:38:38,4.06212347931084
"FKNMS","296",98,0,0,71,97,89,195,0,195,0,195,195,0,0,0,107,101,122,96,86,97,95,95,0,"NULL","NULL",24.79152,-81.28908,1995-03-26,2020-12-11,3.92783752129472
"FKNMS","296-W",0,0,0,0,69,0,82,0,82,0,85,0,0,70,0,79,83,77,74,0,72,0,0,0,".0210","6.6800",24.79151999,-81.28908,2014-02-19 11:56:00,2025-09-15 13:21:27,4.14854562805255
"FKNMS","297",65,0,0,39,65,61,122,0,122,0,122,122,0,0,0,67,65,72,64,63,64,65,65,0,"NULL","NULL",24.74077,-81.21118,1995-03-26,2011-07-19,3.98409968115456
"FKNMS","298",64,0,0,44,65,61,127,0,127,1,125,125,0,0,0,68,65,74,65,56,65,64,64,0,"NULL","NULL",24.84085,-81.43112,1995-04-05,2011-07-25,3.9867758186398
"FKNMS","298-W",0,0,0,0,0,0,4,0,4,0,4,0,0,0,0,0,0,1,0,0,0,0,0,0,".6700","3.5300",24.84084999,-81.43112,2014-05-25 16:10:00,2015-09-24 11:46:00,1.50056489438187
"FKNMS","299",65,0,0,36,65,61,123,0,123,1,121,121,0,0,0,70,65,74,63,64,64,65,65,0,"NULL","NULL",24.68737,-81.34182,1995-04-05,2011-07-25,3.9867758186398
"FKNMS","300",65,0,0,37,65,60,127,0,127,1,125,125,0,0,0,69,65,74,61,60,64,65,65,0,"NULL","NULL",24.70882,-81.30923,1995-03-26,2011-07-25,3.9800922045264
"FKNMS","301",100,0,0,76,100,92,199,0,199,1,197,197,0,0,0,105,102,113,102,88,97,99,99,0,"NULL","NULL",24.77258,-81.39665,1995-04-05,2020-12-11,3.97095502025155
"FKNMS","301-W",0,0,0,0,42,0,82,0,82,0,86,0,0,42,0,42,42,41,40,0,42,0,0,0,".0320","2.9400",24.77257999,-81.39665,2014-02-19 17:59:00,2025-09-15 15:35:59,4.06227010246246
"FKNMS","302",99,0,0,77,100,90,199,0,199,1,197,197,0,0,0,107,102,113,102,88,99,97,97,0,"NULL","NULL",24.80128,-81.48227,1995-04-05,2020-12-11,3.97095502025155
"FKNMS","302-W",0,0,0,0,42,0,82,0,82,0,86,0,0,42,0,42,42,42,40,0,42,0,0,0,".0200","6.2700",24.80127999,-81.48227,2014-02-19 12:56:00,2025-09-15 13:58:31,4.0621329023031
"FKNMS","303",63,0,0,41,63,59,124,0,124,2,124,124,0,0,0,67,63,72,61,63,63,63,62,0,"NULL","NULL",24.69242,-81.39198,1995-04-05,2011-07-26,3.86345701813298
"FKNMS","304",64,0,0,39,65,62,127,0,127,1,125,125,0,0,0,70,65,74,62,63,65,64,64,0,"NULL","NULL",24.7122,-81.45157,1995-04-05,2011-07-25,3.9867758186398
"FKNMS","305",99,0,0,77,100,89,200,0,200,1,198,198,0,0,0,107,102,113,101,86,98,97,97,0,"NULL","NULL",24.76852,-81.555,1995-04-05,2020-12-11,3.97095502025155
"FKNMS","305-W",0,0,0,0,42,0,82,0,82,0,86,0,0,42,0,42,42,42,40,0,42,0,0,0,".0300","5.8300",24.76851999,-81.555,2014-02-19 13:42:00,2025-09-15 14:17:49,4.06215072489443
"FKNMS","306",64,0,0,42,64,57,127,0,127,1,125,125,0,0,0,67,65,72,64,59,63,64,64,0,"NULL","NULL",24.7377,-81.59247,1995-04-05,2011-07-25,3.9867758186398
"FKNMS","307",99,0,0,76,101,89,200,0,200,1,198,198,0,0,0,107,102,113,102,88,100,98,97,0,"NULL","NULL",24.72503,-81.52052,1995-04-05,2020-12-11,3.97095502025155
"FKNMS","307-W",0,0,0,0,42,0,82,0,82,0,86,0,0,42,0,42,42,41,40,0,42,0,0,0,".6500","3.9700",24.72502999,-81.52052,2014-02-19 16:31:00,2025-09-15 14:30:30,4.14868603037195
"FKNMS","308",65,0,0,40,65,62,126,0,127,1,125,125,0,0,0,68,64,74,63,61,64,65,65,0,"NULL","NULL",24.6943,-81.4882,1995-04-05,2011-07-25,3.9867758186398
"FKNMS","309",100,0,0,80,99,92,201,0,201,2,199,199,0,0,0,104,102,112,102,89,98,98,98,0,"NULL","NULL",24.69772,-81.68318,1995-04-06,2020-12-16,3.96926273172811
"FKNMS","309-W",0,0,0,0,42,0,82,0,82,0,86,0,0,42,0,42,42,41,40,0,42,0,0,0,".6440","5.1400",24.69771999,-81.68318,2014-02-19 14:08:00,2025-09-11 12:56:16,4.15258333968974
"FKNMS","310",102,0,0,75,101,91,201,0,201,2,199,199,0,0,0,106,102,118,101,96,102,101,101,0,"NULL","NULL",24.65752,-81.63265,1995-04-06,2020-12-16,3.96926273172811
"FKNMS","310-W",0,0,0,0,75,0,82,0,82,0,86,0,0,77,0,80,83,78,77,0,75,0,0,0,".6500","2.4100",24.65751999,-81.63265,2014-02-19 15:34:00,2025-09-11 13:12:31,4.06611783644949
"FKNMS","311",64,0,0,41,64,60,128,0,128,2,124,124,0,0,0,69,65,73,61,63,63,64,64,0,"NULL","NULL",24.61762,-81.65008,1995-04-06,2011-07-26,3.9867758186398
"FKNMS","312",99,0,0,72,100,90,200,0,199,2,197,197,0,0,0,102,102,113,101,92,101,97,97,0,"NULL","NULL",24.65978,-81.76343,1995-04-06,2020-12-16,3.96926273172811
"FKNMS","312-W",0,0,0,0,42,0,82,0,82,0,86,0,0,42,0,41,42,41,40,0,42,0,0,0,".3830","5.9190",24.65977999,-81.76343,2014-02-19 14:28:00,2025-09-11 12:37:55,4.06609683560538
"FKNMS","313",63,0,0,40,65,61,128,0,128,2,126,126,0,0,0,67,65,73,65,59,64,63,63,0,"NULL","NULL",24.64157,-81.7321,1995-04-06,2011-07-26,3.9867758186398
"FKNMS","314",100,0,0,75,100,96,199,0,199,1,197,197,0,0,0,106,102,113,99,96,101,99,99,0,"NULL","NULL",24.75043,-81.43578,1995-04-05,2020-12-11,3.97095502025155
"FKNMS","314-W",0,0,0,0,42,0,82,0,82,0,86,0,0,42,0,42,42,41,39,0,42,0,0,0,".0500","6.8470",24.75042999,-81.43578,2014-02-19 17:30:00,2025-09-15 15:19:06,4.0622620139378
"FKNMS","315",99,0,0,77,100,90,201,0,201,2,198,198,0,0,0,103,102,113,102,89,100,95,95,0,"NULL","NULL",24.63325,-81.82827,1995-04-06,2020-12-16,3.96926273172811
"FKNMS","315-W",0,0,0,0,42,0,82,0,82,0,86,0,0,42,0,42,42,41,40,0,42,0,0,0,".6470","3.8700",24.63324999,-81.82827,2014-02-20 11:27:00,2025-09-11 12:21:01,4.06695035353958
"FKNMS","316",100,0,0,77,102,87,199,0,201,2,198,198,0,0,0,108,102,112,101,102,102,98,98,0,"NULL","NULL",24.58577,-81.8024,1995-04-06,2020-12-16,3.96926273172811
"FKNMS","316-W",0,0,0,0,42,0,82,0,82,0,86,0,0,42,0,42,42,41,40,0,42,0,0,0,".6500","7.2320",24.58576999,-81.8024,2014-02-20 11:51:00,2025-09-11 12:07:41,4.06697533320416
"FKNMS","317",103,0,0,79,104,92,202,0,202,2,200,200,0,0,0,107,104,114,99,99,104,101,101,0,"NULL","NULL",24.575,-81.78833,1995-04-06,2020-12-16,4.00817707223524
"FKNMS","317-W",0,0,0,0,41,0,82,0,82,0,86,0,0,41,0,42,42,41,40,0,41,0,0,0,".6500","3.9500",24.57499999,-81.78833,2014-02-20 12:04:00,2025-09-11 11:13:01,4.06702060962835
"FKNMS","318",190,0,0,85,189,182,198,0,198,0,198,198,0,0,0,218,200,194,99,151,187,181,180,0,"NULL","NULL",24.65083,-81.90467,1995-08-10,2020-12-15,3.98425855923966
"FKNMS","318-W",0,0,0,0,84,0,80,0,80,0,84,0,0,83,0,85,84,80,39,0,84,0,0,0,".1000","9.2100",24.65082999,-81.90467,2014-02-11 16:09:00,2025-09-03 13:59:26,4.23913581811831
"FKNMS","319",196,0,0,86,197,182,201,0,201,0,201,201,0,0,0,217,204,199,101,165,197,187,187,0,"NULL","NULL",24.629,-82.07133,1995-05-26,2020-12-15,3.99094804499197
"FKNMS","319-W",0,0,0,0,84,0,82,0,82,0,86,0,0,84,0,84,85,82,40,0,84,0,0,0,".6600","8.6700",24.62899999,-82.07133,2014-02-11 15:00:00,2025-09-03 13:35:28,4.06607974749899
"FKNMS","320",122,0,0,48,122,106,120,0,120,0,116,116,0,0,0,132,122,118,59,98,122,122,122,0,"NULL","NULL",24.65167,-82.96667,1995-11-29,2011-07-13,3.90539000876424
"FKNMS","320i",4,0,0,2,4,4,4,0,4,0,4,4,0,0,0,4,4,2,2,2,4,4,4,0,"NULL","NULL",24.586,-82.06033,1995-05-26,1995-08-09,9.74
"FKNMS","321",123,0,0,45,123,113,115,0,117,0,114,114,0,0,0,133,124,120,61,108,123,123,123,0,"NULL","NULL",24.64167,-82.94,1995-11-29,2011-07-13,3.96941279579316
"FKNMS","321i",4,0,0,2,4,3,4,0,4,0,4,4,0,0,0,4,4,2,2,4,4,4,4,0,"NULL","NULL",24.55,-82.02833,1995-05-27,1995-08-09,9.87162162162162
"FKNMS","322",197,0,0,87,201,177,201,0,199,0,198,198,0,0,0,222,202,199,100,177,200,190,190,0,"NULL","NULL",24.45833,-81.98167,1995-05-27,2020-12-15,3.99137561602743
"FKNMS","322-W",0,0,0,0,84,0,82,0,82,0,86,0,0,84,0,84,84,82,40,0,84,0,0,0,".6500","9.8470",24.45832999,-81.98167,2014-02-11 10:02:00,2025-09-03 08:46:49,4.0660734941574
"FKNMS","323",130,0,0,51,130,120,130,0,130,0,129,129,0,0,0,142,128,128,62,100,129,130,130,0,"NULL","NULL",24.705,-82.17,1995-05-26,2011-07-13,4.02940427698574
"FKNMS","324",198,0,0,88,201,185,202,0,203,0,203,203,0,0,0,225,202,200,101,186,199,192,192,0,"NULL","NULL",24.65333,-82.15833,1995-05-26,2020-12-15,3.99094804499197
"FKNMS","324-W",0,0,0,0,84,0,81,0,82,0,86,0,0,84,0,84,84,82,40,0,84,0,0,0,".6210","9.9700",24.65332999,-82.15833,2014-02-11 14:33:00,2025-09-03 13:14:24,4.06607577924434
"FKNMS","325",195,0,0,89,204,179,200,0,201,0,201,201,0,0,0,227,202,200,100,181,197,191,191,0,"NULL","NULL",24.54167,-82.1,1995-05-27,2020-12-15,3.99137561602743
"FKNMS","325-W",0,0,0,0,136,0,84,0,84,0,88,0,0,133,0,164,166,160,72,0,132,0,0,0,".6500","8.9570",24.54166999,-82.1,2014-02-11 05:25:00,2025-09-03 09:20:38,4.0658656288701
"FKNMS","326",130,0,0,51,129,124,128,0,128,0,126,126,0,0,0,139,130,128,61,100,130,129,129,0,"NULL","NULL",24.70833,-82.25,1995-05-26,2011-07-13,4.02940427698574
"FKNMS","327",130,0,0,50,130,118,128,0,128,0,128,128,0,0,0,140,130,128,64,113,129,130,130,0,"NULL","NULL",24.61667,-82.22333,1995-05-26,2011-07-13,4.02940427698574
"FKNMS","328",199,0,0,89,199,179,204,0,204,0,204,204,0,0,0,220,202,201,98,173,192,194,194,0,"NULL","NULL",24.454,-82.224,1995-05-27,2020-12-15,3.99137561602743
"FKNMS","328-W",0,0,0,0,84,0,82,0,82,0,86,0,0,84,0,84,84,82,40,0,84,0,0,0,".6450","5.5670",24.45399999,-82.224,2014-02-11 10:41:00,2025-09-03 09:53:19,4.06605510208774
"FKNMS","329",120,0,0,47,122,111,121,0,121,0,119,119,0,0,0,133,122,120,56,93,122,120,121,0,"NULL","NULL",24.71667,-82.54167,1995-11-29,2011-07-13,3.96941279579316
"FKNMS","329i",4,0,0,2,4,4,4,0,4,0,4,4,0,0,0,4,4,4,2,2,4,4,4,0,"NULL","NULL",24.69667,-82.33667,1995-05-26,1995-08-10,9.61184210526316
"FKNMS","330",197,0,0,86,198,187,199,0,201,0,201,201,0,0,0,224,202,200,101,181,195,194,194,0,"NULL","NULL",24.66533,-82.374,1995-05-26,2020-12-15,3.99094804499197
"FKNMS","330-W",0,0,0,0,84,0,82,0,82,0,86,0,0,84,0,84,84,82,40,0,84,0,0,0,".6300","9.8100",24.66532999,-82.374,2014-02-11 13:26:00,2025-09-03 12:23:41,4.06606488887743
"FKNMS","331",130,0,0,53,129,117,130,0,130,0,130,130,0,0,0,145,128,128,63,107,128,129,129,0,"NULL","NULL",24.50683,-82.28767,1995-05-27,2011-07-12,4.03077249575552
"FKNMS","332",194,0,0,88,198,178,202,0,202,0,201,201,0,0,0,224,202,201,101,175,192,193,194,0,"NULL","NULL",24.5355,-82.36733,1995-05-27,2020-12-15,3.99137561602743
"FKNMS","332-W",0,0,0,0,82,0,82,0,82,0,86,0,0,82,0,83,83,82,40,0,82,0,0,0,".6500","9.9800",24.53549999,-82.36733,2014-02-11 11:35:00,2025-09-03 10:46:50,4.06605542534086
"FKNMS","333",194,0,0,86,192,176,202,0,202,0,201,201,0,0,0,221,204,198,97,163,187,187,187,0,"NULL","NULL",24.57717,-82.49133,1995-05-26,2020-12-15,3.99094804499197
"FKNMS","333-W",0,0,0,0,83,0,82,0,82,0,86,0,0,83,0,83,83,82,40,0,83,0,0,0,".6500","19.4000",24.57716999,-82.49133,2014-02-11 12:17:00,2025-09-03 11:27:41,4.06605619446056
"FKNMS","334",128,0,0,52,130,124,129,0,129,0,127,127,0,0,0,143,130,128,63,110,129,128,128,0,"NULL","NULL",24.51217,-82.45033,1995-05-27,2011-07-12,4.03077249575552
"FKNMS","335",202,0,0,88,193,177,204,0,204,0,204,204,0,0,0,223,204,201,99,162,189,192,192,0,"NULL","NULL",24.46083,-82.38317,1995-05-27,2020-12-15,3.99137561602743
"FKNMS","335-W",0,0,0,0,83,0,82,0,82,0,86,0,0,83,0,83,83,82,40,0,83,0,0,0,".6500","18.5400",24.46082999,-82.38317,2014-02-11 11:12:00,2025-09-03 10:25:17,4.06605445558165
"FKNMS","336",130,0,0,49,129,120,128,0,128,0,128,128,0,0,0,141,130,126,60,97,128,129,129,0,"NULL","NULL",24.65483,-82.64633,1995-05-26,2011-07-13,4.02940427698574
"FKNMS","337",196,0,0,85,193,175,200,0,200,0,198,198,0,0,0,218,200,195,96,175,190,191,191,0,"NULL","NULL",24.59133,-82.58783,1995-05-26,2020-12-15,3.91269416175683
"FKNMS","337-W",0,0,0,0,83,0,80,0,80,0,84,0,0,83,0,83,83,80,40,0,83,0,0,0,".6500","9.9020",24.59132999,-82.58783,2014-02-11 12:40:00,2025-09-03 11:49:29,3.97954514602012
"FKNMS","338",124,0,0,50,124,115,120,0,120,0,120,120,0,0,0,140,121,122,61,104,123,124,123,0,"NULL","NULL",24.6368,-82.877,1995-11-29,2011-07-12,3.97010869565217
"FKNMS","338i",4,0,0,2,2,2,4,0,4,0,4,4,0,0,0,4,4,4,2,2,4,2,2,0,"NULL","NULL",24.56683,-82.54517,1995-05-26,1995-08-10,9.61184210526316
"FKNMS","339",130,0,0,52,128,119,128,0,128,0,127,127,0,0,0,142,128,126,59,109,129,128,128,0,"NULL","NULL",24.42833,-82.51083,1995-05-27,2011-07-12,4.03077249575552
"FKNMS","340",130,0,0,53,128,121,130,0,130,0,129,129,0,0,0,140,128,128,58,98,130,128,128,0,"NULL","NULL",24.485,-82.65333,1995-05-26,2011-07-12,4.03008827024274
"FKNMS","341",124,0,0,47,123,119,120,0,120,0,118,118,0,0,0,135,122,120,61,111,124,123,123,0,"NULL","NULL",24.69833,-82.88333,1995-11-29,2011-07-13,3.96941279579316
"FKNMS","341i",4,0,0,2,3,2,4,0,4,0,3,3,0,0,0,5,4,4,2,0,4,3,3,0,"NULL","NULL",24.44717,-82.5945,1995-05-27,1995-08-09,9.87162162162162
"FKNMS","342",126,0,0,51,125,121,128,0,128,0,126,126,0,0,0,141,126,125,54,103,127,123,123,0,"NULL","NULL",24.706,-82.74567,1995-05-26,2011-07-13,3.96741344195519
"FKNMS","343",124,0,0,51,126,114,128,0,128,0,125,125,0,0,0,136,128,124,59,100,127,122,122,0,"NULL","NULL",24.755,-82.855,1995-05-26,2011-07-13,3.96741344195519
"FKNMS","344",129,0,0,53,128,117,130,0,130,0,129,129,0,0,0,138,130,128,58,89,128,127,126,0,"NULL","NULL",24.56333,-82.805,1995-05-26,2011-07-12,4.03008827024274
"FKNMS","345",130,0,0,51,129,123,128,0,128,0,127,127,0,0,0,142,130,128,56,97,130,129,129,0,"NULL","NULL",24.379,-82.70467,1995-05-26,2011-07-12,4.03008827024274
"FKNMS","346",126,0,0,51,126,115,126,0,126,0,125,125,0,0,0,134,126,124,59,98,125,126,126,0,"NULL","NULL",24.66667,-83.08333,1995-05-26,2011-07-13,3.90542260692464
"FKNMS","347",124,0,0,49,125,119,122,0,122,0,121,121,0,0,0,136,126,120,57,91,123,124,124,0,"NULL","NULL",24.654,-82.99667,1995-05-26,2011-07-13,3.90542260692464
"FKNMS","348",123,0,0,49,123,115,123,0,124,0,122,122,0,0,0,137,124,122,60,108,123,122,121,0,"NULL","NULL",24.64167,-82.855,1995-11-29,2011-07-12,3.97010869565217
"FKNMS","348i",4,0,0,2,4,3,4,0,4,0,3,3,0,0,0,4,4,4,2,4,4,4,4,0,"NULL","NULL",24.52833,-82.85333,1995-05-26,1995-08-09,9.74
"FKNMS","349",124,0,0,49,124,114,124,0,124,0,124,124,0,0,0,144,124,122,60,114,122,124,124,0,"NULL","NULL",24.63795,-82.93113,1995-11-29,2011-07-13,3.96941279579316
"FKNMS","349i",3,0,0,2,2,1,4,0,4,0,3,3,0,0,0,4,4,4,2,2,3,2,2,0,"NULL","NULL",24.55,-83,1995-05-26,1995-08-09,9.74
"FKNMS","350",130,0,0,52,129,116,128,0,128,0,125,125,0,0,0,143,130,126,56,99,130,129,129,0,"NULL","NULL",24.45,-82.86667,1995-05-26,2011-07-12,4.03008827024274
"FKNMS","351",62,0,0,11,61,60,100,0,100,17,100,100,0,0,0,69,62,60,61,48,58,61,61,0,"NULL","NULL",24.69167,-81.79167,1995-05-31,2011-07-10,3.60035690006798
"FKNMS","352",60,0,0,9,61,59,98,0,98,17,96,96,0,0,0,65,61,58,61,51,58,60,60,0,"NULL","NULL",24.77583,-81.783,1995-05-31,2011-07-10,3.60035690006798
"FKNMS","353",61,0,0,10,60,57,100,0,100,17,98,98,0,0,0,66,61,59,61,49,57,60,60,0,"NULL","NULL",24.85833,-81.77667,1995-05-31,2011-07-10,3.60035690006798
"FKNMS","354",60,0,0,10,61,58,98,0,98,17,96,96,0,0,0,66,61,58,61,43,57,60,60,0,"NULL","NULL",24.94133,-81.76867,1995-05-31,2011-07-10,3.60035690006798
"FKNMS","355",61,0,0,8,61,57,98,0,98,17,96,96,0,0,0,64,61,58,61,43,60,61,61,0,"NULL","NULL",25.02467,-81.7625,1995-05-31,2011-07-10,3.60035690006798
"FKNMS","356",61,0,0,8,61,58,98,0,98,17,96,96,0,0,0,67,61,59,61,45,58,61,61,0,"NULL","NULL",25.10767,-81.75383,1995-05-31,2011-07-10,3.60035690006798
"FKNMS","357",60,0,0,7,60,57,98,0,98,17,96,96,0,0,0,71,61,58,61,47,58,60,60,0,"NULL","NULL",25.19117,-81.74533,1995-05-31,2011-07-10,3.60035690006798
"FKNMS","358",61,0,0,8,61,59,100,0,100,17,97,97,0,0,0,67,61,59,61,45,59,61,61,0,"NULL","NULL",25.27467,-81.73817,1995-05-31,2011-07-10,3.60035690006798
"FKNMS","359",60,0,0,9,60,59,102,0,102,17,100,100,0,0,0,70,61,59,61,47,59,59,59,0,"NULL","NULL",25.35833,-81.73,1995-05-31,2011-07-10,3.60035690006798
"FKNMS","360",59,0,0,9,59,57,98,0,98,15,96,96,0,0,0,62,59,57,59,46,58,59,59,0,"NULL","NULL",25.44117,-81.721,1995-05-31,2011-07-10,3.4762066621346
"FKNMS","361",58,0,0,9,59,58,98,0,98,15,96,96,0,0,0,63,59,57,59,46,57,58,58,0,"NULL","NULL",25.52467,-81.715,1995-05-31,2011-07-10,3.4762066621346
"FKNMS","362",59,0,0,9,59,57,98,0,98,15,96,96,0,0,0,61,59,57,59,46,58,59,59,0,"NULL","NULL",25.60867,-81.70667,1995-05-31,2011-07-10,3.4762066621346
"FKNMS","363",59,0,0,9,59,58,98,0,98,15,96,96,0,0,0,62,59,57,59,50,58,59,59,0,"NULL","NULL",25.692,-81.69833,1995-05-31,2011-07-10,3.4762066621346
"FKNMS","364",60,0,0,9,60,60,100,0,100,16,98,98,0,0,0,63,60,58,60,49,59,60,60,0,"NULL","NULL",25.69167,-81.53333,1995-05-31,2011-07-09,3.53888322284549
"FKNMS","365",60,0,0,9,60,59,98,0,98,16,96,96,0,0,0,65,60,58,59,50,60,60,60,0,"NULL","NULL",25.6085,-81.53933,1995-05-31,2011-07-09,3.53888322284549
"FKNMS","366",60,0,0,9,59,59,100,0,100,16,98,98,0,0,0,63,60,58,59,48,59,59,59,0,"NULL","NULL",25.526,-81.54883,1995-05-31,2011-07-09,3.53888322284549
"FKNMS","367",60,0,0,9,59,58,100,0,100,16,98,98,0,0,0,61,60,58,59,45,58,59,59,0,"NULL","NULL",25.4425,-81.555,1995-05-31,2011-07-09,3.53888322284549
"FKNMS","368",61,0,0,9,61,59,102,0,102,17,100,100,0,0,0,66,61,59,60,49,58,61,61,0,"NULL","NULL",25.3585,-81.56333,1995-05-31,2011-07-09,3.60096889342172
"FKNMS","369",61,0,0,9,61,61,102,0,102,17,100,100,0,0,0,66,61,59,60,49,60,61,61,0,"NULL","NULL",25.2755,-81.572,1995-05-31,2011-07-09,3.60096889342172
"FKNMS","370",61,0,0,9,61,60,102,0,102,17,100,100,0,0,0,64,61,59,60,47,61,61,61,0,"NULL","NULL",25.19183,-81.57917,1995-05-31,2011-07-09,3.60096889342172
"FKNMS","371",60,0,0,8,61,59,99,0,99,17,95,95,0,0,0,62,61,58,60,45,57,60,60,0,"NULL","NULL",25.10833,-81.58683,1995-05-31,2011-07-09,3.60096889342172
"FKNMS","372",61,0,0,10,61,60,101,0,101,17,99,99,0,0,0,68,61,59,60,50,60,61,61,0,"NULL","NULL",25.025,-81.59533,1995-05-31,2011-07-09,3.60096889342172
"FKNMS","373",61,0,0,10,61,59,99,0,99,17,97,97,0,0,0,65,61,59,60,45,59,61,61,0,"NULL","NULL",24.94217,-81.603,1995-05-31,2011-07-09,3.60096889342172
"FKNMS","374",60,0,0,9,60,60,96,0,96,16,95,95,0,0,0,63,60,57,59,51,60,60,60,0,"NULL","NULL",24.85883,-81.61083,1995-05-31,2011-07-09,3.53888322284549
"FKNMS","375",61,0,0,10,61,60,100,0,100,17,98,98,0,0,0,65,61,59,60,53,61,61,61,0,"NULL","NULL",24.77567,-81.61783,1995-05-31,2011-07-09,3.60096889342172
"FKNMS","376",61,0,0,9,61,58,100,0,100,17,98,98,0,0,0,63,61,59,60,51,61,61,61,0,"NULL","NULL",24.84333,-81.43833,1995-05-31,2011-07-08,3.60158109486569
"FKNMS","377",61,0,0,10,61,57,100,0,100,17,98,98,0,0,0,62,61,58,61,46,60,61,61,0,"NULL","NULL",24.935,-81.43167,1995-05-31,2011-07-08,3.60158109486569
"FKNMS","378",61,0,0,10,61,59,100,0,100,17,98,98,0,0,0,66,61,59,61,54,59,61,61,0,"NULL","NULL",25.01667,-81.41583,1995-05-31,2011-07-08,3.60158109486569
"FKNMS","379",60,0,0,8,61,56,94,0,94,17,92,92,0,0,0,65,61,57,61,53,60,60,60,0,"NULL","NULL",25.1,-81.40883,1995-05-31,2011-07-08,3.60158109486569
"FKNMS","380",60,0,0,10,61,54,100,0,100,17,96,96,0,0,0,63,61,59,61,55,60,60,60,0,"NULL","NULL",25.18333,-81.4,1995-05-31,2011-07-08,3.60158109486569
"FKNMS","381",61,0,0,9,61,56,98,0,98,17,96,96,0,0,0,62,61,58,61,54,61,61,61,0,"NULL","NULL",25.26667,-81.395,1995-05-31,2011-07-08,3.60158109486569
"FKNMS","382",60,0,0,8,61,58,98,0,98,17,96,96,0,0,0,60,61,57,61,54,61,60,59,0,"NULL","NULL",25.35,-81.38667,1995-05-31,2011-07-08,3.60158109486569
"FKNMS","383",61,0,0,7,61,60,96,0,96,16,92,92,0,0,0,62,61,57,61,51,61,61,60,0,"NULL","NULL",25.4325,-81.37783,1995-05-31,2011-07-08,3.60158109486569
"FKNMS","384",59,0,0,9,61,59,96,0,96,17,94,94,0,0,0,63,61,59,61,48,59,59,58,0,"NULL","NULL",25.5155,-81.37,1995-05-31,2011-07-08,3.60158109486569
"FKNMS","385",61,0,0,8,60,61,98,0,98,17,96,96,0,0,0,60,60,58,61,51,59,60,60,0,"NULL","NULL",25.60017,-81.36317,1995-05-31,2011-07-07,3.60219350450604
"FKNMS","386",61,0,0,9,61,61,100,0,100,17,96,96,0,0,0,60,61,59,61,52,58,61,60,0,"NULL","NULL",25.5555,-81.3405,1995-05-31,2011-07-07,3.60219350450604
"FKNMS","387",61,0,0,9,61,60,100,0,100,17,96,96,0,0,0,64,61,59,61,54,60,61,60,0,"NULL","NULL",25.50883,-81.31683,1995-05-31,2011-07-07,3.60219350450604
"FKNMS","388",61,0,0,8,61,60,96,0,96,17,92,92,0,0,0,64,61,58,61,53,59,61,60,0,"NULL","NULL",25.425,-81.297,1995-05-31,2011-07-07,3.60219350450604
"FKNMS","389",61,0,0,10,61,58,97,0,97,17,96,96,0,0,0,66,61,59,61,50,60,61,60,0,"NULL","NULL",25.34167,-81.277,1995-05-31,2011-07-07,3.60219350450604
"FKNMS","390",61,0,0,10,61,58,98,0,98,17,96,96,0,0,0,65,61,59,61,53,61,61,60,0,"NULL","NULL",25.26,-81.26017,1995-05-31,2011-07-07,3.60219350450604
"FKNMS","391",60,0,0,10,61,61,98,0,98,17,96,96,0,0,0,63,61,59,61,55,59,60,60,0,"NULL","NULL",25.175,-81.23867,1995-05-31,2011-07-07,3.60219350450604
"FKNMS","392",60,0,0,10,61,57,100,0,100,17,98,98,0,0,0,67,61,59,61,52,59,60,60,0,"NULL","NULL",25.09167,-81.24833,1995-05-31,2011-07-07,3.60219350450604
"FKNMS","393",61,0,0,10,61,57,100,0,100,17,98,98,0,0,0,66,61,59,61,49,60,61,61,0,"NULL","NULL",25.00833,-81.25333,1995-05-31,2011-07-07,3.60219350450604
"FKNMS","394",61,0,0,10,61,60,99,0,99,17,97,97,0,0,0,62,61,59,60,49,59,61,61,0,"NULL","NULL",24.925,-81.26,1995-05-31,2011-07-07,3.60219350450604
"FKNMS","395",60,0,0,10,60,58,97,0,97,16,95,95,0,0,0,63,60,58,60,51,60,60,60,0,"NULL","NULL",24.87833,-81.19167,1995-05-31,2011-07-07,3.54008671994559
"FKNMS","396",59,0,0,10,60,55,89,0,89,16,89,89,0,0,0,63,60,55,60,48,59,59,59,0,"NULL","NULL",24.83333,-81.12833,1995-05-31,2011-07-07,3.54008671994559
"FKNMS","397",60,0,0,10,60,57,97,0,97,16,95,95,0,0,0,62,60,58,60,48,59,60,60,0,"NULL","NULL",24.91667,-81.11833,1995-05-31,2011-07-07,3.54008671994559
"FKNMS","398",59,0,0,9,60,58,91,0,91,16,89,89,0,0,0,61,60,57,60,51,60,59,59,0,"NULL","NULL",25,-81.11,1995-05-31,2011-07-07,3.54008671994559
"FKNMS","399",61,0,0,10,61,58,99,0,99,17,97,97,0,0,0,61,61,59,61,51,60,61,60,0,"NULL","NULL",25.08333,-81.09933,1995-05-31,2011-07-07,3.60219350450604
"FKNMS","400",176,0,0,75,180,164,182,0,181,0,181,181,0,0,0,195,184,180,88,169,179,173,172,0,"NULL","NULL",25.1073,-80.3064,1997-10-11,2020-11-14,4.02705986959099
"FKNMS","400-W",0,0,0,0,83,0,81,0,80,0,84,0,0,83,0,82,83,82,39,0,83,0,0,0,".6500","9.3700",25.10729999,-80.3064,2014-02-05 12:55:00,2025-08-18 13:35:58,4.07564911005617
"FKNMS","401",179,0,0,80,181,162,186,0,186,0,186,186,0,0,0,195,184,177,87,149,173,177,176,0,"NULL","NULL",24.853,-80.622,1997-10-23,2020-11-15,4.03231837606838
"FKNMS","401-W",0,0,0,0,83,0,82,0,82,0,86,0,0,83,0,83,83,81,40,0,83,0,0,0,".6500","5.4500",24.85299999,-80.622,2014-02-07 10:45:00,2025-08-19 09:44:28,4.163423181661
"FKNMS","402",173,0,0,79,175,159,184,0,184,0,184,184,0,0,0,194,183,181,88,154,165,168,167,0,"NULL","NULL",24.63,-81.112,1997-10-28,2020-12-13,3.97809873327809
"FKNMS","402-W",0,0,0,0,82,0,81,0,81,0,85,0,0,82,0,82,82,81,40,0,82,0,0,0,".6500","6.5700",24.62999999,-81.112,2014-02-10 15:24:00,2025-09-10 12:23:09,4.14480391183797
"FKNMS","403",179,0,0,79,179,157,182,0,182,0,182,182,0,0,0,200,183,173,88,165,175,175,175,0,"NULL","NULL",24.483,-81.7,1997-10-29,2020-12-16,3.9771570600071
"FKNMS","403-W",0,0,0,0,83,0,80,0,80,0,84,0,0,83,0,82,83,77,39,0,83,0,0,0,".1000","8.6600",24.48299999,-81.7,2014-02-25 12:56:00,2025-08-26 12:17:13,4.0873476390486
"FKNMS","404",30,0,0,15,30,30,30,0,30,0,30,30,0,0,0,34,30,30,15,28,30,30,30,0,"NULL","NULL",24.64133,-82.895,2008-01-09,2011-07-13,4.27693208430913
"FKNMS","500",39,0,0,34,39,34,73,0,72,0,72,72,0,0,0,40,39,41,35,37,37,39,39,0,"NULL","NULL",25.08534722,-80.43345833,2011-12-01,2020-11-14,4.13153469886885
"FKNMS","500-W",0,0,0,0,41,0,78,0,78,0,82,0,0,41,0,41,41,40,39,0,41,0,0,0,".6600","2.9560",25.08534999,-80.43346,2014-02-05 10:48:00,2025-08-19 13:49:21,3.90120073404523
"FKNMS","501",37,0,0,33,37,33,70,0,69,0,69,69,0,0,0,38,37,37,37,37,37,37,37,0,"NULL","NULL",25.110525,-80.43421111,2011-11-30,2020-11-13,4.13153469886885
"FKNMS","501-W",0,0,0,0,42,0,80,0,80,0,84,0,0,42,0,42,42,40,40,0,42,0,0,0,".6500","2.3300",25.11052999,-80.43421,2014-02-05 08:30:00,2025-08-19 14:35:56,3.98777275711132
"FKNMS","502",35,0,0,33,35,32,72,0,72,0,72,72,0,0,0,36,36,37,35,35,36,34,34,0,"NULL","NULL",24.92650278,-80.62067222,2011-12-01,2020-11-15,4.01864303178484
"FKNMS","502-W",0,0,0,0,42,0,80,0,80,0,84,0,0,42,0,42,42,40,40,0,43,0,0,0,".1000","2.2300",24.92649999,-80.62067,2014-02-07 13:28:00,2025-08-19 11:45:01,4.07671373808837
"FKNMS","503",37,0,0,36,36,34,71,0,71,0,71,71,0,0,0,37,37,37,37,36,37,36,36,0,"NULL","NULL",24.92049722,-80.63476944,2011-12-12,2020-11-15,4.14420423183073
"FKNMS","503-W",0,0,0,0,41,0,80,0,80,0,84,0,0,41,0,41,41,39,40,0,41,0,0,0,".6500","1.6900",24.92049999,-80.63477,2014-05-24 16:26:00,2025-08-19 11:23:52,4.00416324793431
"FKNMS","504",36,0,0,34,36,33,71,0,71,0,71,71,0,0,0,36,36,39,36,35,35,36,36,0,"NULL","NULL",24.72253889,-81.043375,2011-12-12,2020-12-13,3.99787169352387
"FKNMS","504-W",0,0,0,0,42,0,82,0,82,0,86,0,0,42,0,42,42,42,41,0,42,0,0,0,".4810","3.6670",24.72253999,-81.04338,2014-02-10 11:45:00,2025-09-10 13:41:55,4.2309471584846
"FKNMS","505",37,0,0,36,35,34,71,0,71,0,71,71,0,0,0,38,37,39,37,35,37,35,35,0,"NULL","NULL",24.712075,-81.10070833,2011-12-12,2020-11-15,4.14420423183073
"FKNMS","505-W",0,0,0,0,41,0,82,0,82,0,86,0,0,41,0,41,41,41,39,0,41,0,0,0,".6320","2.8000",24.71207999,-81.10071,2014-02-12 10:19:00,2025-09-15 17:01:18,4.05518948297619
"FKNMS","506",36,0,0,35,36,29,71,0,70,0,70,70,0,0,0,36,36,39,36,36,36,36,36,0,"NULL","NULL",24.65941111,-81.38326944,2011-12-09,2020-12-14,3.99301548739751
"FKNMS","506-W",0,0,0,0,42,0,82,0,82,0,86,0,0,42,0,41,42,41,40,0,42,0,0,0,".5000","1.9100",24.65940999,-81.38327,2014-02-24 14:06:00,2025-08-25 13:50:09,4.08733214024709
"FKNMS","507",37,0,0,34,35,34,74,0,74,0,74,74,0,0,0,37,37,39,37,33,37,35,35,0,"NULL","NULL",24.69309167,-81.35462778,2011-12-09,2020-12-11,4.10767477203647
"FKNMS","507-W",0,0,0,0,41,0,80,0,80,0,84,0,0,41,0,41,41,40,39,0,41,0,0,0,".0300","1.9660",24.69308999,-81.35463,2014-02-19 11:11:00,2025-09-15 15:53:45,3.97556066779414
"FKNMS","508",36,0,0,32,37,34,71,0,71,0,71,71,0,0,0,38,37,38,37,37,37,36,36,0,"NULL","NULL",24.57374722,-81.76013889,2011-12-08,2020-12-16,4.10019720873786
"FKNMS","508-W",0,0,0,0,41,0,80,0,80,0,84,0,0,41,0,41,41,40,39,0,41,0,0,0,".5290","2.3740",24.57374999,-81.76014,2014-02-20 12:44:00,2025-09-11 11:45:57,3.9804928840605
"FKNMS","509",36,0,0,33,35,31,71,0,71,0,71,71,0,0,0,37,36,38,33,35,36,35,35,0,"NULL","NULL",24.55228889,-81.74940833,2011-12-08,2020-12-16,3.98938106796116
"FKNMS","509-W",0,0,0,0,25,0,46,0,47,0,49,0,0,25,0,25,24,1,21,0,24,0,0,0,".5110","2.9130",24.55229999,-81.7494,2014-02-20 13:04:00,2025-09-11 11:28:07,4.06705065321104
"MiamiBeach","1",0,0,0,0,43,0,64,0,55,66,65,0,55,0,51,43,49,66,0,0,0,0,0,0,"NULL","NULL",25.8161,-80.1393,2016-08-17 10:58:00,2025-12-18,7.07030226842877
"MiamiBeach","10",0,0,0,0,70,0,97,0,86,98,95,0,87,0,81,66,80,100,0,0,0,0,0,0,"NULL","NULL",25.7981,-80.1321,2016-08-17 14:00:00,2025-12-18,10.8201060787525
"MiamiBeach","11",0,0,0,0,40,0,64,0,55,66,65,0,55,0,51,39,52,66,0,0,0,0,0,0,"NULL","NULL",25.7977,-80.1329,2016-08-17 13:53:00,2025-12-18,7.39194311840535
"MiamiBeach","12",0,0,0,0,68,0,87,0,76,88,86,0,77,0,72,64,74,88,0,0,0,0,0,0,"NULL","NULL",25.7959,-80.1364,2016-08-17 13:46:00,2025-12-18,9.85591010543888
"MiamiBeach","13",0,0,0,0,41,0,64,0,53,64,63,0,53,0,51,40,53,64,0,0,0,0,0,0,"NULL","NULL",25.7957,-80.1367,2016-08-17 13:43:00,2025-12-18,7.28479867002799
"MiamiBeach","14",0,0,0,0,41,0,63,0,52,63,62,0,52,0,50,40,52,62,0,0,0,0,0,0,"NULL","NULL",25.7954,-80.1374,2016-08-17 13:30:00,2025-12-18,7.17765027222232
"MiamiBeach","15",0,0,0,0,46,0,68,0,59,69,68,0,58,0,54,44,57,69,0,0,0,0,0,0,"NULL","NULL",25.8048,-80.1267,2016-08-17 15:02:00,2025-12-18,7.71344035581642
"MiamiBeach","16",0,0,0,0,47,0,68,0,59,69,67,0,57,0,55,46,57,69,0,0,0,0,0,0,"NULL","NULL",25.8051,-80.1269,2016-08-17 14:20:00,2025-12-18,7.71337436908549
"MiamiBeach","17",0,0,0,0,84,0,103,0,93,104,103,0,92,0,86,80,90,103,0,0,0,0,0,0,"NULL","NULL",25.8052,-80.1268,2016-08-17 14:27:00,2025-12-18,11.4629476978768
"MiamiBeach","18",0,0,0,0,54,0,69,0,59,69,68,0,58,0,56,51,58,69,0,0,0,0,0,0,"NULL","NULL",25.8075,-80.1251,2016-08-17 14:57:00,2025-12-18,7.71343250019401
"MiamiBeach","19",0,0,0,0,88,0,104,0,94,105,104,0,94,0,86,82,91,104,0,0,0,0,0,0,"NULL","NULL",25.8134,-80.1246,2016-08-17 14:40:00,2025-12-18,11.5701086867963
"MiamiBeach","2",0,0,0,0,47,0,64,0,54,66,65,0,55,0,50,45,50,66,0,0,0,0,0,0,"NULL","NULL",25.8167,-80.139,2016-08-17 11:00:00,2025-12-18,7.28455681970939
"MiamiBeach","20",0,0,0,0,47,0,63,0,53,64,63,0,53,0,50,45,51,64,0,0,0,0,0,0,"NULL","NULL",25.8141,-80.1239,2016-08-17 14:49:00,2025-12-18,7.17776576934037
"MiamiBeach","21",0,0,0,0,45,0,63,0,54,65,64,0,54,0,51,44,52,65,0,0,0,0,0,0,"NULL","NULL",25.7933,-80.1629,2016-08-16 13:38:00,2025-12-18,7.28265521921914
"MiamiBeach","22",0,0,0,0,81,0,99,0,89,101,100,0,90,0,84,77,85,101,0,0,0,0,0,0,"NULL","NULL",25.7942,-80.1628,2016-08-16 10:58:00,2025-12-16,11.1443509384712
"MiamiBeach","23",0,0,0,0,48,0,65,0,55,66,65,0,55,0,54,48,51,66,0,0,0,0,0,0,"NULL","NULL",25.7954,-80.1592,2016-08-16 13:50:00,2025-12-16,7.50126830381428
"MiamiBeach","24",0,0,0,0,49,0,64,0,54,65,64,0,54,0,53,49,50,65,0,0,0,0,0,0,"NULL","NULL",25.796,-80.159,2016-08-16 11:38:00,2025-12-25 10:05:00,7.37353019518971
"MiamiBeach","25",0,0,0,0,45,0,60,0,51,61,60,0,51,0,49,43,48,62,0,0,0,0,0,0,"NULL","NULL",25.7943,-80.1553,2016-08-16 11:43:00,2025-12-16,6.96528319523611
"MiamiBeach","26",0,0,0,0,40,0,63,0,54,63,62,0,53,0,50,38,45,64,0,0,0,0,0,0,"NULL","NULL",25.7949,-80.1553,2016-08-16 11:55:00,2025-12-16,6.85814175942725
"MiamiBeach","27",0,0,0,0,43,0,63,0,54,63,62,0,53,0,51,42,47,64,0,0,0,0,0,0,"NULL","NULL",25.7878,-80.155,2016-08-16 10:40:00,2025-12-16,6.858036965805
"MiamiBeach","28",0,0,0,0,45,0,63,0,54,63,62,0,53,0,52,44,47,64,0,0,0,0,0,0,"NULL","NULL",25.7874,-80.155,2016-08-16 13:28:00,2025-12-16,6.85827170796667
"MiamiBeach","29",0,0,0,0,45,0,63,0,54,63,62,0,53,0,52,44,45,64,0,0,0,0,0,0,"NULL","NULL",25.7876,-80.1577,2016-08-16 10:52:00,2025-12-16,6.85805373256935
"MiamiBeach","3",0,0,0,0,45,0,63,0,54,64,63,0,54,0,51,44,52,64,0,0,0,0,0,0,"NULL","NULL",25.8464,-80.1275,2016-08-17 12:00:00,2025-12-18,6.85613726352838
"MiamiBeach","30",0,0,0,0,46,0,63,0,54,63,62,0,53,0,52,45,47,64,0,0,0,0,0,0,"NULL","NULL",25.7876,-80.1576,2016-08-16 13:35:00,2025-12-16,6.85828148923881
"MiamiBeach","31",0,0,0,0,43,0,63,0,54,63,62,0,52,0,53,43,44,63,0,0,0,0,0,0,"NULL","NULL",25.788,-80.1627,2016-08-16 13:55:00,2025-12-16,6.85830943588438
"MiamiBeach","32",0,0,0,0,47,0,63,0,54,63,62,0,53,0,51,45,47,64,0,0,0,0,0,0,"NULL","NULL",25.7876,-80.1626,2016-08-16 11:20:00,2025-12-16,6.85809285533833
"MiamiBeach","33",0,0,0,0,47,0,63,0,53,64,62,0,53,0,52,46,45,64,0,0,0,0,0,0,"NULL","NULL",25.7852,-80.1653,2016-08-16 14:30:00,2025-12-16,6.85835834306217
"MiamiBeach","34",0,0,0,0,82,0,99,0,89,100,99,0,89,0,85,78,76,100,0,0,0,0,0,0,"NULL","NULL",25.7858,-80.1656,2016-08-16 14:40:00,2025-12-16,11.1448550145882
"MiamiBeach","35",0,0,0,0,46,0,64,0,53,65,63,0,53,0,52,45,47,64,0,0,0,0,0,0,"NULL","NULL",25.7823,-80.168,2016-08-16 14:50:00,2025-12-16,7.28703543347996
"MiamiBeach","36",0,0,0,0,45,0,64,0,55,65,63,0,54,0,53,44,52,65,0,0,0,0,0,0,"NULL","NULL",25.7825,-80.1682,2016-08-16 14:48:00,2025-12-16,7.39419470619013
"MiamiBeach","37",0,0,0,0,46,0,64,0,54,64,63,0,53,0,52,45,51,64,0,0,0,0,0,0,"NULL","NULL",25.7776,-80.1565,2016-08-16 14:55:00,2025-12-16,7.28704285701188
"MiamiBeach","38",0,0,0,0,84,0,100,0,89,100,99,0,89,0,83,78,84,100,0,0,0,0,0,0,"NULL","NULL",25.7775,-80.1562,2016-08-16 15:02:00,2025-12-16,11.1449049705607
"MiamiBeach","39",0,0,0,0,44,0,63,0,52,63,62,0,52,0,49,42,44,63,0,0,0,0,0,0,"NULL","NULL",25.7813,-80.1556,2016-09-12 10:50:00,2025-12-16 12:30:00,7.12773655183176
"MiamiBeach","3A",0,0,0,0,12,0,24,0,18,25,25,0,18,0,18,12,18,25,0,0,0,0,0,0,"NULL","NULL",25.840614,-80.132824,2022-07-18 12:49:00,2025-12-18,7.31397587372503
"MiamiBeach","3B",0,0,0,0,9,0,32,0,23,33,33,0,23,0,20,8,20,33,0,0,0,0,0,0,"NULL","NULL",25.840607,-80.127816,2022-07-18 09:29:00,2025-12-18,9.65337423824702
"MiamiBeach","4",0,0,0,0,78,0,100,0,89,101,100,0,91,0,83,74,86,100,0,0,0,0,0,0,"NULL","NULL",25.8463,-80.1282,2016-08-17 11:52:00,2025-12-18,10.8198239888156
"MiamiBeach","40",0,0,0,0,42,0,63,0,52,63,62,0,52,0,51,41,41,63,0,0,0,0,0,0,"NULL","NULL",25.7813,-80.1552,2016-09-12 10:55:00,2025-12-28 12:30:00,7.21015743367458
"MiamiBeach","41",0,0,0,0,39,0,62,0,52,62,61,0,52,0,48,37,43,61,0,0,0,0,0,0,"NULL","NULL",25.8015,-80.1398,2016-08-17 10:38:00,2025-12-16,6.64567030550154
"MiamiBeach","42",0,0,0,0,65,0,66,0,64,65,64,0,65,0,62,62,63,64,0,0,0,0,0,0,"NULL","NULL",25.8015,-80.1401,2016-08-17 10:40:00,2022-04-25 12:28:00,11.6059843770687
"MiamiBeach","43",0,0,0,0,36,0,37,0,35,36,34,0,35,0,37,36,37,37,0,0,0,0,0,0,"NULL","NULL",25.7663,-80.1359,2016-08-17 11:15:00,2019-03-21 09:25:00,13.9006996395351
"MiamiBeach","44",0,0,0,0,64,0,64,0,62,64,62,0,63,0,61,61,62,63,0,0,0,0,0,0,"NULL","NULL",25.7661,-80.1359,2016-10-03 12:16:00,2022-04-27 10:32:00,11.5043459003081
"MiamiBeach","45",0,0,0,0,28,0,28,0,27,27,26,0,27,0,28,28,28,28,0,0,0,0,0,0,"NULL","NULL",25.767,-80.137,2016-10-04 09:00:00,2019-03-21 09:48:00,11.3882187001225
"MiamiBeach","46",0,0,0,0,63,0,63,0,61,62,61,0,62,0,60,60,61,63,0,0,0,0,0,0,"NULL","NULL",25.767,-80.1371,2016-10-04 09:10:00,2022-04-27 10:23:00,11.3294808755594
"MiamiBeach","47",0,0,0,0,64,0,64,0,62,63,62,0,63,0,61,61,62,63,0,0,0,0,0,0,"NULL","NULL",25.7741,-80.1418,2016-10-04 09:20:00,2022-04-27 10:13:00,11.5093926097543
"MiamiBeach","48",0,0,0,0,28,0,28,0,27,27,26,0,27,0,28,28,28,28,0,0,0,0,0,0,"NULL","NULL",25.7741,-80.1419,2016-10-04 09:25:00,2019-03-21 10:30:00,11.3880689924489
"MiamiBeach","49",0,0,0,0,64,0,64,0,62,63,62,0,63,0,61,61,62,64,0,0,0,0,0,0,"NULL","NULL",25.7746,-80.142,2016-10-04 09:30:00,2022-04-27 10:10:00,11.5094437682071
"MiamiBeach","5",0,0,0,0,42,0,63,0,54,64,63,0,54,0,51,41,51,64,0,0,0,0,0,0,"NULL","NULL",25.8254,-80.1337,2016-08-17 11:10:00,2025-12-18,6.85606744159047
"MiamiBeach","50",0,0,0,0,27,0,27,0,26,26,25,0,26,0,27,27,27,27,0,0,0,0,0,0,"NULL","NULL",25.7746,-80.142,2016-10-04 09:35:00,2019-03-21 10:43:00,10.9813267676471
"MiamiBeach","51",0,0,0,0,28,0,28,0,27,27,26,0,27,0,28,28,28,28,0,0,0,0,0,0,"NULL","NULL",25.7804,-80.1431,2016-10-03 12:24:00,2019-03-21 10:49:00,11.3768081794409
"MiamiBeach","52",0,0,0,0,64,0,64,0,61,63,61,0,62,0,61,61,62,62,0,0,0,0,0,0,"NULL","NULL",25.7804,-80.1432,2016-10-03 12:35:00,2022-04-27 10:04:00,11.5045306977715
"MiamiBeach","53",0,0,0,0,26,0,26,0,25,24,24,0,25,0,26,25,26,25,0,0,0,0,0,0,"NULL","NULL",25.7962,-80.1426,2016-11-15 10:30:00,2019-01-22 12:25:00,11.4415241443221
"MiamiBeach","54",0,0,0,0,62,0,63,0,61,61,61,0,62,0,59,59,60,61,0,0,0,0,0,0,"NULL","NULL",25.7965,-80.1425,2016-11-15 10:35:00,2022-04-25 12:46:00,11.5801190391733
"MiamiBeach","55",0,0,0,0,27,0,27,0,27,27,26,0,27,0,27,27,27,27,0,0,0,0,0,0,"NULL","NULL",25.7917,-80.145,2016-11-14 10:55:00,2019-03-21 13:53:00,11.505633344082
"MiamiBeach","56",0,0,0,0,60,0,60,0,59,60,59,0,60,0,57,57,58,60,0,0,0,0,0,0,"NULL","NULL",25.7917,-80.1451,2016-11-14 11:04:00,2022-04-27 10:49:00,11.0126204596967
"MiamiBeach","57",0,0,0,0,26,0,26,0,26,26,25,0,26,0,26,26,26,26,0,0,0,0,0,0,"NULL","NULL",25.8099,-80.1334,2016-11-15 11:10:00,2019-02-20 13:23:00,11.4817890316898
"MiamiBeach","58",0,0,0,0,63,0,63,0,61,62,61,0,62,0,60,60,61,61,0,0,0,0,0,0,"NULL","NULL",25.8101,-80.1336,2016-11-15 11:15:00,2022-04-25 12:26:00,11.3965465963456
"MiamiBeach","59",0,0,0,0,26,0,26,0,26,26,25,0,26,0,26,26,26,26,0,0,0,0,0,0,"NULL","NULL",25.7933,-80.1451,2016-11-17 13:30:00,2019-02-20 14:30:00,11.5103277612242
"MiamiBeach","6",0,0,0,0,79,0,100,0,90,101,99,0,91,0,84,75,84,100,0,0,0,0,0,0,"NULL","NULL",25.8251,-80.1329,2016-08-17 11:18:00,2025-12-18,10.9268752894767
"MiamiBeach","60",0,0,0,0,60,0,60,0,59,60,59,0,60,0,57,57,58,60,0,0,0,0,0,0,"NULL","NULL",25.7933,-80.1453,2016-11-15 13:30:00,2022-04-27 10:55:00,11.0186958472489
"MiamiBeach","61",0,0,0,0,21,0,21,0,21,21,20,0,21,0,21,21,21,21,0,0,0,0,0,0,"NULL","NULL",25.8262,-80.134,2017-01-18 11:30:00,2019-02-20 10:35:00,10.0532555419532
"MiamiBeach","62",0,0,0,0,22,0,22,0,21,21,20,0,21,0,22,22,22,22,0,0,0,0,0,0,"NULL","NULL",25.7808,-80.1617,2017-05-18 10:35:00,2019-03-21 11:34:00,11.9568602691428
"MiamiBeach","63",0,0,0,0,57,0,57,0,54,55,54,0,55,0,54,54,55,56,0,0,0,0,0,0,"NULL","NULL",25.781,-80.1616,2017-05-18 10:40:00,2022-04-27 09:42:00,11.5344679128728
"MiamiBeach","64",0,0,0,0,6,0,6,0,6,6,6,0,6,0,6,6,6,6,0,0,0,0,0,0,"NULL","NULL",25.8078,-80.1253,2018-08-15 10:30:00,2019-02-20 12:00:00,11.5914049586777
"MiamiBeach","65",0,0,0,0,36,0,37,0,35,36,36,0,36,0,33,33,34,35,0,0,0,0,0,0,"NULL","NULL",25.8232,-80.1289,2019-04-17 09:15:00,2022-04-25 11:46:00,12.240005887122
"MiamiBeach","66",0,0,0,0,35,0,36,0,35,36,36,0,36,0,32,32,34,35,0,0,0,0,0,0,"NULL","NULL",25.8234,-80.1232,2019-04-17 09:38:00,2022-04-25 10:51:00,11.9097792032245
"MiamiBeach","67",0,0,0,0,35,0,37,0,36,37,36,0,37,0,32,32,34,36,0,0,0,0,0,0,"NULL","NULL",25.8388,-80.1225,2019-04-17 10:50:00,2022-04-25 10:37:00,12.2412685792142
"MiamiBeach","68",0,0,0,0,35,0,37,0,36,37,37,0,37,0,32,32,34,36,0,0,0,0,0,0,"NULL","NULL",25.8549,-80.1374,2019-04-17 11:43:00,2022-04-25 09:35:00,12.24215415895
"MiamiBeach","69",0,0,0,0,35,0,37,0,36,37,37,0,37,0,32,32,34,36,0,0,0,0,0,0,"NULL","NULL",25.8586,-80.1259,2019-04-17 11:10:00,2022-04-25 10:17:00,12.2415765924161
"MiamiBeach","7",0,0,0,0,41,0,63,0,54,64,63,0,54,0,51,39,50,64,0,0,0,0,0,0,"NULL","NULL",25.8252,-80.1326,2016-08-17 11:26:00,2025-12-18,6.85608978445588
"MiamiBeach","70",0,0,0,0,35,0,37,0,36,37,37,0,37,0,32,32,34,36,0,0,0,0,0,0,"NULL","NULL",25.8642,-80.1291,2019-04-17 11:43:00,2022-04-25 09:50:00,12.2420386412833
"MiamiBeach","71",0,0,0,0,35,0,37,0,36,37,37,0,37,0,32,32,34,36,0,0,0,0,0,0,"NULL","NULL",25.867,-80.1243,2019-04-17 11:25:00,2022-04-25 10:02:00,12.2418076124898
"MiamiBeach","72",0,0,0,0,31,0,31,0,30,31,31,0,31,0,29,29,29,31,0,0,0,0,0,0,"NULL","NULL",25.7758,-80.1417,2019-05-17 09:55:00,2022-04-27 11:39:00,10.5222955914772
"MiamiBeach","73",0,0,0,0,35,0,35,0,34,35,35,0,35,0,32,32,33,35,0,0,0,0,0,0,"NULL","NULL",25.7758,-80.1417,2019-05-17 10:12:00,2022-04-27 11:24:00,11.8802564936574
"MiamiBeach","74",0,0,0,0,36,0,36,0,35,36,36,0,36,0,33,33,34,36,0,0,0,0,0,0,"NULL","NULL",25.7806,-80.1618,2019-04-16 11:18:00,2022-04-27 09:48:00,11.8787194398961
"MiamiBeach","75",0,0,0,0,35,0,35,0,34,35,35,0,34,0,32,32,33,34,0,0,0,0,0,0,"NULL","NULL",25.7956,-80.1429,2019-04-16 12:12:00,2022-04-27 14:09:00,11.5472554521179
"MiamiBeach","76",0,0,0,0,32,0,33,0,32,33,33,0,33,0,29,29,31,32,0,0,0,0,0,0,"NULL","NULL",25.8131,-80.1242,2019-04-17 10:05:00,2022-04-27 12:13:00,10.8971802547515
"MiamiBeach","77",0,0,0,0,32,0,32,0,30,31,31,0,31,0,29,29,30,31,0,0,0,0,0,0,"NULL","NULL",25.8253,-80.1326,2019-04-17 09:00:00,2022-04-25 11:57:00,10.5857779270499
"MiamiBeach","78",0,0,0,0,34,0,36,0,35,35,36,0,36,0,31,31,33,35,0,0,0,0,0,0,"NULL","NULL",25.8499,-80.1367,2019-04-17 12:21:00,2022-04-25 09:20:00,11.9116822756214
"MiamiBeach","79",0,0,0,0,22,0,22,0,21,22,22,0,22,0,20,20,20,22,0,0,0,0,0,0,"NULL","NULL",25.8531,-80.1295,2020-03-18 12:52:00,2022-03-31 14:20:00,10.8140499884113
"MiamiBeach","8",0,0,0,0,81,0,99,0,87,99,98,0,88,0,83,76,85,98,0,0,0,0,0,0,"NULL","NULL",25.8218,-80.1302,2016-08-17 11:38:00,2025-12-18,11.0340464655492
"MiamiBeach","80",0,0,0,0,23,0,23,0,22,23,23,0,23,0,20,20,21,24,0,0,0,0,0,0,"NULL","NULL",25.7915,-80.1442,2020-03-18 11:30:00,2022-04-27 13:54:00,10.9086482275029
"MiamiBeach","81",0,0,0,0,13,0,14,0,13,14,14,0,14,0,11,11,12,14,0,0,0,0,0,0,"NULL","NULL",25.802142,-80.126487,2021-01-28 12:04:00,2022-03-30 11:37:00,12.0040494740085
"MiamiBeach","82",0,0,0,0,14,0,15,0,14,15,15,0,15,0,11,11,12,15,0,0,0,0,0,0,"NULL","NULL",25.840485,-80.132921,2021-03-29 09:05:00,2022-04-25 08:52:00,13.9767249458339
"MiamiBeach","83",0,0,0,0,7,0,7,0,7,7,7,0,7,0,6,6,6,7,0,0,0,0,0,0,"NULL","NULL",25.840485,-80.132921,2021-06-17 08:54:00,2022-02-25 09:04:00,10.1054538467873
"MiamiBeach","84",0,0,0,0,12,0,12,0,12,12,12,0,12,0,9,9,10,11,0,0,0,0,0,0,"NULL","NULL",25.840485,-80.132921,2021-06-17 14:15:00,2022-04-25 11:21:00,14.053519659056
"MiamiBeach","9",0,0,0,0,77,0,101,0,89,101,100,0,90,0,84,73,84,102,0,0,0,0,0,0,"NULL","NULL",25.8002,-80.1278,2016-08-17 14:10:00,2025-12-18,11.2486480430997
"NBB_DWQP","BB14",0,18,0,0,108,0,28,131,107,107,103,27,80,84,110,107,109,23,23,0,0,0,0,24,".0540","NULL",25.8300087986543,-80.1586,2019-02-15 11:10:00,2025-12-17 12:25:00,12.1406158094753
"NBB_DWQP","BH22",0,0,0,0,46,0,0,46,46,46,46,0,46,46,46,46,46,0,0,0,0,0,0,0,".1840","1.1460",25.75969999,-80.1776,2021-07-19 10:25:00,2025-06-09 12:00:00,10.5380399592442
"NBB_DWQP","CWA2",0,0,0,0,55,0,2,55,54,54,54,0,54,55,55,55,55,0,0,0,0,0,0,0,".0350","36.0000",25.75129999,-80.1585,2021-07-19 09:50:00,2025-12-17 10:05:00,11.1024406635089
"NBB_DWQP","CWA4",0,0,0,0,55,0,2,55,55,55,55,0,55,55,55,55,55,0,0,0,0,0,0,0,".9000","2.2300",25.75799999,-80.1677,2021-07-19 09:25:00,2025-12-17 10:20:00,11.1022493522047
"NBB_DWQP","CWA5",0,0,0,0,45,0,0,45,43,43,43,0,43,45,45,43,45,0,0,0,0,0,0,0,".6780","1.7450",25.76329999,-80.1609,2021-07-19 09:00:00,2025-02-25 10:05:00,11.093013875231
"NBB_DWQP","DM00",0,1,0,0,7,0,0,7,4,4,4,0,4,4,7,7,7,0,0,0,0,0,0,0,".1660","NULL",25.8302499928571,-80.16968,2020-08-13,2021-02-10 12:50:00,8.04804712903102
"NBB_DWQP","DM08",0,18,0,0,111,0,19,127,98,97,91,21,80,85,110,108,110,16,16,0,0,0,0,17,"-.0370","NULL",25.8398085622954,-80.1703871441281,2019-02-14 12:50:00,2025-12-16 11:00:00,11.8486804595655
"NBB_DWQP","DM28",0,14,0,0,30,0,20,49,34,34,30,24,14,15,29,28,29,20,20,0,0,0,0,21,".0710","NULL",25.8378892481509,-80.177521490146,2019-02-14 12:30:00,2020-05-04,12.3262245137099
"NBB_DWQP","FK01",0,1,0,0,5,0,0,5,3,3,3,0,3,3,5,5,5,0,0,0,0,0,0,0,".8180","NULL",25.8200599926829,-80.16591,2020-08-13,2021-02-10 12:25:00,6.03661265948696
"NBB_DWQP","FK02",0,1,0,0,7,0,1,7,4,4,4,0,3,4,7,7,7,0,0,0,0,0,0,0,"1.0860","NULL",25.8327899928571,-80.17981,2020-08-17,2021-02-10 13:15:00,8.22857142857143
"NBB_DWQP","JFK03",0,18,0,0,104,0,26,127,98,97,93,24,73,81,105,103,105,22,22,0,0,0,0,24,".0880","NULL",25.8628068806952,-80.1697119786096,2019-02-15 14:45:00,2025-12-16 12:15:00,11.7072193517692
"NBB_DWQP","JFKA",0,1,0,0,2,0,0,2,1,1,1,0,1,1,2,2,2,0,0,0,0,0,0,0,"1.6290","NULL",25.88396999375,-80.13784,2020-12-09,2020-12-09 09:55:00,NA
"NBB_DWQP","JFKB",0,1,0,0,2,0,0,2,1,1,1,0,1,1,2,2,2,0,0,0,0,0,0,0,"2.0660","NULL",25.88346999375,-80.15498,2020-12-09,2020-12-09 10:15:00,NA
"NBB_DWQP","JFKC",0,1,0,0,2,0,0,2,1,1,1,0,1,1,2,2,2,0,0,0,0,0,0,0,"2.7990","NULL",25.87167999375,-80.16445,2020-12-09,2020-12-09 10:45:00,NA
"NBB_DWQP","JT29",0,12,0,0,29,0,26,55,41,41,37,30,15,15,29,29,29,26,26,0,0,0,0,26,".0330","NULL",25.8397999967811,-80.1416886958798,2019-02-15 10:40:00,2020-05-05 14:20:00,12.3075723066363
"NBB_DWQP","JT61",0,17,0,0,99,0,32,126,102,100,97,32,71,75,99,97,98,28,28,0,0,0,0,29,".0300","NULL",25.8168942843186,-80.1781885852124,2019-02-15 14:05:00,2025-12-16 10:35:00,10.975701371441
"NBB_DWQP","JT66",0,17,0,0,93,0,30,121,99,99,95,32,67,72,94,91,94,28,28,0,0,0,0,29,".0610","NULL",25.816489607787,-80.147,2019-02-15 12:00:00,2025-04-08 12:10:00,11.5564481938002
"NBB_DWQP","JT71",0,18,0,0,107,0,27,132,110,110,104,30,83,85,109,106,107,25,25,0,0,0,0,26,".0900","NULL",25.8217088633887,-80.1512852159469,2019-02-15 11:40:00,2025-12-17 12:05:00,11.9945101169312
"NBB_DWQP","LR03",0,33,0,0,202,0,38,232,185,185,178,37,151,158,202,178,202,30,30,0,0,0,0,31,".0020","NULL",25.8468099851979,-80.1828904946911,2019-02-14 12:00:00,2025-12-16 11:40:00,12.1409365735359
"NBB_DWQP","LR05",0,1,0,0,4,0,2,6,4,4,4,2,2,2,4,4,4,2,2,0,0,0,0,2,".0590","NULL",25.8714879959184,-80.231037,2020-07-07,2020-09-01 16:35:00,12.8856495375758
"NBB_DWQP","LR06",0,2,0,0,6,0,2,8,5,4,5,2,3,3,6,6,6,2,2,0,0,0,0,2,".1410","NULL",25.8535239954687,-80.19291,2020-07-07,2020-10-12 10:40:00,11.2448688711517
"NBB_DWQP","LRNSP",0,1,0,0,2,0,0,2,1,1,1,0,1,1,2,2,2,0,0,0,0,0,0,0,".6040","NULL",25.88996849375,-80.24317475,2020-11-16,2020-11-16 15:00:00,NA
"NBB_DWQP","LRSC",0,1,0,0,4,0,2,6,4,4,4,2,2,2,4,4,4,2,2,0,0,0,0,2,".0880","NULL",25.8495249959184,-80.188332,2020-07-07,2020-09-01 14:45:00,12.9030358785649
"NBB_DWQP","LRSP",0,2,0,0,4,0,0,4,2,1,2,0,2,2,4,4,4,0,0,0,0,0,0,0,".7410","NULL",25.875699993871,-80.2348781612903,2020-10-12,2020-11-16 16:35:00,20.4673606381944
"NBB_DWQP","LRUP",0,2,0,0,4,0,0,4,2,1,2,0,2,2,4,4,4,0,0,0,0,0,0,0,".6730","NULL",25.8714168829032,-80.2423908335484,2020-10-12,2020-11-16 15:45:00,20.487291849255
"NBB_DWQP","MRDC",0,0,0,0,1,0,0,1,1,1,1,0,1,1,1,0,1,0,0,0,0,0,0,0,".4300",".4300",25.78589999,-80.2251,2021-07-19 10:45:00,2021-07-19 10:45:00,NA
"NBB_DWQP","MRDW",0,0,0,0,57,0,3,57,55,55,54,1,54,57,57,56,57,0,0,0,0,0,0,0,".0880","2.2080",25.77729999,-80.204,2021-04-06 12:30:00,2025-12-16 10:15:00,11.2882263972156
"NBB_DWQP","MRMO",0,0,0,0,44,0,0,43,43,43,43,0,43,44,44,43,44,0,0,0,0,0,0,0,".7530","3.1220",25.76989999,-80.1865,2021-07-19 10:45:00,2025-03-25 11:15:00,11.133842412602
"NBB_DWQP","MRRB",0,0,0,0,56,0,1,56,56,56,56,0,56,56,56,56,56,0,0,0,0,0,0,0,".5180","2.8410",25.76979999,-80.18085,2021-04-06 10:20:00,2025-12-16 09:50:00,11.0747701016776
"NBB_DWQP","MRSC",0,0,0,0,106,0,3,106,106,106,106,0,106,106,106,102,106,0,0,0,0,0,0,0,".0060","3.5490",25.80719999,-80.2599,2021-04-06 11:15:00,2025-12-16 11:15:00,11.2876093294461
"NBB_DWQP","RB1A",0,0,0,0,53,0,2,53,53,53,53,0,53,53,53,52,53,0,0,0,0,0,0,0,".6590","1.5370",25.75239999,-80.1954,2021-07-19 11:45:00,2025-12-16 09:30:00,10.8833149042658
"NBB_DWQP","TOW1",0,0,0,0,2,0,0,2,0,0,0,0,0,1,2,2,2,0,0,0,0,0,0,1,".1524","NULL",25.832758995,-80.18076505,2020-06-03,2020-06-03 15:00:00,NA
"NBB_DWQP","TOW2",0,0,0,0,2,0,0,2,0,0,0,0,0,1,2,2,2,0,0,0,0,0,0,1,".9144","NULL",25.826982295,-80.1793882,2020-06-03,2020-06-03 15:30:00,NA
"NBB_DWQP","TOW3",0,0,0,0,2,0,0,2,0,0,0,0,0,1,2,2,2,0,0,0,0,0,0,1,".0762","NULL",25.835063445,-80.18041435,2020-06-03,2020-06-03 16:10:00,NA
"NBB_DWQP","VR01",0,18,0,0,96,0,29,124,103,102,99,32,73,75,97,95,96,28,28,0,0,0,0,29,".0620","NULL",25.8056929497598,-80.1525855774021,2019-02-14 14:30:00,2025-06-23 13:00:00,11.6455096270365
"NBB_DWQP","VR11",0,17,0,0,102,0,32,130,106,105,101,32,75,79,103,101,103,28,28,0,0,0,0,29,".0650","NULL",25.8047069335269,-80.1794,2019-02-15 13:35:00,2025-11-18 12:10:00,11.5438336332441
"NBB_DWQP","VS01",0,0,0,0,33,0,3,33,33,33,33,0,32,33,33,31,33,0,0,0,0,0,0,0,".5000","2.0850",25.80089999,-80.1591,2023-03-07 13:40:00,2025-12-17 11:05:00,11.5051559076756
"NBB_DWQP","WQ01",0,17,0,0,89,0,29,117,94,93,89,32,65,69,89,87,89,28,28,0,0,0,0,29,".0930","NULL",25.8490028287931,-80.1716074425287,2019-02-14 11:00:00,2025-05-13 16:10:00,11.2127570800759
"NBB_DWQP","WQ02",0,20,0,0,104,0,30,131,108,108,104,31,78,82,106,102,106,28,28,0,0,0,0,29,".1300","NULL",25.8533032149791,-80.1454990334728,2019-02-15 09:30:00,2025-12-17 13:10:00,11.4087933479796
"NBB_DWQP","WQ03",0,14,0,0,33,0,26,59,44,44,40,29,18,18,34,32,33,26,26,0,0,0,0,26,".0540","NULL",25.8495019267131,-80.1320929223107,2019-02-15 10:10:00,2025-12-17 12:55:00,2.34030109751672
"NBB_DWQP","WQ04",0,17,0,0,100,0,30,127,106,106,102,31,75,78,100,96,99,28,28,0,0,0,0,29,".0690","NULL",25.8260006477865,-80.134094109375,2019-02-15 12:20:00,2025-11-19 14:40:00,11.2425706651666
"NBB_DWQP","WQ05",0,13,0,0,31,0,26,56,42,42,38,30,16,16,31,28,31,26,26,0,0,0,0,26,".0780","NULL",25.808124097113,-80.1408053556485,2019-02-15 12:50:00,2020-05-05 12:05:00,12.3126624060678
"NBB_DWQP","WQ05A",0,0,0,0,61,0,2,61,61,61,61,0,59,61,61,60,61,0,0,0,0,0,0,0,"1.0330","2.4200",25.80938999,-80.13521,2020-06-01 09:45:00,2025-12-17 11:30:00,11.0021964229683
"NBB_DWQP","WQ05a",0,6,0,0,7,0,2,9,2,2,2,2,0,0,8,7,8,2,2,0,0,0,0,3,".1630","NULL",25.80939,-80.13521,2020-06-01,2021-01-13,11.3130530973451
"PalmBeach","10",0,0,0,0,0,1,3,0,4,4,4,0,4,0,1,1,1,1,0,1,1,0,0,0,".5000",".5000",26.84365,-80.0574333,2007-02-14 13:30:00,2007-05-11 11:15:00,17.0069116042197
"PalmBeach","11",0,54,0,0,128,133,200,44,208,209,211,54,210,212,216,179,212,204,0,62,58,0,0,0,".0500","NULL",26.8315747818928,-80.0601596262259,2000-01-19 13:20:00,2026-03-17 13:38:00,8.18122228749439
"PalmBeach","12",0,0,0,0,0,3,0,8,8,8,8,0,8,2,8,0,6,8,0,4,0,0,0,0,".5000","1.9700",26.8172778,-80.0818306,1999-11-01 10:35:00,2001-09-18 10:30:00,4.25329660610043
"PalmBeach","12A",0,35,0,0,70,80,0,115,122,123,121,31,122,119,126,111,117,120,0,51,40,0,0,0,".0500","NULL",26.7587206808117,-80.0882041511244,1999-11-01 10:05:00,2026-03-23 11:34:00,4.81237188180126
"PalmBeach","13",0,54,0,0,149,128,199,45,209,210,210,54,210,230,238,197,230,207,0,65,62,0,0,0,".0500","NULL",26.8085103613719,-80.0561652834928,2000-01-19 12:50:00,2026-03-17 12:58:00,8.21945827259189
"PalmBeach","14",0,0,0,0,1,1,10,13,13,14,13,0,13,3,9,1,10,14,0,3,0,0,0,0,".5000","NULL",26.7833317,-80.0449683,1999-11-02 09:05:00,2003-05-22 09:10:00,3.94254919860683
"PalmBeach","15",0,36,0,0,72,72,0,110,119,119,117,31,119,121,130,115,117,115,0,43,37,0,0,0,".0500","NULL",26.8127157241141,-80.1561685227699,1999-11-01 11:05:00,2026-03-23 10:32:00,4.62294905514914
"PalmBeach","16",0,35,0,0,72,75,0,113,122,122,120,31,122,115,126,110,115,119,0,43,37,0,0,0,".0500","NULL",26.8722812221801,-80.2455427461476,1999-11-01 11:25:00,2026-03-23 10:54:00,4.73662744777084
"PalmBeach","18A",0,0,0,0,2,4,14,12,17,18,18,0,17,4,12,2,11,14,0,2,1,0,0,0,".5000","NULL",26.6754544,-80.0468067,2000-01-19 14:15:00,2007-06-22 10:10:00,2.42527208893341
"PalmBeach","18C",0,54,0,0,140,131,185,29,189,190,190,54,190,219,218,194,218,191,0,61,59,0,0,0,".0500","NULL",26.6405178677468,-80.0427385679578,2004-01-30 13:00:00,2026-03-17 11:41:00,8.72231236275027
"PalmBeach","18D",0,54,0,0,118,109,172,27,175,175,176,55,176,188,189,167,185,172,0,52,49,0,0,0,".0500","NULL",26.6291532721215,-80.0457922217329,2005-08-15 11:40:00,2026-03-17 11:04:00,8.6467237888143
"PalmBeach","20",0,0,0,0,0,1,0,7,7,7,7,0,7,1,7,0,5,7,0,3,0,0,0,0,".5000","1.8800",26.6447322,-80.0564061,2000-02-14 13:25:00,2001-09-19 11:15:00,4.38618520592335
"PalmBeach","22",0,31,0,0,63,69,0,93,102,101,102,28,103,95,96,93,93,90,0,33,29,0,0,0,".0500",".5000",26.6082117353317,-80.0773407972482,2004-01-29 13:00:00,2026-03-23 13:16:00,4.69600047252033
"PalmBeach","24",0,34,0,0,95,70,0,105,117,117,119,31,119,129,138,125,130,105,0,37,29,0,0,0,".0500","NULL",26.5877851046467,-80.0783108852733,2000-02-14 14:00:00,2026-03-23 14:05:00,4.55891904451647
"PalmBeach","27A",0,36,0,0,77,81,0,115,120,120,120,32,121,123,133,116,131,118,0,44,40,0,0,0,".0500","NULL",26.5388993800393,-80.1229864590177,2000-02-15 13:35:00,2026-03-24 10:09:00,4.78885410868313
"PalmBeach","27B",0,33,0,0,58,64,0,102,110,109,110,31,110,98,105,91,105,105,0,41,36,0,0,0,".0500","NULL",26.5385936838532,-80.2051214078899,2000-02-15 13:00:00,2026-03-24 10:55:00,4.40571978612898
"PalmBeach","28",0,37,0,0,84,30,0,66,64,64,64,32,64,89,95,88,92,66,0,8,4,0,0,0,".5000","NULL",26.5391043488279,-80.0573423159451,2000-02-15 10:50:00,2026-03-24 13:45:00,2.52844480005477
"PalmBeach","28A",0,0,0,0,1,5,12,12,14,15,14,0,13,3,7,1,9,13,0,2,1,0,0,0,".5000","1.2400",26.5270269,-80.0537611,2000-03-16 13:40:00,2007-05-10 11:55:00,2.23828541107285
"PalmBeach","31B",0,37,0,0,54,29,0,65,64,64,64,32,64,60,65,58,65,65,0,7,4,0,0,0,".5000","NULL",26.4221985349812,-80.0737658524718,2000-02-15 11:30:00,2026-03-24 12:45:00,2.52846321682478
"PalmBeach","31C",0,35,0,0,64,71,0,108,113,114,115,31,115,107,115,99,116,110,0,46,38,0,0,0,".0500","1.8288",26.4243440600286,-80.1221186760487,2000-02-15 12:00:00,2026-03-24 12:00:00,4.55892070484582
"PalmBeach","31D",0,0,0,0,1,1,9,10,9,10,10,0,10,2,6,1,5,10,0,2,1,0,0,0,".3900","NULL",26.4396122,-80.0652094,2000-03-16 13:00:00,2003-02-25 12:20:00,3.73406479927714
"PalmBeach","31E",0,36,0,0,66,76,0,110,117,116,117,32,115,110,116,101,114,113,0,46,37,0,0,0,".0500","1.5100",26.4238553189873,-80.2038024434599,2000-02-15 12:35:00,2026-03-24 11:26:00,4.59725406808168
"PalmBeach","37B",0,33,0,0,96,78,0,113,118,118,117,30,118,138,148,132,141,116,0,48,37,0,0,0,".0500","NULL",26.6799087421505,-80.2025681772043,2000-02-14 12:40:00,2026-03-25 13:30:00,4.71115629385321
"PalmBeach","38B",0,34,0,0,73,83,0,118,122,122,120,32,121,122,127,111,123,122,0,52,40,0,0,0,".0500","NULL",26.6842942577792,-80.3513070041393,2000-02-14 12:10:00,2026-03-25 12:14:00,4.78777649964564
"PalmBeach","39",0,31,0,0,40,0,0,32,32,32,32,32,32,42,41,41,40,32,0,0,0,0,0,0,".5000","NULL",26.68619444,-80.667925,2020-09-09 10:35:00,2026-03-25 10:00:00,5.77762749799611
"PalmBeach","43",0,31,0,0,34,0,0,32,32,32,32,32,32,34,34,34,34,32,0,0,0,0,0,0,".5000",".5000",26.66439444,-80.71242222,2020-09-09 11:15:00,2026-03-25 10:55:00,5.77759774810339
"PalmBeach","52",0,0,0,0,14,53,0,53,53,52,52,0,52,50,54,51,53,49,0,39,33,0,0,0,".5000","NULL",26.6769444,-80.0708333,2006-01-27 10:45:00,2015-04-22 14:30:00,6.06555523635656
"PalmBeach","57",0,0,0,0,14,53,0,53,52,51,52,0,52,50,53,47,53,49,0,39,33,0,0,0,".5000","NULL",26.6902777,-80.0713888,2006-01-27 10:00:00,2015-04-22 14:00:00,6.06553649977759
"PalmBeach","61",0,0,0,0,14,53,0,53,51,50,50,0,50,50,54,50,53,49,0,38,32,0,0,0,".5000","NULL",26.6325,-80.075,2006-01-27 12:30:00,2015-04-22 15:25:00,5.95730309080481
"PalmBeach","62",0,0,0,0,14,53,0,53,51,51,51,0,51,50,54,50,53,49,0,39,33,0,0,0,".5000","NULL",26.6538888,-80.0719444,2006-01-27 13:20:00,2015-04-22 15:00:00,5.95739510439106
"PalmBeach","63",0,0,0,0,12,51,0,50,50,50,50,0,50,49,51,49,49,45,0,39,34,0,0,0,".5000","NULL",26.4769444,-80.0838888,2006-01-24 13:45:00,2015-06-04 15:15:00,5.8772330816069
"PalmBeach","64",0,0,0,0,12,50,0,49,50,50,50,0,49,50,51,50,49,45,0,40,34,0,0,0,".5000","NULL",26.4894444,-80.0766666,2006-01-24 13:15:00,2015-06-04 15:30:00,5.77032154252644
"PalmBeach","65",0,0,0,0,14,52,0,51,52,51,51,0,51,52,53,52,51,47,0,40,35,0,0,0,".5000","NULL",26.58,-80.0747222,2006-01-24 11:30:00,2015-06-04 14:00:00,5.8771614381754
"PalmBeach","66",0,0,0,0,13,50,0,49,51,51,51,0,51,50,51,50,49,45,0,39,34,0,0,0,".5000","NULL",26.6013888,-80.0747222,2006-01-24 11:10:00,2015-06-04 13:45:00,5.87715546796829
"PalmBeach","67",0,0,0,0,0,1,0,1,2,2,2,0,2,1,1,1,1,1,0,1,1,0,0,0,".5000",".9144",26.6036111,-80.0805555,2006-01-24 10:30:00,2006-03-23 10:45:00,12.5925659903035
"PalmBeach","68",0,0,0,0,13,50,0,50,51,51,51,0,51,51,52,51,50,45,0,40,35,0,0,0,".5000","NULL",26.6136111,-80.0727777,2006-01-24 09:55:00,2015-06-04 13:30:00,5.87708382642898
"PalmBeach","69",0,0,0,0,14,52,0,53,51,51,51,0,51,51,54,50,53,49,0,39,33,0,0,0,".5000","NULL",26.6494444,-80.0736111,2006-01-27 12:55:00,2015-04-22 15:15:00,5.95734603012468
"PalmBeach","7",0,0,0,0,0,4,0,12,12,12,12,0,12,5,12,4,9,12,0,5,4,0,0,0,".5000","NULL",26.9341822,-80.1417286,1999-11-01 13:20:00,2004-07-22 12:50:00,2.54090025241851
"PalmBeach","70",0,0,0,0,14,53,0,52,53,53,53,0,53,49,54,50,53,49,0,37,29,0,0,0,".5000","NULL",26.6816666,-80.0722222,2006-01-27 10:20:00,2015-04-22 14:15:00,6.06554274529105
"PalmBeach","7A",0,0,0,0,0,0,0,0,1,1,1,0,1,0,0,0,0,1,0,0,0,0,0,0,"1.0668","1.0668",26.9369667,-80.1764333,1999-11-01 13:00:00,1999-11-01 13:00:00,NA
"PalmBeach","7B",0,0,0,0,0,0,0,0,1,1,1,0,1,0,0,0,0,1,0,0,0,0,0,0,".4572",".4572",26.93475,-80.1913667,1999-11-01 12:40:00,1999-11-01 12:40:00,NA
"PalmBeach","C17S44",0,15,0,0,0,0,0,0,15,15,15,15,15,0,0,0,0,0,0,0,0,0,0,0,".5000",".5000",26.81748888,-80.08155556,2023-12-19 10:55:00,2026-03-23 12:40:00,6.6403221937455
"PalmBeach","G92",0,0,0,0,0,6,0,15,12,12,12,0,12,8,15,6,11,15,0,9,7,0,0,0,".5000","NULL",26.9101447,-80.1759244,1999-11-01 12:15:00,2004-07-22 12:15:00,2.54086956521739
"SERC","1",212,0,0,11,212,0,420,0,420,77,420,0,0,0,0,212,212,212,212,0,0,0,0,0,"NULL","NULL",25.27355,-80.37458,1991-03-14,2008-09-15,12.1083659108679
"SERC","10",212,0,0,11,212,0,419,0,421,77,421,0,0,0,0,212,212,212,212,0,0,0,0,0,"NULL","NULL",25.22447,-80.53658,1991-03-14,2008-09-15,12.1083659108679
"SERC","101",180,0,0,0,180,0,360,0,360,77,358,0,0,0,0,180,180,179,178,0,0,0,0,0,"NULL","NULL",25.47833333,-80.32083333,1993-09-30,2008-09-18,12.0257911102982
"SERC","102",180,0,0,0,180,0,360,0,360,77,358,0,0,0,0,180,180,180,178,0,0,0,0,0,"NULL","NULL",25.54583333,-80.29466667,1993-09-30,2008-09-18,12.0257911102982
"SERC","103",167,0,0,0,168,0,336,0,336,65,336,0,0,0,0,168,168,168,166,0,0,0,0,0,"NULL","NULL",25.57333333,-80.28666667,1993-09-30,2007-09-20 09:19:00,12.0237766875737
"SERC","104",178,0,0,0,180,0,360,0,360,77,360,0,0,0,0,179,180,180,178,0,0,0,0,0,"NULL","NULL",25.60166667,-80.22083333,1993-09-30,2008-09-18,12.0257911102982
"SERC","108",177,0,0,0,180,0,360,0,360,77,358,0,0,0,0,180,180,180,178,0,0,0,0,0,"NULL","NULL",25.56916667,-80.1925,1993-09-30,2008-09-18,12.0257911102982
"SERC","109",166,0,0,0,168,0,336,0,336,65,334,0,0,0,0,168,168,168,166,0,0,0,0,0,"NULL","NULL",25.56416667,-80.235,1993-09-30,2007-09-20 12:43:00,12.0234429247839
"SERC","11",212,0,0,11,212,0,419,0,421,77,421,0,0,0,0,212,212,212,211,0,0,0,0,0,"NULL","NULL",25.17517,-80.62692,1991-03-14,2008-09-15,12.1083659108679
"SERC","110",180,0,0,0,179,0,360,0,360,77,358,0,0,0,0,179,180,180,178,0,0,0,0,0,"NULL","NULL",25.505,-80.2875,1993-09-30,2008-09-18,12.0257911102982
"SERC","111",179,0,0,0,180,0,360,0,360,77,360,0,0,0,0,180,180,180,178,0,0,0,0,0,"NULL","NULL",25.51583333,-80.24,1993-09-30,2008-09-18,12.0257911102982
"SERC","112",180,0,0,0,180,0,360,0,360,77,360,0,0,0,0,180,180,180,177,0,0,0,0,0,"NULL","NULL",25.48833333,-80.18833333,1993-09-30,2008-09-18,12.0257911102982
"SERC","113",168,0,0,0,168,0,336,0,336,64,336,0,0,0,0,168,168,167,166,0,0,0,0,0,"NULL","NULL",25.44166667,-80.22333333,1993-10-01,2007-09-21 10:36:00,12.0236507063044
"SERC","116",167,0,0,0,168,0,335,0,336,65,336,0,0,0,0,168,168,168,166,0,0,0,0,0,"NULL","NULL",25.4,-80.255,1993-10-01,2007-09-21 10:23:00,12.0236719756841
"SERC","12",208,0,0,11,208,0,416,0,418,76,418,0,0,0,0,211,211,211,210,0,0,0,0,0,"NULL","NULL",25.14037,-80.71612,1991-03-14,2008-09-16,12.0493667917448
"SERC","121",179,0,0,0,180,0,360,0,360,77,360,0,0,0,0,180,180,180,178,0,0,0,0,0,"NULL","NULL",25.355,-80.29166667,1993-10-01,2008-09-18,12.0279912184413
"SERC","122",179,0,0,0,180,0,360,0,360,77,360,0,0,0,0,178,179,179,178,0,0,0,0,0,"NULL","NULL",25.42016667,-80.31083333,1993-10-01,2008-09-18,12.0279912184413
"SERC","123",180,0,0,0,180,0,360,0,360,76,360,0,0,0,0,180,180,180,178,0,0,0,0,0,"NULL","NULL",25.445,-80.28333333,1993-10-01,2008-09-18,12.0279912184413
"SERC","124",168,0,0,0,168,0,336,0,336,65,336,0,0,0,0,168,168,168,166,0,0,0,0,0,"NULL","NULL",25.4725,-80.23333333,1993-09-30,2007-09-21 09:39:00,12.0213884012697
"SERC","126",134,0,0,0,135,0,268,0,268,64,268,0,0,0,0,135,135,135,133,0,0,0,0,0,"NULL","NULL",25.67167,-80.205,1996-06-24,2007-09-20 09:46:00,12.0106850958407
"SERC","127",147,0,0,0,147,0,294,0,294,77,294,0,0,0,0,147,147,147,145,0,0,0,0,0,"NULL","NULL",25.63,-80.25,1996-06-24,2008-09-18,12.0142649362273
"SERC","128",147,0,0,0,147,0,294,0,294,77,294,0,0,0,0,147,146,147,145,0,0,0,0,0,"NULL","NULL",25.68833,-80.23333,1996-06-24,2008-09-18,12.0142649362273
"SERC","129",147,0,0,0,147,0,294,0,294,77,294,0,0,0,0,147,147,147,144,0,0,0,0,0,"NULL","NULL",25.73667,-80.185,1996-06-24,2008-09-18,12.0142649362273
"SERC","13",218,0,0,12,217,0,427,0,428,76,425,0,0,0,0,219,218,211,214,0,0,0,0,0,"NULL","NULL",25.09142,-80.75478,1989-06-27,2008-09-16,11.3929283577838
"SERC","130",147,0,0,0,147,0,294,0,294,77,294,0,0,0,0,147,147,147,145,0,0,0,0,0,"NULL","NULL",25.76333,-80.17167,1996-06-24,2008-09-18,12.0142649362273
"SERC","131",147,0,0,0,147,0,294,0,294,77,294,0,0,0,0,146,146,147,145,0,0,0,0,0,"NULL","NULL",25.8,-80.16667,1996-06-24,2008-09-18,12.0142649362273
"SERC","132",134,0,0,0,135,0,270,0,270,65,270,0,0,0,0,134,133,135,133,0,0,0,0,0,"NULL","NULL",25.81667,-80.16667,1996-06-24,2007-09-20 10:49:00,12.0105571032007
"SERC","133",147,0,0,0,147,0,294,0,294,77,294,0,0,0,0,146,147,147,145,0,0,0,0,0,"NULL","NULL",25.86667,-80.15,1996-06-24,2008-09-18,12.0142649362273
"SERC","134",147,0,0,0,147,0,294,0,294,77,294,0,0,0,0,146,147,147,145,0,0,0,0,0,"NULL","NULL",25.905,-80.13333,1996-06-24,2008-09-18,12.0142649362273
"SERC","135",146,0,0,0,147,0,294,0,294,77,294,0,0,0,0,146,147,146,145,0,0,0,0,0,"NULL","NULL",25.31667,-80.31667,1996-06-25,2008-09-18,12.0169538943599
"SERC","14",206,0,0,12,209,0,418,0,418,76,415,0,0,0,0,210,210,210,209,0,0,0,0,0,"NULL","NULL",25.15048,-80.80922,1991-04-16,2008-09-16,12.0544554455446
"SERC","15",218,0,0,12,218,0,442,0,443,76,440,0,0,0,0,219,219,211,229,0,0,0,0,0,"NULL","NULL",25.12138,-80.80288,1989-06-27,2008-09-16,12.1732659165361
"SERC","16",216,0,0,12,217,0,427,0,426,76,425,0,0,0,0,218,218,210,213,0,0,0,0,0,"NULL","NULL",25.11827,-80.93965,1989-06-27,2008-09-16,11.3929283577838
"SERC","17",218,0,0,11,218,0,442,0,443,76,440,0,0,0,0,218,219,210,228,0,0,0,0,0,"NULL","NULL",25.04247,-80.91482,1989-06-27,2008-09-16,12.1212434126193
"SERC","18",219,0,0,11,218,0,442,0,443,76,441,0,0,0,0,219,219,211,229,0,0,0,0,0,"NULL","NULL",25.00242,-80.9001,1989-06-28,2008-09-16,12.1229700854701
"SERC","19",219,0,0,10,218,0,427,0,428,77,425,0,0,0,0,219,219,211,214,0,0,0,0,0,"NULL","NULL",24.97767,-80.75352,1989-06-28,2008-09-16,11.3945512820513
"SERC","2",212,0,0,11,212,0,420,0,422,77,422,0,0,0,0,212,212,212,212,0,0,0,0,0,"NULL","NULL",25.28503,-80.39503,1991-03-14,2008-09-15,12.1083659108679
"SERC","20",220,0,0,10,219,0,428,0,430,77,425,0,0,0,0,220,220,212,215,0,0,0,0,0,"NULL","NULL",24.9295,-80.75047,1989-06-28,2008-09-16,11.4465811965812
"SERC","21",219,0,0,10,219,0,428,0,430,77,425,0,0,0,0,220,220,212,215,0,0,0,0,0,"NULL","NULL",25.0066,-80.68127,1989-06-28,2008-09-16,11.4465811965812
"SERC","22",211,0,0,10,211,0,418,0,419,76,415,0,0,0,0,211,211,210,211,0,0,0,0,0,"NULL","NULL",25.04008,-80.61405,1991-04-16,2008-09-15,12.1137613957875
"SERC","23",219,0,0,11,218,0,441,0,442,77,439,0,0,0,0,217,218,211,230,0,0,0,0,0,"NULL","NULL",25.11797,-80.59972,1989-06-28,2008-09-15,12.1767345775752
"SERC","24",213,0,0,11,213,0,420,0,422,77,421,0,0,0,0,212,211,210,213,0,0,0,0,0,"NULL","NULL",25.10175,-80.5314,1990-08-20,2008-09-15,11.7858279048629
"SERC","25",202,0,0,12,203,0,398,0,397,77,395,0,0,0,0,203,201,196,200,0,0,0,0,0,"NULL","NULL",25.0837,-81.08058,1989-07-25,2008-09-15,10.6043692791762
"SERC","26",201,0,0,12,201,0,398,0,397,77,395,0,0,0,0,203,202,196,199,0,0,0,0,0,"NULL","NULL",24.98073,-81.00163,1989-07-26,2008-09-15,10.605886139322
"SERC","27",202,0,0,11,200,0,398,0,397,77,395,0,0,0,0,203,202,196,199,0,0,0,0,0,"NULL","NULL",24.9186,-80.93487,1989-07-26,2008-09-16,10.6043692791762
"SERC","28",201,0,0,10,201,0,398,0,397,77,395,0,0,0,0,203,202,195,199,0,0,0,0,0,"NULL","NULL",24.8672,-80.80715,1989-07-26,2008-09-16,10.6043692791762
"SERC","29",190,0,0,1,191,0,381,0,380,76,380,0,0,0,0,191,191,191,191,0,0,0,0,0,"NULL","NULL",25.55453,-81.18367,1992-09-15,2008-09-25,11.917107960369
"SERC","3",212,0,0,11,212,0,420,0,422,77,422,0,0,0,0,212,212,212,212,0,0,0,0,0,"NULL","NULL",25.25103,-80.41517,1991-03-14,2008-09-15,12.1083659108679
"SERC","30",190,0,0,1,191,0,381,0,380,76,380,0,0,0,0,191,191,191,191,0,0,0,0,0,"NULL","NULL",25.58017,-81.12093,1992-09-15,2008-09-25,11.917107960369
"SERC","31",189,0,0,1,191,0,379,0,380,76,380,0,0,0,0,191,191,191,191,0,0,0,0,0,"NULL","NULL",25.56758,-81.07147,1992-09-15,2008-09-25,11.917107960369
"SERC","32",177,0,0,1,179,0,357,0,356,64,356,0,0,0,0,179,179,179,179,0,0,0,0,0,"NULL","NULL",25.5294,-81.04338,1992-09-15,2007-09-11,11.9436883449032
"SERC","33",189,0,0,1,191,0,381,0,379,76,380,0,0,0,0,191,191,191,191,0,0,0,0,0,"NULL","NULL",25.49973,-81.04898,1992-09-15,2008-09-25,11.917107960369
"SERC","34",190,0,0,1,191,0,381,0,380,76,380,0,0,0,0,191,191,191,191,0,0,0,0,0,"NULL","NULL",25.48605,-81.11115,1992-09-15,2008-09-25,11.917107960369
"SERC","35",190,0,0,1,191,0,381,0,380,76,380,0,0,0,0,191,190,191,191,0,0,0,0,0,"NULL","NULL",25.47502,-81.15293,1992-09-15,2008-09-25,11.917107960369
"SERC","351",49,0,0,0,48,0,47,0,50,1,48,0,0,0,0,49,49,30,32,0,0,0,0,0,"NULL","NULL",24.69167,-81.79167,1995-05-31,2007-07-12 00:30:00,4.04455722901493
"SERC","352",48,0,0,0,49,0,47,0,50,1,50,0,0,0,0,49,49,30,32,0,0,0,0,0,"NULL","NULL",24.77583,-81.783,1995-05-31,2007-07-11 02:05:32,4.04541079058964
"SERC","353",49,0,0,0,48,0,50,0,50,1,50,0,0,0,0,49,49,30,32,0,0,0,0,0,"NULL","NULL",24.85833,-81.77667,1995-05-31,2007-07-11 02:49:52,4.04538263894159
"SERC","354",48,0,0,0,49,0,48,0,48,1,48,0,0,0,0,49,49,29,32,0,0,0,0,0,"NULL","NULL",24.94133,-81.76867,1995-05-31,2007-07-11 03:37:28,4.04535241339775
"SERC","355",49,0,0,0,49,0,50,0,50,1,49,0,0,0,0,49,49,30,32,0,0,0,0,0,"NULL","NULL",25.02467,-81.7625,1995-05-31,2007-07-11 04:24:33,4.04532251637663
"SERC","356",49,0,0,0,49,0,48,0,48,1,48,0,0,0,0,49,49,30,32,0,0,0,0,0,"NULL","NULL",25.10767,-81.75383,1995-05-31,2007-07-11 05:10:52,4.04529310660542
"SERC","357",48,0,0,0,48,0,48,0,50,1,50,0,0,0,0,49,49,30,32,0,0,0,0,0,"NULL","NULL",25.19117,-81.74533,1995-05-31,2007-07-11 05:54:48,4.04526521057855
"SERC","358",49,0,0,0,49,0,50,0,50,1,51,0,0,0,0,49,49,28,31,0,0,0,0,0,"NULL","NULL",25.27467,-81.73817,1995-05-31,2007-07-11 06:38:50,4.04523725144146
"SERC","359",48,0,0,0,48,0,50,0,50,1,50,0,0,0,0,49,49,30,32,0,0,0,0,0,"NULL","NULL",25.35833,-81.73,1995-05-31,2007-07-11 07:22:16,4.04520967365533
"SERC","36",189,0,0,1,191,0,381,0,380,76,380,0,0,0,0,191,191,191,191,0,0,0,0,0,"NULL","NULL",25.41168,-81.14145,1992-09-15,2008-09-25,11.917107960369
"SERC","360",47,0,0,0,47,0,50,0,50,1,49,0,0,0,0,47,47,30,32,0,0,0,0,0,"NULL","NULL",25.44117,-81.721,1995-05-31,2007-07-11 08:06:17,3.88007226766942
"SERC","361",46,0,0,0,47,0,50,0,50,1,50,0,0,0,0,47,47,30,32,0,0,0,0,0,"NULL","NULL",25.52467,-81.715,1995-05-31,2007-07-11 08:51:24,3.88004479106986
"SERC","362",47,0,0,0,47,0,50,0,50,1,50,0,0,0,0,47,47,30,32,0,0,0,0,0,"NULL","NULL",25.60867,-81.70667,1995-05-31,2007-07-11 09:39:59,3.88001520366323
"SERC","363",47,0,0,0,47,0,52,0,52,2,52,0,0,0,0,47,47,31,33,0,0,0,0,0,"NULL","NULL",25.692,-81.69833,1995-05-31,2007-07-11 10:24:31,3.87998808311603
"SERC","364",48,0,0,0,48,0,50,0,50,1,50,0,0,0,0,48,48,30,32,0,0,0,0,0,"NULL","NULL",25.69167,-81.53333,1995-05-31,2007-07-11 11:45:09,3.96249087200522
"SERC","365",48,0,0,0,48,0,49,0,50,2,50,0,0,0,0,48,48,31,32,0,0,0,0,0,"NULL","NULL",25.6085,-81.53933,1995-05-31,2007-07-11 12:34:11,3.96246037686244
"SERC","366",48,0,0,0,47,0,50,0,50,1,50,0,0,0,0,48,48,30,32,0,0,0,0,0,"NULL","NULL",25.526,-81.54883,1995-05-31,2007-07-11 13:20:51,3.96243135404895
"SERC","367",48,0,0,0,47,0,50,0,50,1,49,0,0,0,0,48,48,30,32,0,0,0,0,0,"NULL","NULL",25.4425,-81.555,1995-05-31,2007-07-11 14:06:20,3.96240306758021
"SERC","368",49,0,0,0,49,0,50,0,50,1,47,0,0,0,0,49,49,30,32,0,0,0,0,0,"NULL","NULL",25.3585,-81.56333,1995-05-31,2007-07-11 14:51:49,4.04492425613023
"SERC","369",49,0,0,0,49,0,50,0,50,1,49,0,0,0,0,49,49,30,32,0,0,0,0,0,"NULL","NULL",25.2755,-81.572,1995-05-31,2007-07-11 15:35:31,4.04489651332015
"SERC","37",191,0,0,1,191,0,380,0,379,76,379,0,0,0,0,191,191,191,191,0,0,0,0,0,"NULL","NULL",25.43168,-81.08238,1992-09-15,2008-09-25,11.917107960369
"SERC","370",49,0,0,0,49,0,50,0,49,1,50,0,0,0,0,49,49,30,32,0,0,0,0,0,"NULL","NULL",25.19183,-81.57917,1995-05-31,2007-07-11 16:21:32,4.04486730019275
"SERC","371",48,0,0,0,49,0,49,0,49,1,49,0,0,0,0,49,49,30,32,0,0,0,0,0,"NULL","NULL",25.10833,-81.58683,1995-05-31,2007-07-11 17:04:41,4.04483990731756
"SERC","372",49,0,0,0,49,0,49,0,49,1,49,0,0,0,0,49,49,30,32,0,0,0,0,0,"NULL","NULL",25.025,-81.59533,1995-05-31,2007-07-11 17:48:19,4.04481220798559
"SERC","373",49,0,0,0,49,0,49,0,49,1,48,0,0,0,0,49,49,30,32,0,0,0,0,0,"NULL","NULL",24.94217,-81.603,1995-05-31,2007-07-11 18:30:31,4.0447854189238
"SERC","374",48,0,0,0,48,0,47,0,49,1,49,0,0,0,0,48,48,30,32,0,0,0,0,0,"NULL","NULL",24.85883,-81.61083,1995-05-31,2007-07-11 19:18:32,3.96220891866556
"SERC","375",49,0,0,1,49,0,51,0,52,2,52,0,0,0,0,49,49,31,33,0,0,0,0,0,"NULL","NULL",24.77567,-81.61783,1995-05-31,2007-07-12 15:35:33,4.043982525447
"SERC","376",49,0,0,1,49,0,52,0,52,2,52,0,0,0,0,49,49,31,33,0,0,0,0,0,"NULL","NULL",24.84333,-81.43833,1995-05-31,2007-07-12 13:44:37,4.04405292005042
"SERC","377",49,0,0,0,49,0,48,0,48,1,48,0,0,0,0,49,49,30,32,0,0,0,0,0,"NULL","NULL",24.935,-81.43167,1995-05-31,2007-07-11 20:31:05,4.0447088837253
"SERC","378",49,0,0,0,49,0,50,0,50,1,48,0,0,0,0,49,49,30,32,0,0,0,0,0,"NULL","NULL",25.01667,-81.41583,1995-05-31,2007-07-11 21:09:54,4.04468424368956
"SERC","379",48,0,0,0,49,0,47,0,48,1,48,0,0,0,0,49,49,30,32,0,0,0,0,0,"NULL","NULL",25.1,-81.40883,1995-05-31,2007-07-11 21:53:10,4.04465677923752
"SERC","38",190,0,0,1,191,0,379,0,380,75,380,0,0,0,0,191,191,191,191,0,0,0,0,0,"NULL","NULL",25.41728,-80.99843,1992-09-15,2008-09-25,11.917107960369
"SERC","380",48,0,0,0,49,0,48,0,48,1,47,0,0,0,0,49,49,30,32,0,0,0,0,0,"NULL","NULL",25.18333,-81.4,1995-05-31,2007-07-11 22:38:50,4.04462779173819
"SERC","381",49,0,0,0,49,0,47,0,48,1,48,0,0,0,0,49,49,30,32,0,0,0,0,0,"NULL","NULL",25.26667,-81.395,1995-05-31,2007-07-11 23:24:01,4.04459911144978
"SERC","382",48,0,0,0,49,0,49,0,50,1,50,0,0,0,0,48,49,30,32,0,0,0,0,0,"NULL","NULL",25.35,-81.38667,1995-05-31,2007-07-12 00:06:14,4.0445723146316
"SERC","383",49,0,0,0,49,0,49,0,50,1,48,0,0,0,0,48,49,30,32,0,0,0,0,0,"NULL","NULL",25.4325,-81.37783,1995-05-31,2007-07-12 00:48:35,4.04454543353751
"SERC","384",47,0,0,0,49,0,48,0,48,1,48,0,0,0,0,48,49,30,32,0,0,0,0,0,"NULL","NULL",25.5155,-81.37,1995-05-31,2007-07-12 01:31:45,4.04451803444293
"SERC","385",49,0,0,0,48,0,49,0,50,1,50,0,0,0,0,48,48,30,32,0,0,0,0,0,"NULL","NULL",25.60017,-81.36317,1995-05-31,2007-07-12 02:18:06,4.04448861521065
"SERC","386",49,0,0,0,49,0,49,0,50,1,48,0,0,0,0,48,49,30,32,0,0,0,0,0,"NULL","NULL",25.5555,-81.3405,1995-05-31,2007-07-12 02:44:44,4.04447171071775
"SERC","387",49,0,0,0,49,0,50,0,50,1,47,0,0,0,0,48,49,30,31,0,0,0,0,0,"NULL","NULL",25.50883,-81.31683,1995-05-31,2007-07-12 03:14:54,4.04445256374691
"SERC","388",49,0,0,0,49,0,48,0,48,1,45,0,0,0,0,48,49,30,32,0,0,0,0,0,"NULL","NULL",25.425,-81.297,1995-05-31,2007-07-12 03:59:41,4.04442413982121
"SERC","389",49,0,0,0,49,0,48,0,48,1,48,0,0,0,0,48,49,30,32,0,0,0,0,0,"NULL","NULL",25.34167,-81.277,1995-05-31,2007-07-12 04:50:30,4.04439188703026
"SERC","39",190,0,0,1,191,0,381,0,380,76,380,0,0,0,0,191,191,191,191,0,0,0,0,0,"NULL","NULL",25.37892,-81.03073,1992-09-15,2008-09-25,11.917107960369
"SERC","390",49,0,0,0,49,0,48,0,48,1,47,0,0,0,0,48,49,30,32,0,0,0,0,0,"NULL","NULL",25.26,-81.26017,1995-05-31,2007-07-12 05:29:54,4.0443668806287
"SERC","391",48,0,0,0,49,0,48,0,47,1,48,0,0,0,0,49,49,30,32,0,0,0,0,0,"NULL","NULL",25.175,-81.23867,1995-05-31,2007-07-12 06:18:17,4.04433617310598
"SERC","392",48,0,0,0,49,0,49,0,50,1,50,0,0,0,0,49,49,30,32,0,0,0,0,0,"NULL","NULL",25.09167,-81.24833,1995-05-31,2007-07-12 07:02:38,4.04430802583459
"SERC","393",49,0,0,0,49,0,50,0,50,1,50,0,0,0,0,49,49,30,32,0,0,0,0,0,"NULL","NULL",25.00833,-81.25333,1995-05-31,2007-07-12 07:50:24,4.04427771057203
"SERC","394",49,0,0,0,49,0,49,0,49,1,49,0,0,0,0,49,49,30,31,0,0,0,0,0,"NULL","NULL",24.925,-81.26,1995-05-31,2007-07-12 12:20:10,4.0441065108544
"SERC","395",48,0,0,0,48,0,47,0,47,0,47,0,0,0,0,48,48,29,31,0,0,0,0,0,"NULL","NULL",24.87833,-81.19167,1995-05-31,2007-07-12 11:31:48,3.96160379198002
"SERC","396",47,0,0,0,48,0,43,0,43,0,45,0,0,0,0,48,48,29,32,0,0,0,0,0,"NULL","NULL",24.83333,-81.12833,1995-05-31,2007-09-13 01:32:00,3.90636150332085
"SERC","397",48,0,0,0,48,0,47,0,47,0,47,0,0,0,0,48,48,29,31,0,0,0,0,0,"NULL","NULL",24.91667,-81.11833,1995-05-31,2007-07-12 10:44:50,3.96163298917046
"SERC","398",47,0,0,0,48,0,45,0,45,0,45,0,0,0,0,48,48,29,31,0,0,0,0,0,"NULL","NULL",25,-81.11,1995-05-31,2007-07-12 10:00:31,3.96166053936259
"SERC","399",49,0,0,0,49,0,49,0,49,1,49,0,0,0,0,48,49,30,32,0,0,0,0,0,"NULL","NULL",25.08333,-81.09933,1995-05-31,2007-07-12 09:13:35,4.04422491909738
"SERC","4",219,0,0,11,218,0,427,0,429,77,428,0,0,0,0,219,219,212,216,0,0,0,0,0,"NULL","NULL",25.22173,-80.38832,1989-07-25,2008-09-15,11.4401816361556
"SERC","40",187,0,0,1,191,0,381,0,380,76,380,0,0,0,0,191,190,191,191,0,0,0,0,0,"NULL","NULL",25.34972,-81.12457,1992-09-15,2008-09-25,11.917107960369
"SERC","41",189,0,0,1,191,0,381,0,380,76,380,0,0,0,0,191,190,191,191,0,0,0,0,0,"NULL","NULL",25.33115,-81.07267,1992-09-15,2008-09-25,11.917107960369
"SERC","42",190,0,0,1,191,0,381,0,380,76,380,0,0,0,0,191,191,191,191,0,0,0,0,0,"NULL","NULL",25.326,-81.01455,1992-09-15,2008-09-25,11.917107960369
"SERC","43",191,0,0,1,191,0,381,0,380,76,380,0,0,0,0,191,190,191,191,0,0,0,0,0,"NULL","NULL",25.28613,-81.02365,1992-09-15,2008-09-25,11.917107960369
"SERC","44",190,0,0,1,191,0,381,0,380,76,380,0,0,0,0,191,190,191,191,0,0,0,0,0,"NULL","NULL",25.33187,-80.9837,1992-09-15,2008-09-25,11.917107960369
"SERC","45",178,0,0,1,179,0,357,0,356,64,356,0,0,0,0,179,179,179,179,0,0,0,0,0,"NULL","NULL",25.3009,-80.96033,1992-09-15,2007-09-11,11.9436883449032
"SERC","451",115,0,0,16,117,0,234,0,234,90,232,0,0,0,0,117,115,116,116,0,0,0,0,0,"NULL","NULL",25.9096,-81.6385,1999-01-26,2008-09-22,12.1163169832719
"SERC","452",115,0,0,16,117,0,234,0,234,90,232,0,0,0,0,117,115,116,116,0,0,0,0,0,"NULL","NULL",25.88192,-81.63322,1999-01-26,2008-09-22,12.1163169832719
"SERC","453",113,0,0,16,115,0,230,0,230,89,228,0,0,0,0,115,114,114,114,0,0,0,0,0,"NULL","NULL",25.9,-81.68333,1999-02-18,2008-09-22,11.9873715753425
"SERC","454",116,0,0,16,116,0,232,0,232,89,230,0,0,0,0,116,115,115,115,0,0,0,0,0,"NULL","NULL",25.906,-81.7276,1999-01-26,2008-09-22,12.0127587184576
"SERC","455",116,0,0,16,117,0,234,0,234,90,232,0,0,0,0,117,116,116,116,0,0,0,0,0,"NULL","NULL",25.97527,-81.75582,1999-01-26,2008-09-22,12.1163169832719
"SERC","456",114,0,0,16,116,0,232,0,232,89,230,0,0,0,0,116,114,116,115,0,0,0,0,0,"NULL","NULL",25.9622,-81.70795,1999-01-26,2008-09-22,12.1163169832719
"SERC","457",116,0,0,16,117,0,232,0,232,88,230,0,0,0,0,117,116,116,116,0,0,0,0,0,"NULL","NULL",25.952,-81.6874,1999-01-26,2008-09-22,12.1163169832719
"SERC","458",117,0,0,16,117,0,232,0,232,89,230,0,0,0,0,117,117,116,116,0,0,0,0,0,"NULL","NULL",25.93467,-81.65325,1999-01-26,2008-09-22,12.1163169832719
"SERC","459",117,0,0,16,117,0,232,0,232,89,230,0,0,0,0,117,117,116,115,0,0,0,0,0,"NULL","NULL",25.98818,-81.72913,1999-01-26,2008-09-22,12.1163169832719
"SERC","46",178,0,0,1,179,0,357,0,356,64,356,0,0,0,0,179,179,179,179,0,0,0,0,0,"NULL","NULL",25.28503,-80.9758,1992-09-15,2007-09-11,11.9436883449032
"SERC","460",116,0,0,16,115,0,230,0,232,89,230,0,0,0,0,116,116,116,116,0,0,0,0,0,"NULL","NULL",26.01553,-81.743,1999-01-26,2008-09-22,12.1163169832719
"SERC","461",117,0,0,14,117,0,234,0,234,89,232,0,0,0,0,117,116,116,116,0,0,0,0,0,"NULL","NULL",26.0294,-81.74873,1999-01-26,2008-09-22,12.1163169832719
"SERC","462",116,0,0,14,117,0,234,0,234,90,232,0,0,0,0,117,116,116,116,0,0,0,0,0,"NULL","NULL",26.04217,-81.76158,1999-01-26,2008-09-22,12.1163169832719
"SERC","463",117,0,0,15,117,0,234,0,234,90,232,0,0,0,0,117,115,116,116,0,0,0,0,0,"NULL","NULL",26.06305,-81.77813,1999-01-26,2008-09-22,12.1163169832719
"SERC","464",116,0,0,16,116,0,232,0,232,89,230,0,0,0,0,116,116,116,115,0,0,0,0,0,"NULL","NULL",26.1,-81.78718,1999-01-26,2008-09-22,12.0127587184576
"SERC","465",116,0,0,15,116,0,232,0,232,89,230,0,0,0,0,116,116,116,115,0,0,0,0,0,"NULL","NULL",26.09112,-81.81057,1999-01-26,2008-09-22,12.0127587184576
"SERC","466",116,0,0,16,117,0,234,0,234,90,232,0,0,0,0,117,117,116,116,0,0,0,0,0,"NULL","NULL",26.37845,-81.85938,1999-01-27,2008-09-23,12.1163169832719
"SERC","467",114,0,0,0,115,0,166,0,166,90,164,0,0,0,0,116,116,115,115,0,0,0,0,0,"NULL","NULL",26.29167,-81.82,1999-02-17,2008-09-23,12.0847119224187
"SERC","468",115,0,0,17,117,0,234,0,234,90,232,0,0,0,0,117,117,116,116,0,0,0,0,0,"NULL","NULL",26.40035,-81.88395,1999-01-27,2008-09-23,12.1163169832719
"SERC","469",117,0,0,17,117,0,234,0,234,90,232,0,0,0,0,117,117,116,115,0,0,0,0,0,"NULL","NULL",26.41667,-81.88,1999-01-27,2008-09-23,12.1163169832719
"SERC","47",190,0,0,1,191,0,381,0,380,76,380,0,0,0,0,190,190,191,191,0,0,0,0,0,"NULL","NULL",25.27965,-80.93077,1992-09-15,2008-09-25,11.917107960369
"SERC","470",117,0,0,17,117,0,234,0,234,90,232,0,0,0,0,117,117,116,116,0,0,0,0,0,"NULL","NULL",26.40732,-81.86485,1999-01-27,2008-09-23,12.1163169832719
"SERC","471",117,0,0,17,117,0,234,0,234,90,232,0,0,0,0,117,116,116,116,0,0,0,0,0,"NULL","NULL",26.46237,-82.00658,1999-01-27,2008-09-23,12.1163169832719
"SERC","472",116,0,0,17,117,0,234,0,234,90,232,0,0,0,0,117,117,116,116,0,0,0,0,0,"NULL","NULL",26.46925,-82.04573,1999-01-27,2008-09-23,12.1163169832719
"SERC","473",116,0,0,17,117,0,234,0,234,90,232,0,0,0,0,117,116,116,116,0,0,0,0,0,"NULL","NULL",26.5013,-82.0135,1999-01-27,2008-09-23,12.1163169832719
"SERC","474",116,0,0,17,117,0,234,0,234,90,232,0,0,0,0,116,115,116,116,0,0,0,0,0,"NULL","NULL",26.52302,-82.00525,1999-01-27,2008-09-23,12.1163169832719
"SERC","475",116,0,0,17,117,0,234,0,234,90,232,0,0,0,0,117,116,116,116,0,0,0,0,0,"NULL","NULL",26.5343,-82.05758,1999-01-27,2008-09-23,12.1163169832719
"SERC","476",116,0,0,17,117,0,234,0,234,90,232,0,0,0,0,117,116,116,116,0,0,0,0,0,"NULL","NULL",26.50813,-82.15157,1999-01-27,2008-09-23,12.1163169832719
"SERC","477",117,0,0,17,117,0,234,0,234,90,232,0,0,0,0,117,116,116,116,0,0,0,0,0,"NULL","NULL",26.5603,-82.1661,1999-01-27,2008-09-23,12.1163169832719
"SERC","478",117,0,0,17,117,0,234,0,234,90,232,0,0,0,0,117,116,116,116,0,0,0,0,0,"NULL","NULL",26.6347,-82.20543,1999-01-27,2008-09-23,12.1163169832719
"SERC","479",80,0,0,3,80,0,145,0,146,78,143,0,0,0,0,80,80,78,78,0,0,0,0,0,"NULL","NULL",26.0257,-81.7332,2002-02-14,2008-09-22,12.1144278606965
"SERC","48",190,0,0,1,191,0,381,0,380,76,380,0,0,0,0,191,191,191,191,0,0,0,0,0,"NULL","NULL",25.2408,-80.95793,1992-09-15,2008-09-25,11.917107960369
"SERC","49",190,0,0,1,191,0,381,0,380,76,380,0,0,0,0,191,191,191,190,0,0,0,0,0,"NULL","NULL",25.2284,-80.933,1992-09-15,2008-09-25,11.917107960369
"SERC","5",220,0,0,11,218,0,443,0,445,77,444,0,0,0,0,220,220,212,230,0,0,0,0,0,"NULL","NULL",25.17405,-80.42308,1989-06-27,2008-09-15,12.2270299145299
"SERC","50",178,0,0,0,179,0,357,0,356,64,354,0,0,0,0,178,178,178,178,0,0,0,0,0,"NULL","NULL",25.19087,-80.91413,1992-09-15,2007-09-11,11.9436883449032
"SERC","51",155,0,0,19,155,0,312,0,312,65,312,0,0,0,0,154,155,155,156,0,0,0,0,0,"NULL","NULL",25.8075,-81.3495,1994-09-28,2007-09-04 15:01:00,12.0600029896548
"SERC","52",165,0,0,19,167,0,336,0,336,77,336,0,0,0,0,168,168,168,168,0,0,0,0,0,"NULL","NULL",25.77,-81.38333,1994-09-28,2008-09-22,12.012920908379
"SERC","53",168,0,0,20,167,0,336,0,336,77,336,0,0,0,0,168,168,168,168,0,0,0,0,0,"NULL","NULL",25.78417,-81.33217,1994-09-28,2008-09-22,12.012920908379
"SERC","54",168,0,0,20,167,0,336,0,336,77,336,0,0,0,0,168,168,168,168,0,0,0,0,0,"NULL","NULL",25.7855,-81.30917,1994-09-28,2008-09-22,12.012920908379
"SERC","55",168,0,0,19,168,0,336,0,336,77,336,0,0,0,0,168,168,168,168,0,0,0,0,0,"NULL","NULL",25.796,-81.28,1994-09-28,2008-09-22,12.012920908379
"SERC","56",168,0,0,20,168,0,336,0,336,77,336,0,0,0,0,168,168,168,168,0,0,0,0,0,"NULL","NULL",25.753,-81.2555,1994-09-28,2008-09-22,12.012920908379
"SERC","57",159,0,0,20,159,0,318,0,318,68,318,0,0,0,0,159,159,159,159,0,0,0,0,0,"NULL","NULL",25.7175,-81.2305,1994-09-28,2007-12-04 11:07:00,12.0600547974285
"SERC","58",168,0,0,20,167,0,336,0,336,77,336,0,0,0,0,168,167,168,168,0,0,0,0,0,"NULL","NULL",25.70783,-81.25217,1994-09-28,2008-09-22,12.012920908379
"SERC","59",168,0,0,20,166,0,336,0,336,77,336,0,0,0,0,168,168,168,166,0,0,0,0,0,"NULL","NULL",25.69167,-81.29867,1994-09-28,2008-09-22,12.012920908379
"SERC","6",212,0,0,11,212,0,420,0,422,77,422,0,0,0,0,212,212,212,211,0,0,0,0,0,"NULL","NULL",25.20668,-80.4404,1991-03-14,2008-09-15,12.1083659108679
"SERC","60",154,0,0,19,155,0,310,0,310,65,310,0,0,0,0,155,155,155,155,0,0,0,0,0,"NULL","NULL",25.73133,-81.28467,1994-10-25,2007-09-04 15:01:00,12.0515668302294
"SERC","61",167,0,0,19,166,0,334,0,334,77,334,0,0,0,0,167,166,167,165,0,0,0,0,0,"NULL","NULL",25.7125,-81.207,1994-09-28,2008-09-22,11.9414154267815
"SERC","62",153,0,0,19,155,0,310,0,310,65,310,0,0,0,0,155,154,155,155,0,0,0,0,0,"NULL","NULL",25.67017,-81.16867,1994-09-28,2007-09-04 15:01:00,11.9826952781827
"SERC","63",167,0,0,19,167,0,332,0,334,77,334,0,0,0,0,167,166,167,167,0,0,0,0,0,"NULL","NULL",25.63333,-81.145,1994-09-28,2008-09-25,11.9344061827431
"SERC","64",168,0,0,20,168,0,336,0,336,77,336,0,0,0,0,168,168,168,168,0,0,0,0,0,"NULL","NULL",25.85327,-81.39337,1994-09-28,2008-09-22,12.012920908379
"SERC","65",167,0,0,20,168,0,336,0,336,77,336,0,0,0,0,168,168,168,168,0,0,0,0,0,"NULL","NULL",25.82718,-81.44108,1994-09-28,2008-09-22,12.012920908379
"SERC","66",166,0,0,20,168,0,336,0,336,77,336,0,0,0,0,168,168,168,168,0,0,0,0,0,"NULL","NULL",25.80483,-81.4625,1994-09-28,2008-09-22,12.012920908379
"SERC","67",164,0,0,20,166,0,330,0,330,74,330,0,0,0,0,166,164,165,166,0,0,0,0,0,"NULL","NULL",25.83033,-81.50283,1994-09-28,2008-09-23,11.8675866118614
"SERC","68",155,0,0,20,156,0,312,0,312,65,312,0,0,0,0,156,156,156,156,0,0,0,0,0,"NULL","NULL",25.84933,-81.54217,1994-09-28,2007-09-19 14:10:00,12.0219252426004
"SERC","69",167,0,0,19,168,0,336,0,336,77,336,0,0,0,0,168,168,168,168,0,0,0,0,0,"NULL","NULL",25.87417,-81.516,1994-09-28,2008-09-23,12.0105695830887
"SERC","7",210,0,0,11,212,0,420,0,422,77,422,0,0,0,0,212,211,212,212,0,0,0,0,0,"NULL","NULL",25.2536,-80.44415,1991-03-14,2008-09-15,12.1083659108679
"SERC","70",168,0,0,20,168,0,336,0,336,75,336,0,0,0,0,168,168,168,168,0,0,0,0,0,"NULL","NULL",25.9,-81.516,1994-09-28,2008-09-23,12.0105695830887
"SERC","71",166,0,0,20,168,0,336,0,336,77,336,0,0,0,0,168,167,168,168,0,0,0,0,0,"NULL","NULL",25.86678,-81.57482,1994-09-28,2008-09-23,12.0105695830887
"SERC","72",167,0,0,20,167,0,334,0,334,75,334,0,0,0,0,167,166,167,167,0,0,0,0,0,"NULL","NULL",25.89447,-81.55887,1994-09-28,2008-09-23,11.939078097475
"SERC","73",154,0,0,19,156,0,312,0,312,64,312,0,0,0,0,156,153,156,156,0,0,0,0,0,"NULL","NULL",25.882,-81.60633,1994-09-28,2007-09-19 13:14:00,12.0220238847031
"SERC","74",168,0,0,20,168,0,336,0,336,76,336,0,0,0,0,167,165,167,168,0,0,0,0,0,"NULL","NULL",25.91117,-81.61533,1994-09-28,2008-09-23,12.0105695830887
"SERC","75",168,0,0,19,168,0,336,0,336,76,336,0,0,0,0,168,164,167,168,0,0,0,0,0,"NULL","NULL",25.9298,-81.60032,1994-09-28,2008-09-23,12.0105695830887
"SERC","76",77,0,0,0,77,0,154,0,154,73,154,0,0,0,0,77,77,77,77,0,0,0,0,0,"NULL","NULL",25.8895,-81.4765,2002-02-21,2008-09-23,11.6892144638404
"SERC","8",220,0,0,11,219,0,428,0,430,77,429,0,0,0,0,220,220,212,216,0,0,0,0,0,"NULL","NULL",25.22737,-80.46167,1989-06-27,2008-09-15,11.4465811965812
"SERC","9",220,0,0,11,219,0,442,0,444,77,443,0,0,0,0,220,220,212,231,0,0,0,0,0,"NULL","NULL",25.17707,-80.49157,1989-06-27,2008-09-15,12.2270299145299
"SE_FL_WQAS","BAK020",0,140,0,0,198,0,16,198,10,8,0,16,10,197,196,0,196,198,0,0,198,0,0,90,".5000","8.0000",25.9,-80.119714,2017-09-25 14:45:00,2025-12-11 11:05:00,12.0578833533256
"SE_FL_WQAS","BAK021",0,128,0,0,198,0,16,198,10,8,0,16,10,198,196,0,196,198,0,0,198,0,0,95,".5000","5.0000",25.90451,-80.119714,2017-09-25 15:00:00,2025-12-11 11:35:00,12.0578414697263
"SE_FL_WQAS","BAK022",0,128,0,0,198,0,16,198,10,8,0,16,10,198,196,0,196,198,0,0,198,0,0,96,".5000","5.9000",25.89549,-80.119714,2017-09-25 14:20:00,2025-12-11 10:55:00,12.1796378482084
"SE_FL_WQAS","BAK023",0,140,0,0,198,0,16,198,10,8,0,16,10,198,196,0,196,198,0,0,198,0,0,96,".5000","7.1000",25.9,-80.11472,2017-09-25 14:35:00,2025-12-11 11:15:00,12.3014199835123
"SE_FL_WQAS","BAK024",0,126,0,0,198,0,16,198,10,8,0,16,10,198,196,0,196,198,0,0,198,0,0,96,".5000","7.7000",25.872983,-80.1045,2017-09-25 13:40:00,2025-12-11 10:15:00,12.1796378482084
"SE_FL_WQAS","BAK025",0,142,0,0,198,0,16,198,10,8,0,16,10,198,196,0,196,198,0,0,198,0,0,96,".5000","8.6000",25.88526,-80.11218,2017-09-25 14:05:00,2025-12-11 10:40:00,12.1796378482084
"SE_FL_WQAS","BAK026",0,126,0,0,198,0,16,198,10,8,0,16,10,198,196,0,196,198,0,0,198,0,0,96,".5000","9.9000",25.8757,-80.1049667,2017-09-25 13:55:00,2025-12-11 10:25:00,12.1796519503977
"SE_FL_WQAS","BAK027",0,128,0,0,198,0,16,198,10,8,0,16,10,198,196,0,196,198,0,0,198,0,0,95,".5000","8.9000",25.86261,-80.10401,2017-09-25 13:25:00,2025-12-11 10:00:00,12.1796378482084
"SE_FL_WQAS","BAK028",0,128,0,0,198,0,16,198,10,8,0,16,10,198,196,0,196,198,0,0,198,0,0,95,".5000","8.9917",25.95145,-80.102867,2017-09-25 15:20:00,2025-12-11 12:30:00,12.1795391337975
"SE_FL_WQAS","BAK029",0,142,0,0,198,0,16,198,10,8,0,16,10,198,196,0,196,198,0,0,198,0,0,95,".5000","8.3000",25.9345,-80.1025,2017-09-25 15:40:00,2025-12-11 12:10:00,12.1796519503977
"SE_FL_WQAS","BAK030",0,77,0,0,99,0,8,99,5,4,0,8,5,99,98,0,98,99,0,0,99,0,0,8,".5000",".5000",25.92075,-80.08608,2017-09-25 16:05:00,2025-12-11 09:20:00,12.1802019612543
"SE_FL_WQAS","BAK031",0,63,0,0,99,0,8,99,5,4,0,8,5,99,98,0,98,99,0,0,99,0,0,80,".5000",".5000",25.92525,-80.086083,2017-09-25 15:55:00,2025-12-11 09:10:00,12.3020039808668
"SE_FL_WQAS","BAK032",0,63,0,0,99,0,8,99,5,4,0,8,5,99,98,0,98,99,0,0,99,0,0,76,".5000",".5000",25.9149,-80.086083,2017-09-25 16:35:00,2025-12-11 09:40:00,12.3020324699611
"SE_FL_WQAS","BAK033",0,63,0,0,99,0,8,99,5,4,0,8,5,99,98,0,98,99,0,0,99,0,0,71,".5000",".5000",25.92075,-80.08108,2017-09-25 16:45:00,2025-12-11 09:30:00,12.3020894485454
"SE_FL_WQAS","BOC070",0,141,0,0,200,0,16,200,10,8,0,16,10,200,198,0,198,200,0,0,200,0,0,93,".5000","6.2000",26.335761,-80.069389,2017-09-26 15:05:00,2025-12-01 08:10:00,12.3473254453136
"SE_FL_WQAS","BOC071",0,128,0,0,200,0,16,200,10,8,0,16,10,200,198,0,198,200,0,0,200,0,0,97,".5000","4.1000",26.34027,-80.069389,2017-09-26 14:50:00,2025-12-01 07:40:00,12.4696196676654
"SE_FL_WQAS","BOC072",0,128,0,0,200,0,16,200,10,8,0,16,10,200,198,0,198,200,0,0,200,0,0,97,".5000","5.0000",26.33125,-80.069389,2017-09-26 14:25:00,2025-12-01 08:20:00,12.3471819503504
"SE_FL_WQAS","BOC073",0,141,0,0,200,0,16,200,10,8,0,16,10,200,198,0,198,200,0,0,200,0,0,94,".5000","8.9000",26.33576,-80.06438,2017-09-26 14:40:00,2025-12-01 08:00:00,12.4695327172316
"SE_FL_WQAS","BOC074",0,142,0,0,200,0,16,200,10,8,0,16,10,200,198,0,198,200,0,0,200,0,0,96,".5000","5.0000",26.32565,-80.0722167,2017-09-26 14:15:00,2025-12-01 08:30:00,12.3471245532991
"SE_FL_WQAS","BOC075",0,128,0,0,200,0,16,200,10,8,0,16,10,200,198,0,198,200,0,0,200,0,0,97,".5000","5.3000",26.2986,-80.074683,2017-09-20 13:20:00,2025-12-01 09:15:00,12.4440939292967
"SE_FL_WQAS","BOC076",0,143,0,0,199,0,16,200,10,8,0,16,10,200,198,0,198,200,0,0,200,0,0,96,".5000","9.9000",26.3369167,-80.0646833,2017-09-26 13:35:00,2025-12-01 07:50:00,12.3471245532991
"SE_FL_WQAS","BOC077",0,126,0,0,200,0,16,200,10,8,0,16,10,200,198,0,198,200,0,0,200,0,0,96,".5000","5.6000",26.309433,-80.07405,2017-09-26 13:50:00,2025-12-01 08:55:00,12.4692284002626
"SE_FL_WQAS","BOC078",0,128,0,0,200,0,16,200,10,8,0,16,10,200,198,0,198,200,0,0,200,0,0,96,".5000","5.6000",26.307717,-80.07425,2017-09-26 13:40:00,2025-12-01 09:05:00,12.4691704368098
"SE_FL_WQAS","BOC079",0,126,0,0,200,0,16,200,10,8,0,16,10,200,198,0,198,200,0,0,200,0,0,96,".5000","5.6000",26.3120667,-80.0738333,2017-09-26 14:00:00,2025-12-01 08:45:00,12.3470384587225
"SE_FL_WQAS","BOC080",0,78,0,0,100,0,8,100,5,4,0,8,5,100,99,0,99,100,0,0,100,0,0,11,".5000",".5000",26.35,-80.054444,2017-09-26 15:45:00,2025-12-01 07:10:00,12.3476124452461
"SE_FL_WQAS","BOC081",0,63,0,0,100,0,8,100,5,4,0,8,5,100,99,0,99,100,0,0,100,0,0,77,".5000",".5000",26.35,-80.04943,2017-09-26 15:55:00,2025-12-01 07:20:00,12.4698660338129
"SE_FL_WQAS","BOC082",0,63,0,0,100,0,8,100,5,4,0,8,5,100,99,0,99,100,0,0,100,0,0,83,".5000",".5000",26.35451,-80.05444,2017-09-26 16:00:00,2025-12-01 07:00:00,12.4699384962972
"SE_FL_WQAS","BOC083",0,63,0,0,100,0,8,100,5,4,0,8,5,100,99,0,99,100,0,0,100,0,0,80,".5000",".5000",26.34549,-80.05444,2017-09-26 16:20:00,2025-12-01 07:30:00,12.4699095112024
"SE_FL_WQAS","BOY090",0,138,0,0,198,0,16,198,10,8,0,16,10,198,196,0,196,198,0,0,198,0,0,96,".5000","4.1000",26.54417,-80.04057,2017-09-28 08:05:00,2025-12-17 08:40:00,12.1667902329794
"SE_FL_WQAS","BOY091",0,138,0,0,198,0,16,198,10,8,0,16,10,198,196,0,196,198,0,0,198,0,0,96,".5000","9.9000",26.54502,-80.0356,2017-09-28 08:35:00,2025-12-17 08:50:00,12.1668465229898
"SE_FL_WQAS","BOY092",0,126,0,0,198,0,16,198,10,8,0,16,10,198,196,0,196,198,0,0,198,0,0,96,".5000","9.9000",26.54954,-80.040578,2017-09-28 08:45:00,2025-12-17 09:00:00,12.1668465229898
"SE_FL_WQAS","BOY093",0,126,0,0,198,0,16,198,10,8,0,16,10,198,196,0,195,198,0,0,198,0,0,96,".5000","NULL",26.54051,-80.040578,2017-09-28 08:15:00,2025-12-17 08:30:00,12.1668465229898
"SE_FL_WQAS","BOY094",0,124,0,0,198,0,16,198,10,8,0,16,10,198,196,0,195,198,0,0,198,0,0,83,".5000","5.0000",26.56462,-80.02833333,2017-09-28 09:35:00,2025-12-17 09:20:00,12.1669309589821
"SE_FL_WQAS","BOY095",0,124,0,0,198,0,16,198,10,8,0,16,10,198,195,0,194,198,0,0,198,0,0,81,".5000","18.4000",26.48941699,-80.03825,2017-09-28 10:20:00,2025-12-17 08:10:00,12.1672546411428
"SE_FL_WQAS","BOY096",0,124,0,0,198,0,16,198,10,8,0,16,10,198,194,0,194,198,0,0,198,0,0,83,".5000","17.8000",26.58862,-80.02466667,2017-09-28 09:15:00,2025-12-17 09:30:00,12.1668465229898
"SE_FL_WQAS","BOY097",0,140,0,0,198,0,16,198,10,8,0,16,10,198,194,0,194,198,0,0,198,0,0,86,".5000","5.3000",26.50847,-80.03366667,2017-09-28 10:10:00,2025-12-17 08:20:00,12.167198347356
"SE_FL_WQAS","BOY098",0,126,0,0,198,0,16,198,10,8,0,16,10,198,194,0,194,198,0,0,198,0,0,77,".5000","18.7000",26.422417,-80.05043333,2017-09-28 11:00:00,2025-12-17 07:35:00,12.1674657474828
"SE_FL_WQAS","BOY099",0,124,0,0,198,0,16,198,10,8,0,16,10,198,194,0,194,198,0,0,198,0,0,88,".5000","19.0000",26.442217,-80.04741667,2017-09-28 10:40:00,2025-12-17 07:45:00,12.1673813040677
"SE_FL_WQAS","BOY100",0,126,0,0,198,0,16,198,10,8,0,16,10,198,194,0,194,198,0,0,198,0,0,77,".5000","19.0000",26.60867,-80.02316667,2017-09-28 09:05:00,2025-12-17 09:40:00,12.1667902329794
"SE_FL_WQAS","BOY101",0,140,0,0,198,0,16,198,10,8,0,16,10,198,194,0,194,198,0,0,198,0,0,86,".5000","7.4000",26.55159999,-80.030833,2017-09-28 09:50:00,2025-12-17 09:10:00,12.2886713364362
"SE_FL_WQAS","BOYPB4",0,25,0,0,26,0,8,26,5,4,0,8,5,26,25,0,25,26,0,0,26,0,0,12,".5000","17.5000",26.48779999,-80.039083,2023-11-20 06:35:00,2025-12-17 08:00:00,13.4910338446599
"SE_FL_WQAS","GOC001",0,128,0,0,166,0,16,166,10,8,0,16,10,166,164,0,164,166,0,0,166,0,0,80,".5000","6.5000",25.75649,-80.128425,2019-01-29 07:55:00,2025-12-03 09:35:00,12.1259631676898
"SE_FL_WQAS","GOC002",0,140,0,0,166,0,16,166,10,8,0,16,10,166,164,0,164,166,0,0,166,0,0,79,".5000","5.9000",25.761,-80.128425,2019-01-29 07:25:00,2025-12-03 09:45:00,12.1258284400051
"SE_FL_WQAS","GOC003",0,140,0,0,166,0,16,166,10,8,0,16,10,166,164,0,164,166,0,0,166,0,0,79,".5000","7.1000",25.76026,-80.12362,2019-01-29 07:45:00,2025-12-03 09:55:00,12.1258621216456
"SE_FL_WQAS","GOC004",0,128,0,0,166,0,16,166,10,8,0,16,10,166,164,0,164,166,0,0,166,0,0,80,".5000","6.2000",25.76551,-80.128425,2019-01-29 07:35:00,2025-12-03 10:05:00,12.1257947585517
"SE_FL_WQAS","GOC005",0,126,0,0,166,0,16,166,10,8,0,16,10,166,164,0,164,166,0,0,166,0,0,80,".5000","5.9000",25.84455,-80.10415,2019-01-29 10:05:00,2025-12-03 10:35:00,12.1261989483421
"SE_FL_WQAS","GOC006",0,142,0,0,166,0,16,166,10,8,0,16,10,166,164,0,164,166,0,0,166,0,0,80,".5000","NULL",25.7341421,-80.1002392,2019-01-29 08:05:00,2025-12-03 09:25:00,12.1260305326548
"SE_FL_WQAS","GOC007",0,128,0,0,165,0,16,165,10,8,0,16,10,165,163,0,163,165,0,0,165,0,0,79,".5000","NULL",25.8463667,-80.1032333,2019-01-29 10:15:00,2025-12-03 10:45:00,12.1261989483421
"SE_FL_WQAS","GOC008",0,142,0,0,166,0,16,166,10,8,0,16,10,166,164,0,164,166,0,0,166,0,0,80,".5000","6.2000",25.8351833,-80.1092833,2019-01-29 09:50:00,2025-12-03 10:20:00,12.1261989483421
"SE_FL_WQAS","GOC009",0,126,0,0,166,0,16,166,10,8,0,16,10,166,164,0,164,166,0,0,166,0,0,80,".5000","8.6000",25.6682173,-80.098742,2019-01-29 08:35:00,2025-12-03 09:05:00,12.1261989483421
"SE_FL_WQAS","GOC010",0,128,0,0,166,0,16,166,10,8,0,16,10,166,164,0,164,166,0,0,166,0,0,80,".5000","9.6000",25.6591635,-80.0948249,2019-01-29 08:45:00,2025-12-03 08:55:00,12.1262663159269
"SE_FL_WQAS","GOC011",0,126,0,0,166,0,16,166,10,8,0,16,10,166,164,0,164,166,0,0,166,0,0,80,".5000","7.7000",25.71883,-80.10008,2019-01-29 08:20:00,2025-12-03 09:15:00,12.1261147399137
"SE_FL_WQAS","GOC012",0,63,0,0,83,0,8,83,5,4,0,8,5,83,82,0,82,83,0,0,83,0,0,63,".5000",".5000",25.73743,-80.08611,2019-01-29 09:10:00,2025-12-03 08:40:00,12.1264010533421
"SE_FL_WQAS","GOC013",0,63,0,0,83,0,8,83,5,4,0,8,5,83,82,0,82,83,0,0,83,0,0,57,".5000",".5000",25.74194,-80.08113,2019-01-29 09:25:00,2025-12-03 08:30:00,12.1264852657471
"SE_FL_WQAS","GOC014",0,77,0,0,83,0,8,83,5,4,0,8,5,83,82,0,82,83,0,0,83,0,0,2,".5000",".5000",25.741944,-80.086111,2019-01-29 09:20:00,2025-12-03 08:20:00,12.2726045434091
"SE_FL_WQAS","GOC015",0,63,0,0,83,0,8,83,5,4,0,8,5,83,82,0,82,83,0,0,83,0,0,65,".5000",".5000",25.74646,-80.08611,2019-01-29 09:35:00,2025-12-03 08:10:00,12.2726897718418
"SE_FL_WQAS","GOCDC1",0,26,0,0,26,0,8,26,5,4,0,8,5,26,25,0,25,26,0,0,26,0,0,23,".5000","7.4000",25.84216665,-80.10403333,2023-11-13 12:40:00,2025-12-03 10:25:00,13.133130800283
"SE_FL_WQAS","HIL050",0,141,0,0,200,0,18,200,10,8,0,18,12,200,198,0,198,200,0,0,200,0,0,93,".5000","5.3341",26.256592,-80.080197,2017-09-27 14:40:00,2025-12-10 13:05:00,12.3134386999046
"SE_FL_WQAS","HIL051",0,128,0,0,200,0,18,200,10,8,0,18,12,200,198,0,198,200,0,0,200,0,0,96,".5000","8.0000",26.26111,-80.080197,2017-09-27 14:30:00,2025-12-10 12:10:00,12.435483646647
"SE_FL_WQAS","HIL052",0,128,0,0,200,0,18,200,10,8,0,18,12,200,198,0,198,200,0,0,200,0,0,96,".5000","NULL",26.25208,-80.080197,2017-09-27 14:50:00,2025-12-10 13:20:00,12.3134244289142
"SE_FL_WQAS","HIL053",0,141,0,0,200,0,18,200,10,8,0,18,12,200,198,0,198,200,0,0,199,0,0,92,".5000","9.9000",26.25659,-80.07519,2017-09-27 14:15:00,2025-12-10 12:35:00,12.3134529709282
"SE_FL_WQAS","HIL054",0,128,0,0,200,0,18,200,10,8,0,18,12,200,198,0,198,200,0,0,200,0,0,96,".5000","5.6000",26.28915,-80.0751167,2017-09-27 14:00:00,2025-12-10 11:40:00,12.3135671403074
"SE_FL_WQAS","HIL055",0,126,0,0,200,0,18,200,10,8,0,18,12,200,198,0,198,200,0,0,200,0,0,96,".5000","5.0293",26.21693,-80.0862,2017-09-27 12:55:00,2025-12-10 14:05:00,12.3129677746847
"SE_FL_WQAS","HIL056",0,126,0,0,200,0,18,200,10,8,0,18,12,200,198,0,198,200,0,0,200,0,0,96,".5000","5.0000",26.2286833,-80.0838167,2017-09-27 13:10:00,2025-12-10 13:55:00,12.3130391246754
"SE_FL_WQAS","HIL057",0,143,0,0,200,0,18,200,10,8,0,18,12,200,198,0,198,200,0,0,200,0,0,95,".5000","8.0000",26.2478667,-80.0782167,2017-09-27 13:30:00,2025-12-10 13:35:00,12.3131532863804
"SE_FL_WQAS","HIL058",0,128,0,0,200,0,18,200,10,8,0,18,12,200,198,0,198,200,0,0,200,0,0,95,".5000","5.3000",26.19612,-80.091,2017-09-27 12:40:00,2025-12-10 14:25:00,12.312867886087
"SE_FL_WQAS","HIL059",0,143,0,0,200,0,18,200,10,8,0,18,12,200,198,0,198,200,0,0,200,0,0,95,".5000","9.9000",26.2561667,-80.0769167,2017-09-27 13:40:00,2025-12-10 12:50:00,12.3133102621813
"SE_FL_WQAS","HIL060",0,78,0,0,100,0,9,100,5,4,0,9,6,100,99,0,99,100,0,0,100,0,0,8,".5000",".5000",26.254,-80.0621,2017-09-27 15:10:00,2025-12-10 10:55:00,12.1919756327386
"SE_FL_WQAS","HIL061",0,63,0,0,100,0,9,100,5,4,0,9,6,100,99,0,99,100,0,0,100,0,0,78,".5000",".5000",26.25851,-80.0621,2017-09-27 15:25:00,2025-12-10 11:20:00,12.313866845001
"SE_FL_WQAS","HIL062",0,63,0,0,100,0,9,100,5,4,0,9,6,100,99,0,99,100,0,0,100,0,0,77,".5000","NULL",26.24949,-80.0621,2017-09-27 15:35:00,2025-12-10 10:45:00,12.3139952943358
"SE_FL_WQAS","HIL063",0,63,0,0,100,0,9,100,5,4,0,9,6,100,99,0,99,100,0,0,100,0,0,68,".5000",".5000",26.254,-80.0571,2017-09-27 15:15:00,2025-12-10 11:10:00,12.313866845001
"SE_FL_WQAS","ILW110",0,141,0,0,198,0,16,198,10,8,0,16,10,198,198,0,198,198,0,0,198,0,0,92,".5000","8.6000",26.772447,-80.030381,2017-09-21 12:45:00,2025-12-21 12:20:00,12.2437645421031
"SE_FL_WQAS","ILW111",0,130,0,0,198,0,16,198,10,8,0,16,10,198,198,0,198,198,0,0,198,0,0,95,".5000","7.7000",26.77696,-80.030381,2017-09-21 12:35:00,2025-12-21 12:10:00,12.2437645421031
"SE_FL_WQAS","ILW112",0,130,0,0,198,0,16,198,10,8,0,16,10,198,198,0,198,198,0,0,198,0,0,95,".5000","7.7000",26.76794,-80.030381,2017-09-21 12:25:00,2025-12-21 12:40:00,12.2436516634457
"SE_FL_WQAS","ILW113",0,141,0,0,198,0,16,198,10,8,0,16,10,198,198,0,198,198,0,0,198,0,0,90,".5000","9.6000",26.77245,-80.02535,2017-09-21 13:00:00,2025-12-21 12:30:00,12.2437786520816
"SE_FL_WQAS","ILW114",0,130,0,0,198,0,16,198,10,8,0,16,10,198,198,0,198,198,0,0,198,0,0,94,".5000","5.0000",26.69742,-80.0304,2017-09-21 11:25:00,2025-12-21 13:30:00,12.2433412578693
"SE_FL_WQAS","ILW115",0,142,0,0,197,0,16,197,10,8,0,16,10,197,197,0,197,197,0,0,197,0,0,95,".5000","9.9000",26.70405,-80.03025,2017-09-21 11:50:00,2025-12-21 13:10:00,12.2434682400664
"SE_FL_WQAS","ILW116",0,141,0,0,198,0,16,198,10,8,0,16,10,198,198,0,198,198,0,0,198,0,0,95,".5000","7.1000",26.72168,-80.0315,2017-09-21 12:05:00,2025-12-21 13:00:00,12.2435387868696
"SE_FL_WQAS","ILW117",0,126,0,0,198,0,16,198,10,8,0,16,10,198,198,0,198,198,0,0,198,0,0,72,".5000","9.3000",26.6987,-80.016517,2017-09-21 10:55:00,2025-12-21 13:40:00,12.2432283870165
"SE_FL_WQAS","ILW118",0,128,0,0,198,0,16,198,10,8,0,16,10,198,198,0,198,198,0,0,198,0,0,95,".5000","9.6000",26.69683,-80.03033,2017-09-21 11:15:00,2025-12-21 13:50:00,12.3644769669557
"SE_FL_WQAS","ILW119",0,126,0,0,198,0,16,198,10,8,0,16,10,198,198,0,198,198,0,0,198,0,0,94,".5000","5.6000",26.6994667,-80.0301333,2017-09-21 11:35:00,2025-12-21 13:20:00,12.3646194534235
"SE_FL_WQAS","JUP120",0,141,0,0,198,0,16,198,10,8,0,16,10,198,198,0,198,198,0,0,198,0,0,92,".5000","5.9437",26.943797,-80.069106,2017-09-20 15:20:00,2025-12-21 10:10:00,11.9981197506826
"SE_FL_WQAS","JUP121",0,130,0,0,198,0,16,198,10,8,0,16,10,198,198,0,198,198,0,0,198,0,0,96,".5000","4.4196",26.94831,-80.069106,2017-09-20 14:45:00,2025-12-21 09:40:00,11.9981059275022
"SE_FL_WQAS","JUP122",0,130,0,0,198,0,16,198,10,8,0,16,10,198,198,0,198,198,0,0,198,0,0,96,".5000","7.1628",26.93929,-80.069106,2017-09-21 09:00:00,2025-12-21 10:00:00,12.0010786442272
"SE_FL_WQAS","JUP123",0,141,0,0,198,0,16,198,10,8,0,16,10,198,198,0,198,198,0,0,198,0,0,95,".5000","5.6000",26.9438,-80.06407,2017-09-20 15:00:00,2025-12-21 09:50:00,11.9981197506826
"SE_FL_WQAS","JUP124",0,143,0,0,198,0,16,198,10,8,0,16,10,198,198,0,198,197,0,0,198,0,0,95,".5000","14.1000",26.99485,-80.06685,2017-09-20 13:20:00,2025-12-21 09:20:00,11.9979262290549
"SE_FL_WQAS","JUP125",0,143,0,0,198,0,16,198,10,8,0,16,10,198,198,0,198,198,0,0,198,0,0,94,".5000","2.5908",27.00191699,-80.06595,2017-09-20 14:05:00,2025-12-21 09:10:00,12.1192709911483
"SE_FL_WQAS","JUP126",0,128,0,0,198,0,16,198,10,8,0,16,10,198,198,0,198,198,0,0,198,0,0,95,".5000","17.2000",27.0115833,-80.0678,2017-09-20 13:00:00,2025-12-21 09:00:00,11.9979262290549
"SE_FL_WQAS","JUP127",0,130,0,0,198,0,16,198,10,8,0,16,10,198,198,0,198,198,0,0,198,0,0,93,".5000","17.5000",27.01775,-80.07291667,2017-09-20 12:30:00,2025-12-21 08:40:00,11.9978985836177
"SE_FL_WQAS","JUP128",0,130,0,0,198,0,16,198,10,8,0,16,10,198,198,0,198,198,0,0,198,0,0,92,".5000","19.9000",27.02356699,-80.06655,2017-09-20 13:50:00,2025-12-21 08:30:00,12.119340805191
"SE_FL_WQAS","JUP129",0,128,0,0,198,0,16,198,10,8,0,16,10,198,198,0,198,198,0,0,198,0,0,90,".5000","19.0000",27.01596699,-80.06595,2017-09-20 14:25:00,2025-12-21 08:50:00,12.1193826940026
"SE_FL_WQAS","PEV040",0,140,0,0,198,0,16,198,10,8,0,16,10,198,196,0,196,198,0,0,198,0,0,92,".5000","16.3000",26.093006,-80.097333,2017-09-26 11:05:00,2025-12-08 13:55:00,12.1948448516915
"SE_FL_WQAS","PEV041",0,128,0,0,198,0,16,198,10,8,0,16,10,198,196,0,196,198,0,0,198,0,0,96,".5000","8.3000",26.09752,-80.097333,2017-09-26 11:30:00,2025-12-08 14:15:00,12.1948589891177
"SE_FL_WQAS","PEV042",0,128,0,0,198,0,16,198,10,8,0,16,10,198,196,0,196,198,0,0,198,0,0,96,".5000","9.3000",26.08849,-80.097333,2017-09-26 10:45:00,2025-12-08 13:40:00,12.1948307142981
"SE_FL_WQAS","PEV043",0,140,0,0,198,0,16,198,10,8,0,16,10,198,196,0,196,198,0,0,198,0,0,95,".5000","14.7000",26.09301,-80.09234,2017-09-26 11:15:00,2025-12-08 14:05:00,12.1948448516915
"SE_FL_WQAS","PEV044",0,128,0,0,198,0,16,198,10,8,0,16,10,198,196,0,196,198,0,0,198,0,0,96,".5000","NULL",26.159983,-80.090283,2017-09-26 12:10:00,2025-12-08 14:50:00,12.1948731265766
"SE_FL_WQAS","PEV045",0,142,0,0,198,0,16,198,10,8,0,16,10,198,196,0,196,198,0,0,198,0,0,95,".5000","NULL",26.112067,-80.098833,2017-09-26 11:40:00,2025-12-08 14:25:00,12.1948589891177
"SE_FL_WQAS","PEV046",0,142,0,0,198,0,16,198,10,8,0,16,10,198,196,0,196,198,0,0,198,0,0,95,".5000","6.8000",26.0206,-80.1119,2017-09-26 11:25:00,2025-12-08 13:30:00,12.07302236881
"SE_FL_WQAS","PEV047",0,126,0,0,198,0,16,197,10,8,0,16,10,198,196,0,196,198,0,0,198,0,0,95,".5000","9.6000",26.1484,-80.0952,2017-09-26 11:55:00,2025-12-08 14:40:00,12.1948589891177
"SE_FL_WQAS","PEV048",0,126,0,0,198,0,16,198,10,8,0,16,10,198,196,0,196,198,0,0,198,0,0,96,".5000","8.6000",25.9724,-80.1098,2017-09-26 11:45:00,2025-12-08 13:15:00,12.0731203438993
"SE_FL_WQAS","PEV049",0,128,0,0,198,0,16,198,10,8,0,16,10,198,196,0,196,198,0,0,198,0,0,96,".5000","9.9000",25.95423,-80.10117,2017-09-26 11:55:00,2025-12-08 13:05:00,12.0731763303786
"SE_FL_WQAS","PEV050",0,77,0,0,99,0,8,99,5,4,0,8,5,99,98,0,98,99,0,0,99,0,0,7,".5000",".5000",26.0163,-80.087,2017-09-26 12:15:00,2025-12-08 12:30:00,12.073330295874
"SE_FL_WQAS","PEV051",0,63,0,0,99,0,8,99,5,4,0,8,5,99,98,0,98,99,0,0,99,0,0,90,".5000",".5000",26.02081,-80.087,2017-09-26 12:25:00,2025-12-08 12:20:00,12.1953396811117
"SE_FL_WQAS","PEV052",0,63,0,0,99,0,8,99,5,4,0,8,5,99,98,0,98,99,0,0,99,0,0,87,".5000",".5000",26.01179,-80.087,2017-09-26 12:35:00,2025-12-08 12:50:00,12.1952831271455
"SE_FL_WQAS","PEV053",0,63,0,0,99,0,8,99,5,4,0,8,5,99,98,0,98,99,0,0,99,0,0,82,".5000","4.4196",26.0163,-80.082,2017-09-26 12:45:00,2025-12-08 12:40:00,12.1953396811117
"SE_FL_WQAS","PEVBC1",0,26,0,0,26,0,8,26,5,4,0,8,5,26,26,0,26,26,0,0,26,0,0,22,".5000","8.9000",26.14786665,-80.09596667,2023-11-09 09:25:00,2025-12-08 14:30:00,12.9723715521533
"SE_FL_WQAS","STL161",0,141,0,0,166,0,16,166,10,8,0,16,10,166,166,0,166,166,0,0,166,0,0,80,".5000","5.0000",27.165308,-80.163132,2019-01-18 07:40:00,2025-12-19 10:25:00,12.1407237338368
"SE_FL_WQAS","STL162",0,130,0,0,166,0,16,166,10,8,0,16,10,166,166,0,166,166,0,0,166,0,0,79,".5000","4.1000",27.162524,-80.148663,2019-01-18 08:30:00,2025-12-19 09:25:00,12.1410907312167
"SE_FL_WQAS","STL163",0,141,0,0,166,0,16,166,10,8,0,16,10,166,166,0,166,166,0,0,166,0,0,80,".5000","8.0000",27.16703,-80.144117,2019-01-18 08:15:00,2025-12-19 09:55:00,12.1409405932432
"SE_FL_WQAS","STL164",0,130,0,0,166,0,16,166,10,8,0,16,10,166,166,0,166,166,0,0,166,0,0,81,".5000","5.0000",27.171165,-80.15104,2019-01-18 07:55:00,2025-12-19 10:05:00,12.1408405033237
"SE_FL_WQAS","STL165",0,143,0,0,166,0,16,166,10,8,0,16,10,166,166,0,166,166,0,0,166,0,0,79,".5000","NULL",27.17298,-80.14978,2019-01-18 08:05:00,2025-12-19 10:15:00,11.9963066878079
"SE_FL_WQAS","STL166",0,143,0,0,166,0,16,166,10,8,0,16,10,166,166,0,166,166,0,0,166,0,0,80,".5000","6.8000",27.16066,-80.14328,2019-01-18 08:40:00,2025-12-19 09:45:00,12.1410573669017
"SE_FL_WQAS","STL167",0,130,0,0,166,0,16,166,10,8,0,16,10,166,166,0,166,166,0,0,166,0,0,80,".5000","8.9000",27.099317,-80.124467,2019-01-18 09:55:00,2025-12-19 08:20:00,12.1415912179477
"SE_FL_WQAS","STL168",0,130,0,0,166,0,16,166,10,8,0,16,10,166,166,0,166,166,0,0,166,0,0,80,".5000","9.3000",27.12218,-80.12798,2019-01-18 09:45:00,2025-12-19 08:30:00,12.1415244839996
"SE_FL_WQAS","STL169",0,128,0,0,166,0,16,166,10,8,0,16,10,166,166,0,166,166,0,0,166,0,0,80,".5000","5.3000",27.15402,-80.14882,2019-01-18 09:05:00,2025-12-19 09:15:00,12.1412408729036
"SE_FL_WQAS","STL170",0,128,0,0,166,0,16,166,10,8,0,16,10,166,166,0,166,166,0,0,166,0,0,80,".5000","8.6000",27.13447,-80.13192,2019-01-18 09:25:00,2025-12-19 08:55:00,12.1413743352982
"SE_FL_WQAS","STL171",0,128,0,0,166,0,16,166,10,8,0,16,10,166,166,0,166,166,0,0,166,0,0,80,".5000","6.2000",27.15983,-80.14485,2019-01-18 08:50:00,2025-12-19 09:35:00,12.1411240957151
"SE_FL_WQAS","STL172",0,128,0,0,166,0,16,166,10,8,0,16,10,166,166,0,166,166,0,0,166,0,0,80,".5000","6.8000",27.12525,-80.1298333,2019-01-18 09:35:00,2025-12-19 08:40:00,12.1414577507849
"SE_FL_WQAS","STLMC1",0,26,0,0,26,0,8,26,5,4,0,8,5,26,26,0,26,26,0,0,26,0,0,23,".5000","8.0000",27.13166665,-80.13403333,2023-11-07 08:15:00,2025-12-19 08:45:00,12.2849211696537
